https://www.youtube.com/watch?v=6YcMrLkEmAI,Nintenbro,Clairen,Kevorkian,Loxodont,Warped #5,Rivals 2,2024-04-28 16:00:04+00:00
https://www.youtube.com/watch?v=-lvxArCTxC8,BeatyBean,Ranno,CheesyPotato,Kragg,Warped #5,Rivals 2,2024-04-28 16:15:00+00:00
https://www.youtube.com/watch?v=E2zBqdgdvdw,Han-Solo Berger,Loxodont,Jut,Wrastor,Warped #5,Rivals 2,2024-04-28 16:30:04+00:00
https://www.youtube.com/watch?v=NJmIZ4dfjkM,Elu,Ranno,Switch,Maypul,Warped #5,Rivals 2,2024-04-28 16:45:00+00:00
https://www.youtube.com/watch?v=GpGpbo3Oxn0,SolarBeam,Loxodont,CheeseyPotato,Kragg,Warped #5,Pools - Winners Quarters,2024-04-28 17:00:08+00:00
https://www.youtube.com/watch?v=FwSzzofSjZc,Jut,Wrastor,Marcus,Fleet,Warped #5,Rivals 2,2024-04-28 17:15:00+00:00
https://www.youtube.com/watch?v=kAd-91fhQTw,Cherri,Fleet,Jut,Wrastor,Warped #5,Rivals 2,2024-04-28 17:45:03+00:00
https://www.youtube.com/watch?v=oiVHYg850cA,Jut,Wrastor,Switch,Maypul,Warped #5,Rivals 2,2024-04-28 18:00:30+00:00
https://www.youtube.com/watch?v=BHq5gFKZhKs,Cherri,Fleet,CheeseyPotato,Kragg,Warped #5,Rivals 2,2024-04-28 18:15:00+00:00
https://www.youtube.com/watch?v=RItntwQ4EhU,Cherri,Fleet,Jut,Wrastor,Warped #5,Rivals 2,2024-04-28 18:30:28+00:00
https://www.youtube.com/watch?v=dp8T8wrI2fk,Switch,Maypul,Jut,Wrastor,Warped #5,Rivals 2,2024-04-28 18:45:00+00:00
https://www.youtube.com/watch?v=MCfOwYGIZJM,Mystery Sol,Fleet,Riveriver,Zetterburn,Reign 12,Pools,2024-05-19 05:45:00+00:00
https://www.youtube.com/watch?v=TUcdUa6f8T4,EGG | Jed,Ranno,Albert,Wrastor,Reign 12,Pools,2024-05-19 06:00:12+00:00
https://www.youtube.com/watch?v=cU7Kob_GbXU,Albert,Wrastor,NNG | Evil Narduar,Loxodont,Reign 12,Pools,2024-05-19 06:30:19+00:00
https://www.youtube.com/watch?v=eKosPCOcC2Y,NNG | Evil Narduar,Loxodont,Riveriver,Zetterburn,Reign 12,Pools,2024-05-19 06:45:01+00:00
https://www.youtube.com/watch?v=aw-RWVBsvlE,GKO,Loxodont,Marshall,Kragg,Reign 12,Pools,2024-05-19 07:15:01+00:00
https://www.youtube.com/watch?v=RD3iOOD_bzk,Catosat,Zetterburn,Baguette Boy,Wrastor,Reign 12,Pools,2024-05-19 07:30:10+00:00
https://www.youtube.com/watch?v=ilhp6RSomNU,Kyb,Fleet,Catosat,Zetterburn,Reign 12,Pools,2024-05-19 08:00:32+00:00
https://www.youtube.com/watch?v=S68XdKatltQ,Soggurt,Kragg,Pikmon,Clairen,Reign 12,Pools,2024-05-19 08:15:02+00:00
https://www.youtube.com/watch?v=To-ZUsWkY9E,Pikmon,Clairen,Kyb,Fleet,Reign 12,Winners Semifinals,2024-05-19 09:00:31+00:00
https://www.youtube.com/watch?v=lZC4GQ3ROLw,Albert,Wrastor,Mystery Sol,Fleet,Reign 12,Winners Semifinals,2024-05-19 09:15:01+00:00
https://www.youtube.com/watch?v=Hk-TaVecZk4,Haze,Clairen,Soggurt,Kragg,Reign 12,Losers Eighths,2024-05-19 09:30:04+00:00
https://www.youtube.com/watch?v=Tx1FY0TTFSw,Pikmon,Clairen,Mystery Sol,Fleet,Reign 12,Winners Finals,2024-05-19 09:45:01+00:00
https://www.youtube.com/watch?v=ajHleQ58Pqk,Kyb,Fleet,Albert,Wrastor,Reign 12,Losers Semifinals,2024-05-19 10:00:02+00:00
https://www.youtube.com/watch?v=Y8eoCKtQAA8,Kyb,Fleet,Pikmon,Clairen,Reign 12,Losers Finals,2024-05-19 10:15:02+00:00
https://www.youtube.com/watch?v=GKWUh_Myz_g,Mystery Sol,Fleet,Pikmon,Clairen,Reign 12,Grand Finals,2024-05-19 10:30:07+00:00
https://www.youtube.com/watch?v=SCBzTbfdiWc,yc | Pip,Maypul,thewaffleman,Zetterburn,Chef&#39;s Choice #1,Winners Round 1,2024-07-06 14:00:21+00:00
https://www.youtube.com/watch?v=dK8Ut4xeJlo,Dizzle,Zetterburn,EXL | Prince Fluff,Loxodont,Chef&#39;s Choice #1,Winners Quarters,2024-07-06 14:30:15+00:00
https://www.youtube.com/watch?v=istJTgEXP08,yc | Pip,Maypul,RiDEL Castro,Loxodont,Chef&#39;s Choice #1,Winners Semis,2024-07-06 15:00:43+00:00
https://www.youtube.com/watch?v=61Yl2_0Gy2Q,Dizzle,Zetterburn,Winters,Maypul,Chef&#39;s Choice #1,Winners Semis,2024-07-06 15:15:00+00:00
https://www.youtube.com/watch?v=b3g3zuUXcO8,thewaffleman,Fleet,EXL | Prince Fluff,Loxodont,Chef&#39;s Choice #1,Losers Top 8,2024-07-06 15:30:10+00:00
https://www.youtube.com/watch?v=CsF2hPgtSTs,CyberHex,Clairen,OHNO | Rillabel,Loxodont,Chef&#39;s Choice #1,Losers Top 8,2024-07-06 15:45:00+00:00
https://www.youtube.com/watch?v=_lBb4jWGSew,yc | Pip,Maypul,EXL | Prince Fluff,Loxodont,Chef&#39;s Choice #1,Losers Quarters,2024-07-06 16:00:33+00:00
https://www.youtube.com/watch?v=ho9EcJkQOHk,Winters,Maypul,OHNO | Rillabel,Loxodont,Chef&#39;s Choice #1,Losers Quarters,2024-07-06 16:15:02+00:00
https://www.youtube.com/watch?v=cUOmJyeqerA,RiDEL Castro,Loxodont,Dizzle,Zetterburn,Chef&#39;s Choice #1,Winners Finals,2024-07-06 16:30:09+00:00
https://www.youtube.com/watch?v=bGTGMV7G_qk,yc | Pip,Maypul,Winters,Maypul,Chef&#39;s Choice #1,Losers Semis,2024-07-06 16:45:02+00:00
https://www.youtube.com/watch?v=cVzyYHJEMfI,Dizzle,Zetterburn,Winters,Maypul,Chef&#39;s Choice #1,Losers Finals,2024-07-06 17:00:22+00:00
https://www.youtube.com/watch?v=-6iinRHjgX8,RiDEL Castro,Loxodont,Winters,Maypul,Chef&#39;s Choice #1,Grand Finals,2024-07-06 17:15:00+00:00
https://www.youtube.com/watch?v=2F11ztF1DaI,firmiggio,Maypul,lilie,Maypul,Needles to Say 2,Winners Semis,2024-07-08 13:41:03+00:00
https://www.youtube.com/watch?v=SyVanHj6SXI,Lonke,Ranno,firmiggio,Maypul,Needles to Say 2,Winners Final,2024-07-08 13:41:14+00:00
https://www.youtube.com/watch?v=VULuv9Icb6g,lilie,Maypul,Solid,Zetterburn,Needles to Say 2,Losers Semis,2024-07-08 13:41:26+00:00
https://www.youtube.com/watch?v=idL3oFVVzdE,lilie,Maypul,firmiggio,Maypul,Needles to Say 2,Losers Final,2024-07-08 13:41:48+00:00
https://www.youtube.com/watch?v=LsFVDxt4joo,Lilie,Maypul,Lonke,Ranno,Needles to Say 2,Grand Final,2024-07-08 13:42:00+00:00
https://www.youtube.com/watch?v=d_ao4L34RiY,Anakin Skinwalker,Maypul,Riflip,Loxodont,Saturday Stadium 4 Golden,Winners Round 3,2024-07-24 22:06:14+00:00
https://www.youtube.com/watch?v=3ww5lt53_5M,Ateozc,Fleet,Lylak,Fleet,Saturday Stadium 4 Golden,Winners Round 2,2024-07-24 22:07:38+00:00
https://www.youtube.com/watch?v=cpjIC8IXDCI,Jamjust,Kragg,Arach-Knight,Wrastor,Saturday Stadium 4 Golden,Winners Round 3,2024-07-24 22:08:27+00:00
https://www.youtube.com/watch?v=jCga23Qx8ZI,Seth,Ranno,Brogan,Ranno,Saturday Stadium 4 Golden,Winners Semifinals,2024-07-24 22:08:57+00:00
https://www.youtube.com/watch?v=tOpSMu7SCMA,GREMLINMAN,Zetterburn,Seth,Ranno,Saturday Stadium 4 Golden,Losers Finals,2024-07-24 22:09:35+00:00
https://www.youtube.com/watch?v=VDfVdKz6T5s,Ploopy,Kragg,GREMLINMAN,Zetterburn,Saturday Stadium 4 Golden,Grand Finals,2024-07-24 22:10:22+00:00
https://www.youtube.com/watch?v=6q7l7bDS4gI,Ploopy,Kragg,Jamjust,Kragg,Saturday Stadium 4 Golden,Winners Quarters,2024-07-24 22:11:01+00:00
https://www.youtube.com/watch?v=5ApKUKFJPh4,GREMLINMAN,Zetterburn,Jank,Loxodont,Saturday Stadium 4 Golden,Losers Quarters,2024-07-24 22:11:43+00:00
https://www.youtube.com/watch?v=wp0jnne3UGs,Ploopy,Kragg,GREMLINMAN,Zetterburn,Saturday Stadium 4 Golden,Winners Semifinals,2024-07-24 22:12:47+00:00
https://www.youtube.com/watch?v=Ifwelseh_6o,Brogan,Ranno,Anakin Skinwalker,Maypul,Saturday Stadium 4 Golden,Losers Quarters,2024-07-24 22:13:14+00:00
https://www.youtube.com/watch?v=NeG9z0mgDVU,Ploopy,Kragg,Seth,Ranno,Saturday Stadium 4 Golden,Winners Finals,2024-07-24 22:13:43+00:00
https://www.youtube.com/watch?v=5Av_a1D5trg,GREMLINMAN,Zetterburn,Brogan,Ranno,Saturday Stadium 4 Golden,Losers Semifinals,2024-07-24 22:14:13+00:00
https://www.youtube.com/watch?v=r5RUOutItgU,Ant,Fleet,Seth,Ranno,Supernova 2024,,2024-08-10 15:21:44+00:00
https://www.youtube.com/watch?v=VP1wIySjb4Q,Sinbad,Maypul,CakeAssault,Fleet,Supernova 2024,,2024-08-10 15:23:44+00:00
https://www.youtube.com/watch?v=9yJvazXdhIg,Skyjay,Fleet,Codek,Ranno,Supernova 2024,,2024-08-10 15:25:47+00:00
https://www.youtube.com/watch?v=P-mKVRr8EJ8,Jackie Peanuts,Kragg,the government,Zetterburn,Supernova 2024,,2024-08-10 16:02:37+00:00
https://www.youtube.com/watch?v=4rbzGPxSnEw,XYK,Zetterburn,Anchor,Ranno,Supernova 2024,,2024-08-10 16:31:49+00:00
https://www.youtube.com/watch?v=yMTr9F1N7bo,RiDEL Castro,Loxodont,Stango,Zetterburn,Supernova 2024,,2024-08-10 16:40:58+00:00
https://www.youtube.com/watch?v=oKC_xM9BMVw,RiDEL Castro,Loxodont,MkLeo,Fleet,Supernova 2024,,2024-08-10 16:42:02+00:00
https://www.youtube.com/watch?v=fq5IQlyIVEQ,Lord Bagel,Loxodont,Lucius,Ranno,Supernova 2024,,2024-08-10 16:42:44+00:00
https://www.youtube.com/watch?v=CttD9abDAuk,Skyjay,Fleet,ZeeBee,Kragg,Supernova 2024,Winners Quarters,2024-08-10 16:59:15+00:00
https://www.youtube.com/watch?v=M15mTTZkXmo,SolarBeam,Loxodont,CakeAssault,Fleet,Supernova 2024,Winners Quarters,2024-08-10 17:00:33+00:00
https://www.youtube.com/watch?v=KCXFCfqLL7w,Switch,Maypul,Stango,Zetterburn,Supernova 2024,Winners Semis,2024-08-10 17:29:36+00:00
https://www.youtube.com/watch?v=EEOb1xmiNRo,Ant,Fleet,Codek,Ranno,Supernova 2024,Top 8,2024-08-10 18:32:01+00:00
https://www.youtube.com/watch?v=aUjO6fAKcZA,Zeebee,Kragg,CakeAssault,Fleet,Supernova 2024,Winners Semis,2024-08-10 18:36:37+00:00
https://www.youtube.com/watch?v=_n_9oIQTpJ0,Ant,Fleet,ZeeBee,Kragg,Supernova 2024,Losers Quarters,2024-08-10 18:40:06+00:00
https://www.youtube.com/watch?v=elgaJ2UR_3U,Stango,Clairen,CakeAssault,Fleet,Supernova 2024,Winners Finals,2024-08-11 19:21:01+00:00
https://www.youtube.com/watch?v=Kv_Ktbpgohs,Stango,Zetterburn,ZeeBee,Kragg,Supernova 2024,Losers Finals,2024-08-11 19:22:54+00:00
https://www.youtube.com/watch?v=pyWEkuL2EAw,Stango,Clairen,CakeAssault,Fleet,Supernova 2024,Grand Finals,2024-08-11 19:24:52+00:00
https://www.youtube.com/watch?v=3ehzX_B8uvU,malk,Kragg,elkiies,Maypul,Hitfall 3,,2024-09-07 05:54:04+00:00
https://www.youtube.com/watch?v=sXg-sOdpDHE,MSB,Kragg,TAILSEP,Wrastor,Hitfall 3,,2024-09-07 05:54:08+00:00
https://www.youtube.com/watch?v=L0dJpcdAtKY,Ulsi,Maypul,TAILSEP,Wrastor,Hitfall 3,,2024-09-07 05:54:12+00:00
https://www.youtube.com/watch?v=GkFfqzbyM1Y,Shadowhawke,Wrastor,T. Richard,Maypul,Hitfall 3,Top 8,2024-09-07 05:54:16+00:00
https://www.youtube.com/watch?v=0X0jfFRskRA,elkiies,Maypul,TAILSEP,Wrastor,Hitfall 3,Top 8,2024-09-07 05:54:21+00:00
https://www.youtube.com/watch?v=ASUpBjwTb7g,HealsGood,Clairen,Lucius,Ranno,Hitfall 3,Top 8,2024-09-07 05:54:24+00:00
https://www.youtube.com/watch?v=FekIcFdzEYs,MSB,Kragg,malk,Kragg,Hitfall 3,Top 8,2024-09-07 05:54:28+00:00
https://www.youtube.com/watch?v=XU87OSdNtLs,HealsGood,Clairen,elkiies,Maypul,Hitfall 3,Top 8,2024-09-07 05:54:31+00:00
https://www.youtube.com/watch?v=67tY_ZltlvI,T. Richard,Maypul,MSB,Kragg,Hitfall 3,Top 8,2024-09-07 05:54:35+00:00
https://www.youtube.com/watch?v=-jGaT2CwIKE,Lucius,Ranno,malk,Kragg,Hitfall 3,Winners FinalS,2024-09-07 05:54:40+00:00
https://www.youtube.com/watch?v=30bCkq1YihI,HealsGood,Clairen,MSB,Kragg,Hitfall 3,Losers Semis,2024-09-07 05:54:43+00:00
https://www.youtube.com/watch?v=LSLMA-udhqs,Seggo,Maypul,Boiko,Clairen,Riptide 202#4,,2024-09-07 17:06:07+00:00
https://www.youtube.com/watch?v=RcmXbdfyHhM,TAILSEP,Wrastor,Rongunshu,Clairen,Riptide 202#4,,2024-09-07 21:22:33+00:00
https://www.youtube.com/watch?v=5uJTeT1J5QI,Rongunshu,Clairen,Marlon,Wrastor,Riptide 202#4,Top 48,2024-09-07 23:31:02+00:00
https://www.youtube.com/watch?v=nnA4m8y0c00,NVR | Soulrifle211,Loxodont,Boiko,Clairen,Riptide 202#4,Top 8,2024-09-07 23:52:22+00:00
https://www.youtube.com/watch?v=o006bbUlF0E,NE | Zeebee,Kragg,Marlon,Wrastor,Riptide 202#4,Top 8,2024-09-08 00:17:56+00:00
https://www.youtube.com/watch?v=djwGBI2qFR0,CakeAssault,Fleet,VIBE | omar,Loxodont,Riptide 202#4,Top 8,2024-09-08 00:36:48+00:00
https://www.youtube.com/watch?v=hkbJeqBF9cQ,CakeAssault,Fleet,NVR | Soulrifle211,Loxodont,Riptide 202#4,Top 8,2024-09-08 01:06:30+00:00
https://www.youtube.com/watch?v=YkAZEUkQpz0,NE | Zeebee,Kragg,CakeAssault,Fleet,Riptide 202#4,Top 8,2024-09-08 01:47:45+00:00
https://www.youtube.com/watch?v=tqIs-UZra3M,Splippy,Orcane,EXL | Prince Fluff,Loxodont,Chef&#39;s Choice #3,Winners Round 2,2024-09-12 15:45:05+00:00
https://www.youtube.com/watch?v=3T7I_kJwG08,Dizzle,Zetterburn,WDR | Triforce!,Zetterburn,Chef&#39;s Choice #3,Winners Quarters,2024-09-12 16:15:00+00:00
https://www.youtube.com/watch?v=rlQvZ3O9GKw,Winters,Maypul,Azazel,Kragg,Chef&#39;s Choice #3,Winners Quarters,2024-09-12 16:30:12+00:00
https://www.youtube.com/watch?v=uIxP9V-bYxM,Splippy,Clairen,Takkun,Wrastor,Chef&#39;s Choice #3,Winners Semis,2024-09-12 16:45:02+00:00
https://www.youtube.com/watch?v=KTupIFUVaL8,Azazel,Kragg,Dizzle,Zetterburn,Chef&#39;s Choice #3,Winners Semis,2024-09-12 17:00:16+00:00
https://www.youtube.com/watch?v=_H95osga8DE,Splippy,Orcane,Azazel,Kragg,Chef&#39;s Choice #3,Winners Finals,2024-09-12 17:15:01+00:00
https://www.youtube.com/watch?v=KErSHeOZGg8,Dizzle,Zetterburn,OHNO | rillabel,Loxodont,Chef&#39;s Choice #3,Losers Quarters,2024-09-12 17:30:06+00:00
https://www.youtube.com/watch?v=9klBO2SJmcE,Dizzle,Zetterburn,Takkun,Wrastor,Chef&#39;s Choice #3,Losers Semis,2024-09-12 17:45:00+00:00
https://www.youtube.com/watch?v=a-zQQ-6aBAE,Azazel,Kragg,Dizzle,Zetterburn,Chef&#39;s Choice #3,Losers Finals,2024-09-12 18:00:01+00:00
https://www.youtube.com/watch?v=Uqre6Mjp54Q,Splippy,Orcane,Dizzle,Zetterburn,Chef&#39;s Choice #3,Grand Finals,2024-09-12 18:15:02+00:00
https://www.youtube.com/watch?v=B1Tle0acnlc,TPWolf,Zetterburn,White Jack Harlow,Loxodont,Tripoint Smash 252,Winners Round 1,2024-09-28 00:28:47+00:00
https://www.youtube.com/watch?v=JwDNHvuv52o,Star,Clairen,Ravenking,Wrastor,Tripoint Smash 252,Winners Quarters,2024-09-28 00:53:38+00:00
https://www.youtube.com/watch?v=hXoKSZI6rT8,Arach-Knight,Wrastor,Frosty,Fleet,Tripoint Smash 252,Winners Quarters,2024-09-28 01:04:49+00:00
https://www.youtube.com/watch?v=72NqIkW2dyQ,Star,Clairen,Jank,Loxodont,Tripoint Smash 252,Winners Semifinals,2024-09-28 01:30:45+00:00
https://www.youtube.com/watch?v=Qtns4fUeVLo,Frosty,Kragg,Serris,Ranno,Tripoint Smash 252,Winners Semifinals,2024-09-28 01:31:17+00:00
https://www.youtube.com/watch?v=7_M2G4R40JU,Kellyy,Fleet,MaNa,Kragg,Reads by the River #30,Winners Final,2024-10-04 18:32:13+00:00
https://www.youtube.com/watch?v=cUQW66Ni5vA,Watherum,Ranno,Crowbar,Zetterburn,Immortal Fight Night #198,Wnrs R1,2024-10-18 18:03:50+00:00
https://www.youtube.com/watch?v=DTRq8QlqV8Q,mars,Clairen,Reaper,Clairen,Immortal Fight Night #198,Wnrs Semis,2024-10-18 18:07:12+00:00
https://www.youtube.com/watch?v=f80MpfgadMY,Average Alex,Forsburn,Watherum,Ranno,Immortal Fight Night #198,Wnrs Semis,2024-10-18 18:07:52+00:00
https://www.youtube.com/watch?v=lfpQ2LgvPGc,Average Alex,Forsburn,Reaper,Clairen,Immortal Fight Night #198,Wnrs Final,2024-10-18 18:08:31+00:00
https://www.youtube.com/watch?v=Pxvy-OPp-TQ,mars,Clairen,Crowbar,Zetterburn,Immortal Fight Night #198,Lsrs Qrts,2024-10-18 18:09:03+00:00
https://www.youtube.com/watch?v=oqhzQsVALy0,Watherum,Ranno,mars,Clairen,Immortal Fight Night #198,Lsrs Semi,2024-10-18 18:11:45+00:00
https://www.youtube.com/watch?v=vXdvmQjxteU,Reaper,Clairen,Watherum,Ranno,Immortal Fight Night #198,Lsrs Final,2024-10-18 18:12:11+00:00
https://www.youtube.com/watch?v=Z5eyQxVAzQI,Average Alex,Forsburn,Reaper,Clairen,Immortal Fight Night #198,Grand Finals,2024-10-18 18:13:17+00:00
https://www.youtube.com/watch?v=k4Jdf-5Bry4,Chag,Maypul,Kata,Loxodont,First Attack 2024,Winners FinalS,2024-10-21 19:27:53+00:00
https://www.youtube.com/watch?v=R5qtVzv2dMs,Grim,Fleet,Jules,Orcane,First Attack 2024,Losers Semis,2024-10-21 19:27:57+00:00
https://www.youtube.com/watch?v=nuPo61nuccg,Kata,Loxodont,Jules,Orcane,First Attack 2024,Losers Finals,2024-10-21 19:28:00+00:00
https://www.youtube.com/watch?v=td-t44mKqcA,Pool,Maypul,BlackAce,Fleet,Reset The Bracket,Pools,2024-10-21 23:50:47+00:00
https://www.youtube.com/watch?v=8ZxduyFnfa8,Artik,Zetterburn,BlackAce,Fleet,Reset The Bracket,Pools,2024-10-22 00:08:41+00:00
https://www.youtube.com/watch?v=28_f6tvD9GE,Fruits,Ranno,Bluegx122,Clairen,Reset The Bracket,Pools,2024-10-22 00:10:35+00:00
https://www.youtube.com/watch?v=ElIbo2CjJN0,Chag,Maypul,Moe ÃƒÂ Ã‚Â¶Ã…Â¾,Loxodont,Reset The Bracket,Pools,2024-10-22 01:04:45+00:00
https://www.youtube.com/watch?v=9ZycPoYUPao,Chag,Maypul,RoxasBing,Clairen,Reset The Bracket,Pools,2024-10-22 01:05:08+00:00
https://www.youtube.com/watch?v=dd1i6zVlq30,Bluegx122,Clairen,Pool,Maypul,Reset The Bracket,Pools,2024-10-22 01:05:39+00:00
https://www.youtube.com/watch?v=No5cDefWIic,Ngak,Loxodont,PepeMcfly,Forsburn,Reset The Bracket,Pools,2024-10-22 01:06:10+00:00
https://www.youtube.com/watch?v=01H3lJKjjdQ,iDarkbay,Ranno,MkLeo,Forsburn,Reset The Bracket,Pools,2024-10-22 01:06:53+00:00
https://www.youtube.com/watch?v=B6CeGWwGSV8,Ngak,Loxodont,MkLeo,Forsburn,Reset The Bracket,Pools,2024-10-22 01:07:23+00:00
https://www.youtube.com/watch?v=doHeLtumVg0,Mushy,Kragg,Audible,Zetterburn,Reset The Bracket,Pools,2024-10-22 01:09:20+00:00
https://www.youtube.com/watch?v=9cb2UVo-YNo,Mushy,Kragg,MkLeo,Forsburn,Reset The Bracket,Pools,2024-10-22 01:22:54+00:00
https://www.youtube.com/watch?v=btPTcEGEras,Lucio,Zetterburn,MkLeo,Forsburn,Reset The Bracket,Winners Quarters,2024-10-22 20:19:52+00:00
https://www.youtube.com/watch?v=EUeyXA0_Wvs,Mushy,Kragg,Bluegx122,Clairen,Reset The Bracket,Winners Quarters,2024-10-22 20:23:21+00:00
https://www.youtube.com/watch?v=swku2ykcQ70,Lucio,Zetterburn,Pool,Maypul,Reset The Bracket,Winners Semis,2024-10-22 20:26:22+00:00
https://www.youtube.com/watch?v=VpKrm8Upge4,iDarkbay,Ranno,Moe ÃƒÂ Ã‚Â¶Ã…Â¾,Loxodont,Reset The Bracket,Losers Round 2,2024-10-22 20:28:39+00:00
https://www.youtube.com/watch?v=0ELnMTp_x04,Ngak,Loxodont,RoxasBing,Clairen,Reset The Bracket,Losers Round 2,2024-10-22 20:31:00+00:00
https://www.youtube.com/watch?v=BCXKwEInIyw,Chernan,Zetterburn,Artik,Loxodont,Reset The Bracket,Losers Round 2,2024-10-22 20:32:51+00:00
https://www.youtube.com/watch?v=h6wnbIHAMc8,Moe ÃƒÂ Ã‚Â¶Ã…Â¾,Loxodont,MkLeo,Forsburn,Reset The Bracket,Losers Round 3,2024-10-22 20:34:53+00:00
https://www.youtube.com/watch?v=sfpT5PESIjw,Bluegx122,Clairen,Chag,Maypul,Reset The Bracket,Winners Semis,2024-10-22 20:36:33+00:00
https://www.youtube.com/watch?v=xyRxbERQkdk,Ngak,Loxodont,Kytnalul,Ranno,Reset The Bracket,Losers Round 3,2024-10-22 20:37:59+00:00
https://www.youtube.com/watch?v=S5iuFQvg1E4,BlackAce,Loxodont,MkLeo,Forsburn,Reset The Bracket,Losers Round 4,2024-10-22 20:40:04+00:00
https://www.youtube.com/watch?v=QWnDWrkb2YI,Mushy,Kragg,Ngak,Loxodont,Reset The Bracket,Losers Round 4,2024-10-22 20:41:24+00:00
https://www.youtube.com/watch?v=kEwzfEXL5gQ,Mushy,Kragg,Artik,Zetterburn,Reset The Bracket,Losers Round 3,2024-10-22 20:42:51+00:00
https://www.youtube.com/watch?v=OZgKaNkj9Q0,Chag,Maypul,MkLeo,Forsburn,Reset The Bracket,Losers Quarters,2024-10-22 20:44:38+00:00
https://www.youtube.com/watch?v=2y517H6D0MI,Pool,Maypul,Mushy,Kragg,Reset The Bracket,Losers Quarters,2024-10-22 20:45:52+00:00
https://www.youtube.com/watch?v=DF-S1L853oA,Lucio,Zetterburn,Bluegx122,Clairen,Reset The Bracket,Winners Final,2024-10-22 20:48:51+00:00
https://www.youtube.com/watch?v=RYDq4Rw0hkE,Lucio,Zetterburn,MkLeo,Forsburn,Reset The Bracket,Losers Final,2024-10-22 20:50:21+00:00
https://www.youtube.com/watch?v=Qzbx4J3DEHw,Lucio,Zetterburn,Bluegx122,Clairen,Reset The Bracket,Grand Final,2024-10-22 20:52:09+00:00
https://www.youtube.com/watch?v=d6TPC2AJ4UU,Rooster,Fleet,Kcaj,Clairen,Appalachian Flood Relief Charity,,2024-10-23 04:46:10+00:00
https://www.youtube.com/watch?v=JjgRH_ZM75w,Kcaj,Clairen,Fritzy,Orcane,Appalachian Flood Relief Charity,,2024-10-23 04:46:55+00:00
https://www.youtube.com/watch?v=EtzuRiTYv-U,Oneoutkast,Kragg,Zeusdeegoose,Zetterburn,Appalachian Flood Relief Charity,,2024-10-23 04:48:00+00:00
https://www.youtube.com/watch?v=C2f08Z-vsl4,Oneoutkast,Kragg,Hazymoss,Wrastor,Appalachian Flood Relief Charity,,2024-10-23 04:49:13+00:00
https://www.youtube.com/watch?v=E_6f5BmHyGw,ConnieCasts,Kragg,Farko,Loxodont,Appalachian Flood Relief Charity,,2024-10-23 04:50:30+00:00
https://www.youtube.com/watch?v=JXDBUsd21GI,Sleep,Orcane,Mage,Clairen,Appalachian Flood Relief Charity,Top 8,2024-10-23 04:54:05+00:00
https://www.youtube.com/watch?v=BVXpE5gr3j0,Rooster,Fleet,ConnieCasts,Kragg,Appalachian Flood Relief Charity,Top 8,2024-10-23 04:56:44+00:00
https://www.youtube.com/watch?v=WA0NUHF6l8k,Cob,Loxodont,ConnieCasts,Kragg,Appalachian Flood Relief Charity,Top 8,2024-10-23 04:57:56+00:00
https://www.youtube.com/watch?v=FHhwugM081k,Rooster,Fleet,Oneoutkast,Kragg,Appalachian Flood Relief Charity,Winners FinalS,2024-10-23 04:59:05+00:00
https://www.youtube.com/watch?v=bjBXsBykbWc,Hazymoss,Wrastor,ConnieCasts,Kragg,Appalachian Flood Relief Charity,Losers Semis,2024-10-23 05:00:06+00:00
https://www.youtube.com/watch?v=2Zb_YpaGlNM,Rooster,Fleet,Hazymoss,Wrastor,Appalachian Flood Relief Charity,Losers Finals,2024-10-23 05:03:22+00:00
https://www.youtube.com/watch?v=33IFfYnv_x4,Oneoutkast,Kragg,Hazymoss,Wrastor,Appalachian Flood Relief Charity,Grand Finals,2024-10-23 05:04:58+00:00
https://www.youtube.com/watch?v=7X1p0kvbOBc,Nard,Clairen,BBatts,Fleet,Warped #6,Winners Quarters,2024-11-01 03:09:38+00:00
https://www.youtube.com/watch?v=ZduazgVYWEU,Nexplosion,Maypul,Lunar,Zetterburn,Warped #6,Winners Quarters,2024-11-01 03:09:41+00:00
https://www.youtube.com/watch?v=Jc-ny6_5ZGw,Cherri,Orcane,SolarBeam,Loxodont,Warped #6,Winners Quarters,2024-11-01 03:11:36+00:00
https://www.youtube.com/watch?v=-CqOUewa3gQ,Wisp,Clairen,CheeseyPotato,Kragg,Warped #6,Winners Quarters,2024-11-01 03:11:39+00:00
https://www.youtube.com/watch?v=1jq_EyVKuyg,Nard,Clairen,Haven,Maypul,Warped #6,Top 8 - Losers Round 1,2024-11-01 03:11:42+00:00
https://www.youtube.com/watch?v=aGbSOe-4M68,Nexplosion,Maypul,Wisp,Clairen,Warped #6,Top 8 - Losers Round 1,2024-11-01 03:13:29+00:00
https://www.youtube.com/watch?v=YiSAQj4IGcs,BBatts,Fleet,SolarBeam,Loxodont,Warped #6,Top 8 - Winners Semis,2024-11-01 03:13:31+00:00
https://www.youtube.com/watch?v=PfKgNgM555A,BBatts,Fleet,Wisp,Clairen,Warped #6,Grand Finals,2024-11-01 03:15:00+00:00
https://www.youtube.com/watch?v=Ps2RbfBHFqE,Lunar,Zetterburn,CheeseyPotato,Kragg,Warped #6,Top 8 - Winners Semis,2024-11-01 03:15:06+00:00
https://www.youtube.com/watch?v=mFiUoyjqEws,SolarBeam,Loxodont,Wisp,Clairen,Warped #6,Top 8 - Losers Quarters,2024-11-01 03:15:09+00:00
https://www.youtube.com/watch?v=cNIwH_oQT9I,BBatts,Fleet,CheeseyPotato,Kragg,Warped #6,Top 8 - Winners Finals,2024-11-01 03:15:10+00:00
https://www.youtube.com/watch?v=PaVv4zHKefg,Lunar,Zetterburn,Wisp,Clairen,Warped #6,Top 8 - Losers Semis,2024-11-01 03:15:12+00:00
https://www.youtube.com/watch?v=y_Hd3AoBPIE,CheeseyPotato,Kragg,Wisp,Clairen,Warped #6,Top 8 - Losers Finals,2024-11-01 03:15:14+00:00
https://www.youtube.com/watch?v=NijJbQs9ndk,Sh-Awe,Orcane,Ares,Zetterburn,Immortal Fight Night #200,Wnrs R1,2024-11-01 14:34:29+00:00
https://www.youtube.com/watch?v=4eTDkw49xoc,mars,Clairen,Ares,Zetterburn,Immortal Fight Night #200,Wnrs R2,2024-11-01 14:34:33+00:00
https://www.youtube.com/watch?v=aHgtvqQYJNQ,Toiler,Loxodont,Grunk,Forsburn,Immortal Fight Night #200,Wnrs R2,2024-11-01 14:34:37+00:00
https://www.youtube.com/watch?v=xYJa9v7-lZA,Sqibbo,Ranno,Ares,Zetterburn,Immortal Fight Night #200,Lsrs R1,2024-11-01 14:34:40+00:00
https://www.youtube.com/watch?v=q0W0bbKTBFg,Watherum,Ranno,John Fortnite,Maypul,Immortal Fight Night #200,Wnrs R2,2024-11-01 14:34:44+00:00
https://www.youtube.com/watch?v=7G2_mW8wBdw,mars,Clairen,Watherum,Ranno,Immortal Fight Night #200,Wnrs Semis,2024-11-01 14:34:48+00:00
https://www.youtube.com/watch?v=zd7wf7OEuyo,Hotel Pneumario,Loxodont,Sh-Awe,Orcane,Immortal Fight Night #200,Lsrs R1,2024-11-01 14:34:53+00:00
https://www.youtube.com/watch?v=l9bb3dMBo1w,Average Alex,Maypul,mars,Clairen,Immortal Fight Night #200,Wnrs Final,2024-11-01 14:34:56+00:00
https://www.youtube.com/watch?v=_RMkopipBpU,Hotel Pneumario,Loxodont,Toiler,Loxodont,Immortal Fight Night #200,Lsrs R2,2024-11-01 14:35:01+00:00
https://www.youtube.com/watch?v=gBN45JFVufQ,Watherum,Ranno,Toiler,Loxodont,Immortal Fight Night #200,Lsrs Qrts,2024-11-01 14:35:06+00:00
https://www.youtube.com/watch?v=JlhZmNYiK_0,Watherum,Ranno,Grunk,Forsburn,Immortal Fight Night #200,Lsrs Semi,2024-11-01 14:35:10+00:00
https://www.youtube.com/watch?v=PFBDLke5Dik,mars,Clairen,Grunk,Forsburn,Immortal Fight Night #200,Lsrs Final,2024-11-01 14:35:14+00:00
https://www.youtube.com/watch?v=i1LTPNJbkro,Average Alex,Maypul,Grunk,Forsburn,Immortal Fight Night #200,Grand Finals,2024-11-01 14:35:17+00:00
https://www.youtube.com/watch?v=195esiPXsME,AKW,Kragg,Mauripops,Kragg,Champions of Asia #2,Winners Round 2,2024-11-02 02:44:37+00:00
https://www.youtube.com/watch?v=f1FL8JKM_xs,niranoha,Fleet,Eros,Clairen,Champions of Asia #2,Winners Round 3,2024-11-02 02:44:37+00:00
https://www.youtube.com/watch?v=OqrZ-D1yhtU,AKW,Kragg,aMSa,Maypul,Champions of Asia #2,Winners Semi,2024-11-02 02:44:37+00:00
https://www.youtube.com/watch?v=tucV90i5PvE,niranoha,Fleet,NatsuPT,Loxodont,Champions of Asia #2,Winners Semi,2024-11-02 02:44:37+00:00
https://www.youtube.com/watch?v=cBkw2iIKG3A,NoStyle,Loxodont,Splash,Maypul,Champions of Asia #2,Losers Top 8 Round 1,2024-11-02 02:44:37+00:00
https://www.youtube.com/watch?v=sRsODoNmEr8,Eros,Clairen,AKW,Kragg,Champions of Asia #2,Losers Quarter,2024-11-02 02:44:37+00:00
https://www.youtube.com/watch?v=lwApJ5cq12s,niranoha,Fleet,aMSa,Maypul,Champions of Asia #2,Winners Finals,2024-11-02 02:44:37+00:00
https://www.youtube.com/watch?v=4mg-ucCTGGI,AKW,Kragg,Splash,Maypul,Champions of Asia #2,Losers Semi,2024-11-02 02:44:37+00:00
https://www.youtube.com/watch?v=BLLBoRphZpQ,AKW,Kragg,aMSa,Maypul,Champions of Asia #2,Losers Finals,2024-11-02 02:44:37+00:00
https://www.youtube.com/watch?v=Yh0WsVJOJ48,niranoha,Loxodont,aMSa,Maypul,Champions of Asia #2,Grand Finals,2024-11-02 02:44:37+00:00
https://www.youtube.com/watch?v=grVygKvdieU,liox0x0,Ranno,Rayne,Kragg,Chef&#39;s Choice #4,Winners Round 2,2024-11-02 15:00:57+00:00
https://www.youtube.com/watch?v=tGZgZSxTA4w,CPU0,Fleet,Ant,Ranno,LMM Miami 2024,,2024-11-02 15:03:02+00:00
https://www.youtube.com/watch?v=p-Udpf92FaA,Guard,Clairen,The Government,Zetterburn,LMM Miami 2024,,2024-11-02 15:04:08+00:00
https://www.youtube.com/watch?v=Um1GpE69ZUI,Marlon,Ranno,Necro Flyer,Wrastor,LMM Miami 2024,,2024-11-02 15:10:13+00:00
https://www.youtube.com/watch?v=kmGuCLet1-M,Lucky,Forsburn,Ant,Ranno,LMM Miami 2024,,2024-11-02 15:12:05+00:00
https://www.youtube.com/watch?v=5LWtlKQoNVI,Romeo,Clairen,Fabz,Orcane,LMM Miami 2024,,2024-11-02 15:13:08+00:00
https://www.youtube.com/watch?v=a7_R4GDhE7w,lucy! | T3MPRR,Ranno,also lucy! | Winters,Maypul,Chef&#39;s Choice #4,Winners Round 2,2024-11-02 15:15:01+00:00
https://www.youtube.com/watch?v=1Q8G67emkZU,Dimension,Kragg,Elpe,Maypul,LMM Miami 2024,,2024-11-02 15:15:40+00:00
https://www.youtube.com/watch?v=hzddd9YACqk,Sinbad,Maypul,AppleWiz,Wrastor,LMM Miami 2024,,2024-11-02 15:19:27+00:00
https://www.youtube.com/watch?v=VOI7T6xKoZE,Elpe,Maypul,Anakin Skinwalker,Clairen,LMM Miami 2024,,2024-11-02 15:20:46+00:00
https://www.youtube.com/watch?v=Dhbd2nX6yPE,Marss,Ranno,Mango,Zetterburn,LMM Miami 2024,,2024-11-02 15:21:50+00:00
https://www.youtube.com/watch?v=POBLQ11pRHc,Marss,Ranno,Fabz,Orcane,LMM Miami 2024,,2024-11-02 15:22:01+00:00
https://www.youtube.com/watch?v=UiWF8Ql1nfo,Mango,Zetterburn,AFMBot,Kragg,LMM Miami 2024,,2024-11-02 15:22:05+00:00
https://www.youtube.com/watch?v=fBpcrLxvbfU,MkLeo,Forsburn,edgintheledge,Maypul,LMM Miami 2024,,2024-11-02 15:22:10+00:00
https://www.youtube.com/watch?v=HZj1MxK3WD4,Takkun,Wrastor,NEU | saucymain,Clairen,Chef&#39;s Choice #4,Winners Round 2,2024-11-02 15:30:06+00:00
https://www.youtube.com/watch?v=wTfWBMleeRs,Dizzle,Zetterburn,lioX0X0,Ranno,Chef&#39;s Choice #4,Winners Quarters,2024-11-02 15:45:05+00:00
https://www.youtube.com/watch?v=iStdWXmE6L8,yc | Pip,Maypul,Takkun,Wrastor,Chef&#39;s Choice #4,Winners Quarters,2024-11-02 16:15:04+00:00
https://www.youtube.com/watch?v=LwUMWqR2kDI,melee.boston | Puunk_,Orcane,Winters,Maypul,Chef&#39;s Choice #4,Winners Quarters,2024-11-02 16:30:05+00:00
https://www.youtube.com/watch?v=lM-NbsEQG9M,Dizzle,Zetterburn,EXL | Prince Fluff,Loxodont,Chef&#39;s Choice #4,Winners Semis,2024-11-02 16:45:04+00:00
https://www.youtube.com/watch?v=8d3-YyD4aqM,Winters,Maypul,Takkun,Wrastor,Chef&#39;s Choice #4,Winners Semis,2024-11-02 17:00:09+00:00
https://www.youtube.com/watch?v=TELQnn1PELM,Winters,Maypul,yc | Pip,Maypul,Chef&#39;s Choice #4,Losers Semis,2024-11-02 17:30:04+00:00
https://www.youtube.com/watch?v=8a6MKcFSc_w,EXL | Prince Fluff,Loxodont,yc | Pip,Maypul,Chef&#39;s Choice #4,Losers Finals,2024-11-02 17:45:01+00:00
https://www.youtube.com/watch?v=YgZN_yRMRyM,EXL | Prince Fluff,Loxodont,yc | Pip,Maypul,Chef&#39;s Choice #4,Grand Finals,2024-11-02 18:00:16+00:00
https://www.youtube.com/watch?v=1cytNfxNgCI,MK | Longo,Orcane,Guthix,Kragg,CG Rivals 2 Launch,EU Losers Top 12,2024-11-02 21:33:41+00:00
https://www.youtube.com/watch?v=3aYrXP_9Hkg,C.Falcon,Zetterburn,Humanlime,Wrastor,CG Rivals 2 Launch,EC Losers Top 24,2024-11-02 21:33:41+00:00
https://www.youtube.com/watch?v=FIm-Gxn0fRM,NNG | Evil Nardwuar,Loxodont,Mystery Sol,Fleet,CG Rivals 2 Launch,WC Grand Finals,2024-11-02 21:33:41+00:00
https://www.youtube.com/watch?v=0i33JM0tdrY,Bleblemic,Forsburn,Neylax,Zetterburn,CG Rivals 2 Launch,EU Losers Quarterfinals,2024-11-02 21:33:41+00:00
https://www.youtube.com/watch?v=-f2KAVjTfnY,L7 | Bbatts,Fleet,Soulrifle211,Forsburn,CG Rivals 2 Launch,EC Grand Finals,2024-11-02 21:33:41+00:00
https://www.youtube.com/watch?v=EMK9flkN01Y,Neylax,Zetterburn,TSM | Leffen,Orcane,CG Rivals 2 Launch,EU Winners Quarterfinals,2024-11-02 21:33:41+00:00
https://www.youtube.com/watch?v=7P6220iRaOs,GRL | Plastic Dinos,Forsburn,Rymo,Forsburn,CG Rivals 2 Launch,WC Losers Semifinals,2024-11-02 21:33:41+00:00
https://www.youtube.com/watch?v=UehCPLzLJM4,TSM | Leffen,Orcane,Neylax,Zetterburn,CG Rivals 2 Launch,EU Losers Semifinals,2024-11-02 21:33:43+00:00
https://www.youtube.com/watch?v=XTk_RohEVdU,Spider,Zetterburn,Kouto,Ranno,CG Rivals 2 Launch,EU Winners Semifinals,2024-11-02 21:33:43+00:00
https://www.youtube.com/watch?v=NYAhNabaAdg,NNG | Evil Nardwuar,Loxodont,Mystery Sol,Fleet,CG Rivals 2 Launch,WC Winners Finals,2024-11-02 21:33:44+00:00
https://www.youtube.com/watch?v=FJ2SxyGWru4,Shadowhawke,Wrastor,Bowler,Clairen,CG Rivals 2 Launch,EC Pools,2024-11-02 21:33:44+00:00
https://www.youtube.com/watch?v=SXHfvaqQgus,L7 | Bbatts,Fleet,zaqk,Orcane,CG Rivals 2 Launch,EC Losers Finals,2024-11-02 21:33:44+00:00
https://www.youtube.com/watch?v=K8sCdUkhQmU,Mystery Sol,Fleet,Rymo,Forsburn,CG Rivals 2 Launch,WC Winners Semifinals,2024-11-02 21:33:44+00:00
https://www.youtube.com/watch?v=RR-gPJju4UM,zaqk,Orcane,Soulrifle211,Loxodont,CG Rivals 2 Launch,EC Winners Finals,2024-11-02 21:33:44+00:00
https://www.youtube.com/watch?v=ZtdCaiMGMSU,BKROG | Mr.R,Wrastor,Neylax,Zetterburn,CG Rivals 2 Launch,EU Grand Finals,2024-11-02 21:33:44+00:00
https://www.youtube.com/watch?v=lSZjU1oc640,L7 | Bbatts,Fleet,Shadow,Fleet,CG Rivals 2 Launch,EC Losers Top 12,2024-11-02 21:33:46+00:00
https://www.youtube.com/watch?v=g5Y2G5-M12s,BKROG | Mr.R,Wrastor,Sheush,Zetterburn,CG Rivals 2 Launch,EU Winners Top 24,2024-11-02 21:33:46+00:00
https://www.youtube.com/watch?v=e1_GEfNpLco,FzP | SolarBeam,Loxodont,dsfargeg,Zetterburn,CG Rivals 2 Launch,EC Winners Top 24,2024-11-02 21:33:46+00:00
https://www.youtube.com/watch?v=k4x2CAnZ15A,Soulrifle211,Forsburn,Shadowhawke,Wrastor,CG Rivals 2 Launch,EC Winners Semifinals,2024-11-02 21:33:46+00:00
https://www.youtube.com/watch?v=a8cBzI5q2Ms,NNG | Evil Nardwuar,Loxodont,Rymo,Forsburn,CG Rivals 2 Launch,WC Losers Finals,2024-11-02 21:33:46+00:00
https://www.youtube.com/watch?v=gwmpy_J41ek,zaqk,Orcane,DTL | Kero,Loxodont,CG Rivals 2 Launch,EC Winners Semifinals,2024-11-02 21:33:46+00:00
https://www.youtube.com/watch?v=pcyyC1UReEg,Dox,Clairen,Oneoutkast,Kragg,CG Rivals 2 Launch,WC Losers Eighths,2024-11-02 21:33:48+00:00
https://www.youtube.com/watch?v=wMXnztDScFo,GRL | Plastic Dinos,Forsburn,NNG | Evil Nardwuar,Loxodont,CG Rivals 2 Launch,WC Winners Semifinals,2024-11-02 21:33:48+00:00
https://www.youtube.com/watch?v=yEoGwrmrn9E,Focus Miss,Ranno,SSP | Snormanda,Forsburn,CG Rivals 2 Launch,EU Winners Top 24,2024-11-02 21:33:48+00:00
https://www.youtube.com/watch?v=xoy-GxCiNOw,Lucky,Forsburn,MkLeo,Forsburn,LMM Miami 2024,,2024-11-03 17:27:57+00:00
https://www.youtube.com/watch?v=JsyRGv_sPy4,Marss,Ranno,elpe,Maypul,LMM Miami 2024,,2024-11-03 17:30:15+00:00
https://www.youtube.com/watch?v=aFsDlVjHkcs,sinbad,Maypul,Renzo,Orcane,LMM Miami 2024,,2024-11-03 17:30:37+00:00
https://www.youtube.com/watch?v=OZEfpeLcYUE,Ant,Ranno,Renzo,Orcane,LMM Miami 2024,,2024-11-03 17:38:43+00:00
https://www.youtube.com/watch?v=qe9bGsnxFMg,Ant,Ranno,Kopter,Orcane,LMM Miami 2024,Top 8,2024-11-03 17:40:03+00:00
https://www.youtube.com/watch?v=SKAaCc8d7QE,Nogh,Loxodont,AppleWiz,Wrastor,LMM Miami 2024,Top 8,2024-11-03 17:40:10+00:00
https://www.youtube.com/watch?v=S8U_woA-p1A,sinbad,Maypul,Guard,Clairen,LMM Miami 2024,Top 8,2024-11-03 17:49:59+00:00
https://www.youtube.com/watch?v=WfzXIDiPPrc,MkLeo,Forsburn,elpe,Maypul,LMM Miami 2024,Top 8,2024-11-03 17:52:55+00:00
https://www.youtube.com/watch?v=BAVSxRpWCBM,Nogh,Loxodont,Guard,Clairen,LMM Miami 2024,Top 8,2024-11-03 17:57:12+00:00
https://www.youtube.com/watch?v=r3y0M3jMo68,Ant,Ranno,elpe,Maypul,LMM Miami 2024,Top 8,2024-11-03 17:57:41+00:00
https://www.youtube.com/watch?v=0C28Qwlw98g,MkLeo,Forsburn,sinbad,Maypul,LMM Miami 2024,Winners FinalS,2024-11-03 18:12:08+00:00
https://www.youtube.com/watch?v=4vJJ4xGhcPk,Nogh,Loxodont,elpe,Maypul,LMM Miami 2024,Losers Semis,2024-11-03 18:14:26+00:00
https://www.youtube.com/watch?v=9HjvGFdAcJ0,Nogh,Loxodont,MkLeo,Forsburn,LMM Miami 2024,Losers Finals,2024-11-03 18:14:59+00:00
https://www.youtube.com/watch?v=t0QOJf320xQ,Nogh,Loxodont,sinbad,Maypul,LMM Miami 2024,Grand Finals,2024-11-03 18:15:36+00:00
https://www.youtube.com/watch?v=J1ALDhYL-40,ZeeBee,Kragg,Grunk,Forsburn,Immortal Fight Night #201,Grand Finals,2024-11-05 12:29:59+00:00
https://www.youtube.com/watch?v=Rtt5JS4tGTk,Reaper,Forsburn,Grunk,Forsburn,Immortal Fight Night #201,Lsrs Final,2024-11-05 12:30:01+00:00
https://www.youtube.com/watch?v=CyrXgDUfR8g,Watherum,Ranno,Reaper,Forsburn,Immortal Fight Night #201,Lsrs Semi,2024-11-05 12:30:03+00:00
https://www.youtube.com/watch?v=o1tDu40VyFc,Watherum,Ranno,Monocle Gentlesir,Maypul,Immortal Fight Night #201,Lsrs R2,2024-11-05 12:30:05+00:00
https://www.youtube.com/watch?v=1sUZO4ky0Rk,Ares,Zetterburn,Monocle Gentlesir,Maypul,Immortal Fight Night #201,Lsrs R1,2024-11-05 12:30:08+00:00
https://www.youtube.com/watch?v=GBsXXPi6UpQ,Grunk,Forsburn,ZeeBee,Kragg,Immortal Fight Night #201,Wnrs Final,2024-11-05 12:30:10+00:00
https://www.youtube.com/watch?v=v9DFYe8Bm9M,Watherum,Ranno,mars,Clairen,Immortal Fight Night #201,Wnrs R1,2024-11-05 12:30:14+00:00
https://www.youtube.com/watch?v=DRhzVmikz14,ZeeBee,Kragg,Sqibbo,Ranno,Immortal Fight Night #201,Wnrs R1,2024-11-05 12:30:16+00:00
https://www.youtube.com/watch?v=p9F6h8Fpw0Y,Lui$,Wrastor,drybie,Ranno,The Throne 2,,2024-11-09 01:04:55+00:00
https://www.youtube.com/watch?v=JWn35fjupP8,drybie,Ranno,MkLeo,Forsburn,The Throne 2,Top 8,2024-11-09 01:07:27+00:00
https://www.youtube.com/watch?v=w6s9r2kaDAs,Marss,Ranno,Coney,Loxodont,The Throne 2,Top 8,2024-11-09 01:08:15+00:00
https://www.youtube.com/watch?v=38N0yhwI6sw,drybie,Ranno,Max Ketchum,Fleet,The Throne 2,Top 8,2024-11-09 01:09:12+00:00
https://www.youtube.com/watch?v=UfEmRP0uUss,MkLeo,Forsburn,VoiD,Forsburn,The Throne 2,Winners FinalS,2024-11-09 01:10:32+00:00
https://www.youtube.com/watch?v=fivJlabY1QM,Marss,Ranno,Max Ketchum,Fleet,The Throne 2,Losers Semis,2024-11-09 01:11:34+00:00
https://www.youtube.com/watch?v=XFCFiVn4-g4,Marss,Ranno,MkLeo,Forsburn,The Throne 2,Losers Finals,2024-11-09 01:12:48+00:00
https://www.youtube.com/watch?v=v04Gmzr3Gms,VoiD,Forsburn,Marss,Ranno,The Throne 2,Grand Finals,2024-11-09 01:13:30+00:00
https://www.youtube.com/watch?v=jYRLj1cFOdI,Mad_Poops,Zetterburn,Astra,Maypul,Floorhuggers #1,Top 8,2024-11-10 19:05:33+00:00
https://www.youtube.com/watch?v=wmuIEyfeEGs,Pickles,Clairen,Afrono,Fleet,Floorhuggers #1,,2024-11-10 19:06:10+00:00
https://www.youtube.com/watch?v=WLQHoH6ve6s,Morsecode762,Ranno,Mad_Poops,Zetterburn,Floorhuggers #1,Top 8,2024-11-10 19:07:12+00:00
https://www.youtube.com/watch?v=wbRmtD7rOxQ,Mad_Poops,Zetterburn,IDCrisis,Fleet,Floorhuggers #1,,2024-11-10 19:09:58+00:00
https://www.youtube.com/watch?v=nl2WDZJxyv4,YXL,Zetterburn,Morsecode762,Ranno,Floorhuggers #1,Grand Finals,2024-11-10 19:11:53+00:00
https://www.youtube.com/watch?v=tWONiygRtAg,YXL,Zetterburn,Morsecode762,Ranno,Floorhuggers #1,Winners FinalS,2024-11-10 19:15:37+00:00
https://www.youtube.com/watch?v=p62TIEAYPXE,snowblack,Ranno,Astra,Maypul,Floorhuggers #1,Top 8,2024-11-10 19:20:18+00:00
https://www.youtube.com/watch?v=rguku9K7sko,skylar!,Ranno,Morsecode762,Ranno,Floorhuggers #1,,2024-11-10 19:21:15+00:00
https://www.youtube.com/watch?v=-luRn6pazWo,YXL,Zetterburn,snowblack,Ranno,Floorhuggers #1,Top 8,2024-11-10 19:21:31+00:00
https://www.youtube.com/watch?v=VsAnIz5BxOs,Sheep,Zetterburn,Astra,Maypul,Floorhuggers #1,Top 8,2024-11-10 19:22:10+00:00
https://www.youtube.com/watch?v=XzH8jdFm7S8,Mastronarde,Forsburn,Franzwa,Orcane,Inver Grove Rivals,Losers Quarters,2024-11-11 04:08:06+00:00
https://www.youtube.com/watch?v=KdLFRRdVq78,Hunter,Maypul,sans.,Wrastor,Inver Grove Rivals,Losers Finals,2024-11-11 04:09:23+00:00
https://www.youtube.com/watch?v=7lE5j382W0o,sans.,Wrastor,Sean Sorey,Forsburn,Inver Grove Rivals,Losers Quarters,2024-11-11 04:09:30+00:00
https://www.youtube.com/watch?v=ctQR8d0xCIo,Franzwa,Orcane,sans.,Wrastor,Inver Grove Rivals,Losers Semis,2024-11-11 04:10:48+00:00
https://www.youtube.com/watch?v=QApo0nftleY,Franzwa,Orcane,Sean Sorey,Clairen,Inver Grove Rivals,Winners Quarters,2024-11-11 04:11:18+00:00
https://www.youtube.com/watch?v=FP6oaG-mQeg,Franzwa,Orcane,Hunter,Maypul,Inver Grove Rivals,Winners Semis,2024-11-11 04:11:22+00:00
https://www.youtube.com/watch?v=zsstouIo84M,Hunter,Maypul,Failbot,Kragg,Inver Grove Rivals,Winners Finals,2024-11-11 04:11:58+00:00
https://www.youtube.com/watch?v=w20XLzDDxQE,Albert,Wrastor,Sediment,Ranno,Evergreen Rising Beyond,Winners Semifinals,2024-11-11 11:45:04+00:00
https://www.youtube.com/watch?v=VDraBp1Yx7g,Albert,Wrastor,Mystery Sol,Fleet,Evergreen Rising Beyond,Grand Finals,2024-11-11 13:15:02+00:00
https://www.youtube.com/watch?v=BDHWEj6iNHY,Mr. R,Wrastor,Pool,Maypul,S Factor 11,Winners Semis,2024-11-12 00:43:45+00:00
https://www.youtube.com/watch?v=sUfG9xfwhYE,Pool,Maypul,Mushy,Kragg,S Factor 11,Losers Quarters,2024-11-12 00:45:28+00:00
https://www.youtube.com/watch?v=L88FKFonaI8,MkLeo,Fleet,Max Ketchump,Clairen,S Factor 11,Losers Quarters,2024-11-12 00:48:48+00:00
https://www.youtube.com/watch?v=dPUXUgVEbOY,Mr. R,Wrastor,Skyjay,Fleet,S Factor 11,Winners Final,2024-11-12 00:52:54+00:00
https://www.youtube.com/watch?v=zfgRtDmn6fA,Mushy,Kragg,MkLeo,Fleet,S Factor 11,Losers Semis,2024-11-12 00:54:58+00:00
https://www.youtube.com/watch?v=mEmYnyoz2Qk,MkLeo,Fleet,Skyjay,Fleet,S Factor 11,Losers Final,2024-11-12 00:57:23+00:00
https://www.youtube.com/watch?v=Fg1nCghLhTI,Mr. R,Wrastor,Skyjay,Fleet,S Factor 11,Grand Final,2024-11-12 00:58:36+00:00
https://www.youtube.com/watch?v=2d-f6_06V78,Watherum,Ranno,Sqibbo,Loxodont,Immortal Fight Night #202 Wnrs R1,,2024-11-13 03:09:45+00:00
https://www.youtube.com/watch?v=C1cRhF9X03g,Average Alex,Wrastor,Grunk,Kragg,Immortal Fight Night #202,Wnrs Final,2024-11-13 03:09:49+00:00
https://www.youtube.com/watch?v=nGdV641wQig,Watherum,Ranno,Monocle Gentlesir,Maypul,Immortal Fight Night #202,Lsrs RD 2,2024-11-13 03:09:53+00:00
https://www.youtube.com/watch?v=5-o5opljgCY,Watherum,Ranno,Grunk,Kragg,Immortal Fight Night #202,Lsrs Final,2024-11-13 03:09:55+00:00
https://www.youtube.com/watch?v=l5GTdUJ2VvA,XaviBun,Ranno,Roan,Orcane,Bay State Beatdown 139,Winners Round 2,2024-11-13 15:01:01+00:00
https://www.youtube.com/watch?v=FfJdRO1wzMc,MXL,Ranno,KG,Ranno,Bay State Beatdown 139,Winners Round 1,2024-11-13 15:15:01+00:00
https://www.youtube.com/watch?v=Z-vyRA5K5IY,FP | The Grustler,Ranno,Dougsauce,Orcane,BSB 139,Winners Round 2,2024-11-13 15:30:12+00:00
https://www.youtube.com/watch?v=B2ksX4jvjYU,WriteGrammar,Kragg,Nushinator,Kragg,Bay State Beatdown 139,Winners Quarters,2024-11-13 15:45:00+00:00
https://www.youtube.com/watch?v=YElyLhcm6tg,Takkun,Fleet,Exciled,Ranno,Bay State Beatdown 139,Winners Quarters,2024-11-13 16:00:26+00:00
https://www.youtube.com/watch?v=_LhN2fUwQk8,WriteGrammar,Kragg,Takkun,Wrastor,Bay State Beatdown 139,Winners Semis,2024-11-13 16:30:09+00:00
https://www.youtube.com/watch?v=aIHP42aJYJw,EXL | Prince Fluff,Loxodont,VCent,Maypul,Bay State Beatdown 139,Winners Semis,2024-11-13 16:45:01+00:00
https://www.youtube.com/watch?v=OySZ1YXElvI,BlackZork,Zetterburn,XaviBun,Ranno,Bay State Beatdown 139,Losers Top 8,2024-11-13 17:00:21+00:00
https://www.youtube.com/watch?v=gPba8aaGpmY,Takkun,Fleet,EXL | Prince Fluff,Loxodont,Bay State Beatdown 139,Winners Finals,2024-11-13 17:15:06+00:00
https://www.youtube.com/watch?v=NPgOevyKt_I,Exciled,Ranno,WriteGrammar,Kragg,Bay State Beatdown 139,Losers Semis,2024-11-13 17:30:04+00:00
https://www.youtube.com/watch?v=g5Qv8IbD05g,Takkun,Fleet,WriteGrammar,Kragg,Bay State Beatdown 139,Losers Finals,2024-11-13 17:45:01+00:00
https://www.youtube.com/watch?v=MY2n69Twl6M,Solid,Zetterburn,sharpinfinity,Ranno,Midnight Blue #1,Winners Round 2,2024-11-13 18:44:09+00:00
https://www.youtube.com/watch?v=hviN_9jSd7E,NekoFunfo,Loxodont,Jix,Wrastor,Rising Stars,Winners Round 2,2024-11-13 19:03:12+00:00
https://www.youtube.com/watch?v=9U2f367pNZo,DaSquid,Loxodont,Twelve,Ranno,Rising Stars,Winners Round 3,2024-11-13 19:05:25+00:00
https://www.youtube.com/watch?v=PU7XWSLN83k,Ryuzaki,Kragg,Archer,Clairen,Rising Stars,Winners Round 2,2024-11-13 19:07:58+00:00
https://www.youtube.com/watch?v=q9m1uBKPaCI,MementoVivi,Kragg,Bura,Kragg,Rising Stars,Winners Quarter-Final,2024-11-13 19:12:48+00:00
https://www.youtube.com/watch?v=l9B6hXXcRSI,Genarog,Fleet,Twelve,Ranno,Rising Stars,Winners Semi-Final,2024-11-13 19:18:45+00:00
https://www.youtube.com/watch?v=OtmsJtwDTAw,Bura,Kragg,Jix,Wrastor,Rising Stars,Winners Semi-Final,2024-11-13 19:18:48+00:00
https://www.youtube.com/watch?v=r659BM823sg,mexos,Loxodont,Genarog,Fleet,Rising Stars,Winners Quarter-Final,2024-11-13 19:20:09+00:00
https://www.youtube.com/watch?v=qI3i2BiUT4c,Mapiz,Kragg,Twelve,Ranno,Rising Stars,Winners Quarter-Final,2024-11-13 19:22:09+00:00
https://www.youtube.com/watch?v=RbftoiiN8N0,Jix,Wrastor,Raffobaffo,Zetterburn,Rising Stars,Losers Quarter-Final,2024-11-13 19:26:39+00:00
https://www.youtube.com/watch?v=Qg1gzphIajc,Twelve,Ranno,Jix,Wrastor,Rising Stars,Losers Semi-Final,2024-11-13 19:30:45+00:00
https://www.youtube.com/watch?v=8CrhWmOc-ZA,Genarog,Fleet,Twelve,Ranno,Rising Stars,Losers Final,2024-11-13 19:36:54+00:00
https://www.youtube.com/watch?v=X47MmGJ_oFo,Orticoltore,Etalus,BOLLA,Orcane,Aether Rising: Finale,Winners Quarter-Final,2024-11-13 20:00:35+00:00
https://www.youtube.com/watch?v=xKHQ3IulSFI,Genarog,Fleet,Bura,Kragg,Rising Stars,Winners Final,2024-11-13 20:02:56+00:00
https://www.youtube.com/watch?v=5PK5FQMYEoU,sharpinfinity,Ranno,Lonke,Ranno,Aether Rising: Finale,Winners Round 3,2024-11-13 20:15:46+00:00
https://www.youtube.com/watch?v=uRxYQs61KyM,firmiggio,Orcane,Lonke,Ranno,Aether Rising: Finale,Losers Eights,2024-11-13 20:20:58+00:00
https://www.youtube.com/watch?v=LrIm7f9jFNU,Bura,Kragg,Genarog,Fleet,Rising Stars,Grand Final,2024-11-13 20:25:07+00:00
https://www.youtube.com/watch?v=XX-aor2W5S4,lilie,Maypul,Lonke,Ranno,Midnight Blue #1,Winners Final,2024-11-13 20:47:33+00:00
https://www.youtube.com/watch?v=yZkjL75MF00,lilie,Maypul,firmiggio,Orcane,Midnight Blue #1,Winners Semi-Final,2024-11-13 20:52:54+00:00
https://www.youtube.com/watch?v=QevQxAUSISQ,Lonke,Ranno,Solid,Zetterburn,Midnight Blue #1,Winners Semi-Final,2024-11-13 20:56:05+00:00
https://www.youtube.com/watch?v=YfEzHIPWYA4,Lonke,Ranno,sharpinfinity,Ranno,Midnight Blue #1,Grand Final,2024-11-13 21:01:38+00:00
https://www.youtube.com/watch?v=W44yrwEHWgA,sharpinfinity,Ranno,Solid,Zetterburn,Midnight Blue #1,Losers Semi-Final,2024-11-13 21:03:40+00:00
https://www.youtube.com/watch?v=Iamqm6V2WuM,firmiggio,Orcane,sharpinfinity,Ranno,Midnight Blue #1,Losers Quarter-Final,2024-11-13 21:11:03+00:00
https://www.youtube.com/watch?v=eqsN_t9i9V4,lilie,Maypul,sharpinfinity,Ranno,Midnight Blue #1,Losers Final,2024-11-13 21:12:40+00:00
https://www.youtube.com/watch?v=QE-YNek0QLc,Impasse,Zetterburn,Orticoltore,Etalus,Aether Rising: Finale,Winners Semi-Final,2024-11-13 21:37:43+00:00
https://www.youtube.com/watch?v=cek666npNdw,Impasse,Zetterburn,firmiggio,Orcane,Aether Rising: Finale,Losers Quarter-Final,2024-11-13 21:53:20+00:00
https://www.youtube.com/watch?v=gC8mwZCtwNQ,sharpinfinity,Ranno,firmiggio,Orcane,Aether Rising: Finale,Losers Semis,2024-11-13 21:58:44+00:00
https://www.youtube.com/watch?v=U3cm2jPvs8s,Orticoltore,Etalus,sharpinfinity,Ranno,Aether Rising: Finale,Losers Final,2024-11-13 22:01:00+00:00
https://www.youtube.com/watch?v=vTdyjR5a3-0,Average Alex,Kragg,Sophilo,Zetterburn,Straight Into The Abyss #1,Lsrs Final,2024-11-15 17:02:03+00:00
https://www.youtube.com/watch?v=s0JcvDyrNfg,Elu,Ranno,Reaper,Forsburn,Straight Into The Abyss #1,Lsrs Qrts,2024-11-15 17:02:14+00:00
https://www.youtube.com/watch?v=c-HDunOdbBU,ZeeBee,Kragg,Average Alex,Kragg,Straight Into The Abyss #1,Grand Finals,2024-11-15 17:02:18+00:00
https://www.youtube.com/watch?v=WX0NbBZw_n0,Sophilo,Zetterburn,Reaper,Forsburn,Straight Into The Abyss #1,Lsrs Semi,2024-11-15 17:02:22+00:00
https://www.youtube.com/watch?v=T-GWEuIyRL0,Average Alex,Kragg,Sophilo,Zetterburn,Straight Into The Abyss #1,Wnrs Semi,2024-11-15 17:02:26+00:00
https://www.youtube.com/watch?v=Q5mgXdnXW7A,Average Alex,Kragg,ZeeBee,Kragg,Straight Into The Abyss #1,Wnrs Final,2024-11-15 17:02:29+00:00
https://www.youtube.com/watch?v=Jml_D5ZDWC8,Monocle Gentlesir,Maypul,Sh-Awe,Orcane,Straight Into The Abyss #1,Wnrs R1,2024-11-15 17:02:34+00:00
https://www.youtube.com/watch?v=GuwfNT9gxkg,Monocle Gentlesir,Maypul,ZeeBee,Kragg,Straight Into The Abyss #1,Wnrs Qrts,2024-11-15 17:02:39+00:00
https://www.youtube.com/watch?v=7LRY5-LBEF8,Gzana,Wrastor,WAS | PHO,Orcane,Lunacity 17,Winners Round 1,2024-11-16 18:56:58+00:00
https://www.youtube.com/watch?v=3d9AjnaH2dY,SY | Guacamolio,Zetterburn,Sheenic,Maypul,Lunacity 17,Winners Quarters,2024-11-16 19:01:26+00:00
https://www.youtube.com/watch?v=N4-ZH6xVRE4,IV | Poro,Zetterburn,Falcon,Zetterburn,Lunacity 17,Winners Quarters,2024-11-16 19:03:27+00:00
https://www.youtube.com/watch?v=kuyiqaIkCu8,Sheenic,Maypul,Dia,Ranno,Lunacity 17,Winners Semis,2024-11-16 19:04:16+00:00
https://www.youtube.com/watch?v=E7FqvID3rV0,Nibodax,Loxodont,IV | Poro,Zetterburn,Lunacity 17,Winners Semis,2024-11-16 19:05:02+00:00
https://www.youtube.com/watch?v=J9dz2qNXNZg,Pipi,Ranno,Zipply,Kragg,Lunacity 17,Losers Round 4,2024-11-16 19:05:47+00:00
https://www.youtube.com/watch?v=XVXEGu4V4jg,Sheenic,Maypul,Globu,Maypul,Lunacity 17,Losers Quarters,2024-11-16 19:08:04+00:00
https://www.youtube.com/watch?v=ksPIeXmvw-k,IV | Poro,Zetterburn,Dia,Ranno,Lunacity 17,Winners Semis,2024-11-16 19:14:57+00:00
https://www.youtube.com/watch?v=Qa175ebJBqk,Nibodax,Loxodont,IV | Poro,Zetterburn,Lunacity 17,Losers Finals,2024-11-16 19:17:40+00:00
https://www.youtube.com/watch?v=YNUSw97M87s,Dia,Ranno,IV | Poro,Zetterburn,Lunacity 17,Grand Finals,2024-11-16 19:18:53+00:00
https://www.youtube.com/watch?v=jSV8uJSufog,Lonke,Ranno,Jix,Wrastor,Molten Merendero I,Winners Semi-Final,2024-11-18 19:42:34+00:00
https://www.youtube.com/watch?v=t0YiZyV1HPg,Genarog,Fleet,DonCascone,Loxodont,Molten Merendero I,Winners Semi-Final,2024-11-18 19:54:34+00:00
https://www.youtube.com/watch?v=RlgTjkFnO6A,Bosco,Ranno,Bura,Kragg,Molten Merendero I,Losers Eights,2024-11-18 19:58:40+00:00
https://www.youtube.com/watch?v=fRg6cPdWWlc,Tommella,Fleet,Lionzo,Kragg,Molten Merendero I,Losers Eights,2024-11-18 20:00:05+00:00
https://www.youtube.com/watch?v=bhn1AK8szRo,Genarog,Fleet,Bura,Kragg,Molten Merendero I,Losers Quarter-Final,2024-11-18 20:00:21+00:00
https://www.youtube.com/watch?v=yT2Fd5wgPaM,Jix,Wrastor,Lonke,Ranno,Molten Merendero I,Losers Final,2024-11-18 20:07:19+00:00
https://www.youtube.com/watch?v=eHwj2Ir1FS8,Lonke,Ranno,DonCascone,Loxodont,Molten Merendero I,Winners Final,2024-11-18 20:08:35+00:00
https://www.youtube.com/watch?v=K_ppOwMfn-g,Tommella,Fleet,Jix,Wrastor,Molten Merendero I,Losers Quarter-Final,2024-11-18 20:09:40+00:00
https://www.youtube.com/watch?v=pFPNINz4ibQ,DonCascone,Loxodont,Lonke,Ranno,Molten Merendero I,Grand Final,2024-11-18 20:11:00+00:00
https://www.youtube.com/watch?v=kNoxvN__51Q,Genarog,Fleet,Jix,Wrastor,Molten Merendero I,Losers Semi-Final,2024-11-18 20:11:45+00:00
https://www.youtube.com/watch?v=ka-CwD2AWvw,JRJ | LeHgare,Ranno,Globu,Clairen,Lunacity 18,Round Robin,2024-11-18 20:20:57+00:00
https://www.youtube.com/watch?v=zrhq2SOoYxc,Dia,Ranno,Pâtacrêpe,Loxodont,Lunacity 18,Round Robin,2024-11-18 20:21:52+00:00
https://www.youtube.com/watch?v=1Atl_CBvI1I,IV | Vince,Forsburn,Globu,Clairen,Lunacity 18,Round Robin,2024-11-18 20:23:47+00:00
https://www.youtube.com/watch?v=atBbodPJXQU,IV | Vince,Forsburn,Dia,Ranno,Lunacity 18,Round Robin,2024-11-18 20:25:10+00:00
https://www.youtube.com/watch?v=r78jlkDM-0s,JRJ | LeHgare,Ranno,Dia,Ranno,Lunacity 18,Winners Semis,2024-11-18 20:27:29+00:00
https://www.youtube.com/watch?v=gvqUA2Bkmew,IV | Vince,Forsburn,Dia,Ranno,Lunacity 18,Winners Finals,2024-11-18 20:28:14+00:00
https://www.youtube.com/watch?v=LtA1xrY7oHY,IV | Vince,Forsburn,Globu,Clairen,Lunacity 18,Losers Finals,2024-11-18 20:29:19+00:00
https://www.youtube.com/watch?v=4HH-9dGXvmI,IV | Vince,Forsburn,Dia,Ranno,Lunacity 18,Grand Finals,2024-11-18 20:30:06+00:00
https://www.youtube.com/watch?v=FA4cgvI9qm4,snowblack,Ranno,Gamerdog,Maypul,Pantheon 2024,,2024-11-19 00:14:42+00:00
https://www.youtube.com/watch?v=EchJPFKwl3U,Tavi,Fleet,LordWizardKing,Kragg,Pantheon 2024,,2024-11-19 00:14:42+00:00
https://www.youtube.com/watch?v=ERFIEYhX5UA,snowblack,Ranno,Tavi,Fleet,Pantheon 2024,Top 8,2024-11-19 00:14:42+00:00
https://www.youtube.com/watch?v=-LU3fAlyyPU,Tabski,Wrastor,Yams!,Kragg,Floorhuggers #2,,2024-11-19 00:14:42+00:00
https://www.youtube.com/watch?v=BkCWYYwbgjI,YXL,Zetterburn,Broly,Loxodont,Floorhuggers #2,Winners FinalS,2024-11-19 00:14:42+00:00
https://www.youtube.com/watch?v=962IS8g8YeI,Astra,Maypul,Detroit Honda,Clairen,Floorhuggers #2,,2024-11-19 00:14:42+00:00
https://www.youtube.com/watch?v=-aIP_BvvM0Q,Cork_xx,Forsburn,Morsecode762,Ranno,Floorhuggers #2,Top 8,2024-11-19 00:14:42+00:00
https://www.youtube.com/watch?v=5rvtsTnvUAI,Morsecode762,Ranno,Broly,Loxodont,Floorhuggers #2,,2024-11-19 00:14:42+00:00
https://www.youtube.com/watch?v=nJuNzjgZWnQ,Juno,Loxodont,Mad_Poops,Zetterburn,Pantheon 2024,Top 8,2024-11-19 00:14:44+00:00
https://www.youtube.com/watch?v=VOHJxIfQMxs,YXL,Zetterburn,Juno,Loxodont,Pantheon 2024,Losers Finals,2024-11-19 00:14:44+00:00
https://www.youtube.com/watch?v=RzTqlkEoYyY,Juno,Loxodont,snowblack,Ranno,Pantheon 2024,,2024-11-19 00:14:44+00:00
https://www.youtube.com/watch?v=ToXLonpjOuo,YXL,Zetterburn,Ren,Zetterburn,Pantheon 2024,,2024-11-19 00:14:44+00:00
https://www.youtube.com/watch?v=HfXKAnyiAtA,Juno,Loxodont,snowblack,Ranno,Pantheon 2024,Top 8,2024-11-19 00:14:44+00:00
https://www.youtube.com/watch?v=WbGGjSh1q28,Tavi,Fleet,Morsecode762,Ranno,Pantheon 2024,,2024-11-19 00:14:44+00:00
https://www.youtube.com/watch?v=kQnnQaBxULQ,Kuyashi,Clairen,drax,Forsburn,Floorhuggers #2,,2024-11-19 00:14:44+00:00
https://www.youtube.com/watch?v=oQalbFI7qxE,Rottweiler,Loxodont,snowblack,Ranno,Floorhuggers #2,,2024-11-19 00:14:44+00:00
https://www.youtube.com/watch?v=YWiS5MRuIXE,Cork_xx,Forsburn,Vibe,Clairen,Floorhuggers #2,Top 8,2024-11-19 00:14:44+00:00
https://www.youtube.com/watch?v=hEmnVZhZ0Fs,snowblack,Ranno,Morsecode762,Ranno,Floorhuggers #2,Top 8,2024-11-19 00:14:44+00:00
https://www.youtube.com/watch?v=rNn2nCvOoNA,YXL,Zetterburn,Morsecode762,Ranno,Pantheon 2024,Grand Finals,2024-11-19 00:14:46+00:00
https://www.youtube.com/watch?v=xlOyo8rJ06Q,YXL,Zetterburn,Morsecode762,Ranno,Pantheon 2024,Winners FinalS,2024-11-19 00:14:46+00:00
https://www.youtube.com/watch?v=sVFTmesS7Is,Broly,Loxodont,Cork_xx,Forsburn,Floorhuggers #2,Top 8,2024-11-19 00:14:46+00:00
https://www.youtube.com/watch?v=qlDNJ2dVJYs,Broly,Loxodont,Morsecode762,Ranno,Floorhuggers #2,Losers Finals,2024-11-19 00:14:46+00:00
https://www.youtube.com/watch?v=6YB6UhH-DlM,Average Alex,Kragg,Reaper,Forsburn,Immortal Fight Night #203 RD RBN,,2024-11-20 01:20:36+00:00
https://www.youtube.com/watch?v=vMotn_ruOxM,Katotan,Loxodont,Reaper,Forsburn,Immortal Fight Night #203 RD RBN,,2024-11-20 01:20:39+00:00
https://www.youtube.com/watch?v=PlILNj_UfJA,Watherum,Ranno,Average Alex,Kragg,Immortal Fight Night #203 RD RBN,,2024-11-20 01:20:43+00:00
https://www.youtube.com/watch?v=K3fbwu-mHoE,Reaper,Forsburn,Watherum,Ranno,Immortal Fight Night #203 RD RBN,,2024-11-20 01:20:46+00:00
https://www.youtube.com/watch?v=Nhj31cRE52o,Average Alex,Kragg,Katotan,Loxodont,Immortal Fight Night #203 RD RBN,,2024-11-20 01:20:50+00:00
https://www.youtube.com/watch?v=E4czRb_gQ04,TimeGear,Wrastor,Carrot,Ranno,Tuesday Trials 164,Winners Semis,2024-11-20 05:40:33+00:00
https://www.youtube.com/watch?v=8r5JvBxrEBU,Kruz,Maypul,Fourside,Ranno,Tuesday Trials 164,Winners Semis,2024-11-20 05:40:34+00:00
https://www.youtube.com/watch?v=SGFd3wGWKhw,Carrot,Ranno,Sunobani,Kragg,Tuesday Trials 164,Losers Quarters,2024-11-20 05:40:36+00:00
https://www.youtube.com/watch?v=pTn2B83c8nQ,Kruz,Maypul,TimeGear,Wrastor,Tuesday Trials 164,Winners Final,2024-11-20 05:40:38+00:00
https://www.youtube.com/watch?v=zu7a_Vu6EGQ,fourside,Ranno,Carrot,Ranno,Tuesday Trials 164,Losers Semis,2024-11-20 05:40:40+00:00
https://www.youtube.com/watch?v=PfDxXsBC3kw,fourside,Ranno,TimeGear,Wrastor,Tuesday Trials 164,Losers Final,2024-11-20 05:40:41+00:00
https://www.youtube.com/watch?v=6u6HM-fgD-0,fourside,Ranno,Kruz,Maypul,Tuesday Trials 164,Grand Final,2024-11-20 05:40:43+00:00
https://www.youtube.com/watch?v=J1CZ63kirV8,snowblack,Ranno,Mr. Monday,Forsburn,Floorhuggers #3,,2024-11-21 00:59:47+00:00
https://www.youtube.com/watch?v=THEMjwrZ4ec,Mad_Poops,Zetterburn,Vibe,Clairen,Floorhuggers #3,,2024-11-21 01:00:29+00:00
https://www.youtube.com/watch?v=X-DWE0mTE4Y,YXL,Zetterburn,Astra,Maypul,Floorhuggers #3,,2024-11-21 01:15:18+00:00
https://www.youtube.com/watch?v=C2HXhxjn3iI,snowblack,Ranno,Vibe,Clairen,Floorhuggers #3,Winners Finals,2024-11-21 03:05:03+00:00
https://www.youtube.com/watch?v=WwG-w1O__Cw,snowblack,Ranno,Morsecode762,Ranno,Floorhuggers #3,Losers Finals,2024-11-21 03:05:42+00:00
https://www.youtube.com/watch?v=PfwE5XW3kZ4,Vibe,Clairen,Morsecode762,Ranno,Floorhuggers #3,Grand Finals,2024-11-21 03:24:34+00:00
https://www.youtube.com/watch?v=2O7XwaEzIyI,Average Alex,Kragg,Monocle Gentlesir,Maypul,Straight Into The Abyss #2,Wnrs Semi,2024-11-22 17:00:02+00:00
https://www.youtube.com/watch?v=3NcosG11ibA,Average Alex,Kragg,Watherum,Ranno,Straight Into The Abyss #2,Grand Finals,2024-11-22 17:00:04+00:00
https://www.youtube.com/watch?v=4z9X1ascJMA,Monocle Gentlesir,Maypul,Sh-Awe,Orcane,Straight Into The Abyss #2,Wnrs Qrts,2024-11-22 17:00:08+00:00
https://www.youtube.com/watch?v=EJZTuFOuTJw,Watherum,Ranno,Vastfollower,Orcane,Straight Into The Abyss #2,Wnrs Qrts,2024-11-22 17:00:14+00:00
https://www.youtube.com/watch?v=hI6WcsEHd64,Reaper,Forsburn,Watherum,Ranno,Straight Into The Abyss #2,Wnrs Semi,2024-11-22 17:00:45+00:00
https://www.youtube.com/watch?v=j4emAjmW_LQ,Watherum,Ranno,Reaper,Forsburn,Straight Into The Abyss #2,Lsrs Final,2024-11-22 17:00:49+00:00
https://www.youtube.com/watch?v=xXXGbiEX49M,Watherum,Ranno,Average Alex,Kragg,Straight Into The Abyss #2,Wnrs Final,2024-11-22 17:00:59+00:00
https://www.youtube.com/watch?v=zzqdJL8Odw0,Reaper,Forsburn,Monocle Gentlesir,Maypul,Straight Into The Abyss #2,Lsrs Semi,2024-11-22 17:01:09+00:00
https://www.youtube.com/watch?v=QB-JDbaZ0nk,Glutonny,Ranno,CakeAssault,Fleet,LACS Rivals,,2024-11-24 02:34:40+00:00
https://www.youtube.com/watch?v=ZmQQ8BIUuHI,Squanto,Ranno,VoiD,Forsburn,LACS Rivals,,2024-11-24 02:37:31+00:00
https://www.youtube.com/watch?v=Up0TCKwV3D8,aMSa,Maypul,I0N,Kragg,LACS Rivals,,2024-11-24 03:36:00+00:00
https://www.youtube.com/watch?v=bcOCEwlg4q0,ZeeBee,Kragg,Hungrybox,Loxodont,LACS Rivals,,2024-11-24 03:39:02+00:00
https://www.youtube.com/watch?v=navwDeb61RY,Marss,Ranno,Leffen,Ranno,LACS Rivals,,2024-11-24 03:40:39+00:00
https://www.youtube.com/watch?v=EyvnSLsg1lY,Kaido,Loxodont,CRWZZ,Forsburn,Rayenari Gaming 2,Pools,2024-11-24 04:05:13+00:00
https://www.youtube.com/watch?v=lc0plmxkxps,Rongunshu,Clairen,Cody Schwab,Zetterburn,LACS Rivals,,2024-11-24 04:05:36+00:00
https://www.youtube.com/watch?v=1bcLD3y3j_s,Mango,Zetterburn,Mystery Sol,Fleet,LACS Rivals,,2024-11-24 04:07:42+00:00
https://www.youtube.com/watch?v=7uVwUqKxk5w,Kaido,Loxodont,Nerito,Fleet,Rayenari Gaming 2,Pools,2024-11-24 04:14:03+00:00
https://www.youtube.com/watch?v=YDXsCA9NlMo,Star,Clairen,CRWZZ,Forsburn,Rayenari Gaming 2,Pools,2024-11-24 04:17:45+00:00
https://www.youtube.com/watch?v=EsZ2HwLNZbc,Star,Clairen,Kaido,Loxodont,Rayenari Gaming 2,Pools,2024-11-24 04:29:08+00:00
https://www.youtube.com/watch?v=7IbIiPuUi6Q,Star,Clairen,Nerito,Maypul,Rayenari Gaming 2,Pools,2024-11-24 04:39:20+00:00
https://www.youtube.com/watch?v=NtJ6PHeg8U4,Vergil,Clairen,Nerito,Maypul,Rayenari Gaming 2,Losers Quarter-Final,2024-11-24 04:41:25+00:00
https://www.youtube.com/watch?v=3DZDDORQRv0,Nerito,Maypul,CRWZZ,Forsburn,Rayenari Gaming 2,Losers Semi-Final,2024-11-24 04:45:57+00:00
https://www.youtube.com/watch?v=ziKxMYv2LGs,VoiD,Forsburn,Glutonny,Zetterburn,LACS Rivals,,2024-11-24 04:50:41+00:00
https://www.youtube.com/watch?v=fvLWDG0dyGg,Luck,Ranno,aMSa,Maypul,LACS Rivals,,2024-11-24 04:51:20+00:00
https://www.youtube.com/watch?v=JMHt6LIWTII,Hungrybox,Loxodont,Marss,Ranno,LACS Rivals,,2024-11-24 04:52:15+00:00
https://www.youtube.com/watch?v=DK9NeLOODHQ,Mango,Zetterburn,Rongunshu,Clairen,LACS Rivals,,2024-11-24 04:52:57+00:00
https://www.youtube.com/watch?v=Y2S_4UqyFlE,Star,Clairen,Kaido,Loxodont,Rayenari Gaming 2,Winners Final,2024-11-24 04:56:27+00:00
https://www.youtube.com/watch?v=nrFtM3NIgcY,Nerito,Maypul,Kaido,Loxodont,Rayenari Gaming 2,Losers Final,2024-11-24 05:03:13+00:00
https://www.youtube.com/watch?v=yWB-JIA0FFU,CakeAssault,Fleet,Squanto,Ranno,LACS Rivals,,2024-11-24 05:14:47+00:00
https://www.youtube.com/watch?v=e9e2uI331EE,Star,Clairen,Nerito,Maypul,Rayenari Gaming 2,Grand Final,2024-11-24 05:14:50+00:00
https://www.youtube.com/watch?v=umZsGm1yE84,Plup,Maypul,I0N,Kragg,LACS Rivals,,2024-11-24 05:20:31+00:00
https://www.youtube.com/watch?v=SEVwgFqGjoU,Leffen,Ranno,ZeeBee,Kragg,LACS Rivals,,2024-11-24 05:49:41+00:00
https://www.youtube.com/watch?v=ODSTbDbmeJM,Cody Schwab,Zetterburn,Mystery Sol,Fleet,LACS Rivals,,2024-11-24 05:50:10+00:00
https://www.youtube.com/watch?v=nhRKyfHPm6Q,Plup,Maypul,Marss,Ranno,LACS Rivals,,2024-11-24 06:47:15+00:00
https://www.youtube.com/watch?v=IerlpNJ9lAY,Leffen,Ranno,Luck,Ranno,LACS Rivals,,2024-11-24 06:50:02+00:00
https://www.youtube.com/watch?v=_K34iioNp-Y,Cody Schwab,Zetterburn,VoiD,Forsburn,LACS Rivals,,2024-11-24 06:55:49+00:00
https://www.youtube.com/watch?v=y6JSJ9lsULY,Leffen,Ranno,VoiD,Forsburn,LACS Rivals,Top 8,2024-11-25 03:05:48+00:00
https://www.youtube.com/watch?v=gFxTtr0ZrdE,Plup,Maypul,Rongunshu,Clairen,LACS Rivals,Top 8,2024-11-25 03:06:02+00:00
https://www.youtube.com/watch?v=WzwVdKLKcNE,ZeeBee,Kragg,Mystery Sol,Fleet,LACS Rivals,Top 8,2024-11-25 03:09:12+00:00
https://www.youtube.com/watch?v=4wYirfuQSdA,CakeAssault,Fleet,I0N,Kragg,LACS Rivals,Top 8,2024-11-25 03:10:49+00:00
https://www.youtube.com/watch?v=2OmzOYA57QI,Leffen,Ranno,I0N,Kragg,LACS Rivals,Top 8,2024-11-25 03:41:06+00:00
https://www.youtube.com/watch?v=vd8nDhDn0JU,ZeeBee,Kragg,Rongunshu,Clairen,LACS Rivals,Top 8,2024-11-25 03:43:45+00:00
https://www.youtube.com/watch?v=jccxmIJLSIw,I0N,Kragg,ZeeBee,Kragg,LACS Rivals,Losers Semis,2024-11-25 03:48:48+00:00
https://www.youtube.com/watch?v=INh9jIIA3EY,CakeAssault,Fleet,Mystery Sol,Fleet,LACS Rivals,Winners FinalS,2024-11-25 03:50:43+00:00
https://www.youtube.com/watch?v=bBhkf70QbQo,Mystery Sol,Fleet,ZeeBee,Kragg,LACS Rivals,Losers Finals,2024-11-25 03:52:38+00:00
https://www.youtube.com/watch?v=xJ14DqRp7_k,Bati,Ranno,Fronk,Loxodont,Rivalote de Primavera '24,WR2,2024-11-25 17:44:38+00:00
https://www.youtube.com/watch?v=wTW5Meak7UM,Vodokex,Forsburn,Gerix,Clairen,Rivalote de Primavera '24,WR1,2024-11-25 17:45:04+00:00
https://www.youtube.com/watch?v=W8o0Q7WQ1io,Francokiwi,Zetterburn,Freakazoiid,Wrastor,Rivalote de Primavera '24,WR2,2024-11-25 17:45:29+00:00
https://www.youtube.com/watch?v=fHxUDSUjMLM,Mint,Orcane,EL TROMPAS,Loxodont,Rivalote de Primavera '24,Winners Quarters,2024-11-25 17:45:48+00:00
https://www.youtube.com/watch?v=RVNLrc7jp2U,Mitsu,Clairen,Ojo de Oro,Kragg,Rivalote de Primavera '24,Winners Quarters,2024-11-25 17:46:10+00:00
https://www.youtube.com/watch?v=kV8t1U3nABo,Bati,Ranno,Marroll,Kragg,Rivalote de Primavera '24,Winners Quarters,2024-11-25 17:46:30+00:00
https://www.youtube.com/watch?v=c9XQhM_p2-o,Mitsu,Clairen,Marroll,Kragg,Rivalote de Primavera '24,Winners Semis,2024-11-25 17:47:01+00:00
https://www.youtube.com/watch?v=I-PTtw5Slu4,Mint,Orcane,Francokiwi,Zetterburn,Rivalote de Primavera '24,Winners Semis,2024-11-25 17:47:38+00:00
https://www.youtube.com/watch?v=kRkuoXfmIE8,Mitsu,Clairen,Mint,Orcane,Rivalote de Primavera '24,Winners Finals,2024-11-25 17:47:56+00:00
https://www.youtube.com/watch?v=xwBNayPLCu8,Ojo de Oro,Kragg,Francokiwi,Zetterburn,Rivalote de Primavera '24,LQF,2024-11-25 17:48:32+00:00
https://www.youtube.com/watch?v=_BhHbqjvR48,Marroll,Kragg,Ojo de Oro,Kragg,Rivalote de Primavera '24,Losers Semis,2024-11-25 17:48:51+00:00
https://www.youtube.com/watch?v=0YGgSAkZtBw,Mint,Orcane,Marroll,Kragg,Rivalote de Primavera '24,Losers Finals,2024-11-25 17:49:18+00:00
https://www.youtube.com/watch?v=T98lRRbx1lA,Mitsu,Clairen,Marroll,Kragg,Rivalote de Primavera '24,Grand Finals,2024-11-25 17:49:34+00:00
https://www.youtube.com/watch?v=cXx9eP8hbgY,John Fortnite,Maypul,Sqibbo,Ranno,Immortal Fight Night #204,Wnrs Qrts,2024-11-26 19:51:18+00:00
https://www.youtube.com/watch?v=YmUIlp41Hco,Watherum,Ranno,Xen0,Kragg,Immortal Fight Night #204 Wnrs Semi,,2024-11-26 19:51:22+00:00
https://www.youtube.com/watch?v=g-zfDZXqDAE,Sqibbo,Ranno,Xen0,Kragg,Immortal Fight Night #204,Lsrs Semi,2024-11-26 19:51:28+00:00
https://www.youtube.com/watch?v=Nth2EztVDPI,Average Alex,Clairen,Xen0,Kragg,Immortal Fight Night #204,Grand Finals,2024-11-26 19:51:32+00:00
https://www.youtube.com/watch?v=8F43RKTL1oY,Carrot,Ranno,Lilybunn,Orcane,Tuesday Trials 165,Winners Semis,2024-11-27 04:52:39+00:00
https://www.youtube.com/watch?v=pKbTOMJ0HW8,TimeGear,Wrastor,HamirTime,Clairen,Tuesday Trials 165,Winners Semis,2024-11-27 04:52:40+00:00
https://www.youtube.com/watch?v=RwgH4JKUUIo,TimeGear,Wrastor,Lilybunn,Orcane,Tuesday Trials 165,Winners Final,2024-11-27 04:52:41+00:00
https://www.youtube.com/watch?v=LreR4gVK6yM,Rob Gucci,Orcane,Carrot,Ranno,Tuesday Trials 165,Losers Semis,2024-11-27 04:52:43+00:00
https://www.youtube.com/watch?v=c7Ld-HRWubA,Rob Gucci,Orcane,TimeGear,Wrastor,Tuesday Trials 165,Losers Final,2024-11-27 04:52:44+00:00
https://www.youtube.com/watch?v=6Ps0Z2MBSOQ,Lilybunn,Orcane,TimeGear,Wrastor,Tuesday Trials 165,Grand Final,2024-11-27 04:52:47+00:00
https://www.youtube.com/watch?v=h-p5ziuYZZQ,Gamer Latam | Connie Kins,Kragg,Awwa,Zetterburn,Soul Melter Smash #25,,2024-11-27 08:59:08+00:00
https://www.youtube.com/watch?v=_Ar1NObhFnc,Smu5h | Yrneh,Loxodont,CS3 | Marvelous_Marco,Maypul,Soul Melter Smash #25,,2024-11-27 08:59:11+00:00
https://www.youtube.com/watch?v=p6h3usbNu64,Gamer Latam | Connie Kins,Kragg,Smu5h | Yrneh,Loxodont,Soul Melter Smash #25,,2024-11-27 08:59:14+00:00
https://www.youtube.com/watch?v=9wFffYo88Kk,Smu5h | Yrneh,Loxodont,Ahntye,Fleet,Soul Melter Smash #25,Winners FinalS,2024-11-27 08:59:17+00:00
https://www.youtube.com/watch?v=cqe-X2G3C5s,Gamer Latam | Connie Kins,Kragg,Awwa,Zetterburn,Soul Melter Smash #25,Losers Semis,2024-11-27 08:59:19+00:00
https://www.youtube.com/watch?v=d_q3MagEhKw,Smu5h | Yrneh,Loxodont,Gamer Latam | Connie Kins,Kragg,Soul Melter Smash #25,Losers Finals,2024-11-27 08:59:21+00:00
https://www.youtube.com/watch?v=Kn5s0RFwDH0,Smu5h | Yrneh,Loxodont,Ahntye,Fleet,Soul Melter Smash #25,Grand Finals,2024-11-27 08:59:24+00:00
https://www.youtube.com/watch?v=v9s23TQL_-s,TheDeltaSmasher,Maypul,Detroit Honda,Clairen,Floorhuggers #4,,2024-11-28 00:21:40+00:00
https://www.youtube.com/watch?v=XupbQymHuWw,vibe,Clairen,luna,Orcane,Floorhuggers #4,,2024-11-28 00:37:45+00:00
https://www.youtube.com/watch?v=BWGeP82lEh8,YXL,Zetterburn,Yams!,Kragg,Floorhuggers #4,,2024-11-28 01:56:42+00:00
https://www.youtube.com/watch?v=Ddl--DUKy7E,vibe,Clairen,YXL,Zetterburn,Floorhuggers #4,,2024-11-28 03:26:33+00:00
https://www.youtube.com/watch?v=zUw_tmdjfGE,Morsecode762,Ranno,vibe,Clairen,Floorhuggers #4,Grand Finals,2024-11-28 03:27:28+00:00
https://www.youtube.com/watch?v=0GfMb_yj4PE,Morsecode762,Ranno,YXL,Zetterburn,Floorhuggers #4,,2024-12-01 01:33:03+00:00
https://www.youtube.com/watch?v=iViQrxzRqcE,Yams!,Kragg,snowblack,Ranno,Floorhuggers #4,,2024-12-01 01:33:36+00:00
https://www.youtube.com/watch?v=E3huvPy5zhE,snowblack,Ranno,vibe,Clairen,Floorhuggers #4,Losers Finals,2024-12-01 01:34:21+00:00
https://www.youtube.com/watch?v=fWSKSSB2iPU,Morsecode762,Ranno,snowblack,Ranno,Floorhuggers #4,Winners Finals,2024-12-01 01:41:40+00:00
https://www.youtube.com/watch?v=s8JvbXlGUw0,Rongunshu,Clairen,Squanto,Ranno,LACS Rivals,Winners Quarters,2024-12-01 05:45:00+00:00
https://www.youtube.com/watch?v=58hsnvx-IBI,Luck,Ranno,Plup,Maypul,LACS Rivals,Round of 16,2024-12-01 05:45:00+00:00
https://www.youtube.com/watch?v=502msfSy2og,CakeAssault,Fleet,ZeeBee,Kragg,LACS Rivals,Grand Finals,2024-12-01 05:45:00+00:00
https://www.youtube.com/watch?v=s2mVpvoS8CY,Marlon,Wrastor,Rongunshu,Clairen,Coinbox,Grand Finals,2024-12-01 05:45:00+00:00
https://www.youtube.com/watch?v=Rc3-Rakty18,Chag,Maypul,Jules,Orcane,First Attack 2024,Grand Finals,2024-12-01 05:45:00+00:00
https://www.youtube.com/watch?v=I-g-tkXPcNs,NVR | Soulrifle211,Forsburn,DTL | Kero,Loxodont,Monthly of Aether #1,Winners Semifinals,2024-12-01 23:41:12+00:00
https://www.youtube.com/watch?v=M_CFOWdKVN8,Shadow,Fleet,NVR | Soulrifle211,Forsburn,Monthly of Aether #1,Winners Finals,2024-12-01 23:41:12+00:00
https://www.youtube.com/watch?v=2dMUGd1D64w,FayDZet,Clairen,Mellud,Orcane,Monthly of Aether #1,EU Pools,2024-12-01 23:41:12+00:00
https://www.youtube.com/watch?v=ADHUOCCishE,NVR | Soulrifle211,Forsburn,Shadow,Fleet,Monthly of Aether #1,Grand Finals,2024-12-01 23:41:12+00:00
https://www.youtube.com/watch?v=3qf4nm-lsyI,toothbrush,Ranno,DTL | Kero,Loxodont,Monthly of Aether #1,Losers Semifinals,2024-12-01 23:41:12+00:00
https://www.youtube.com/watch?v=OdH3xR8Xtiw,Vyre,Ranno,Impasse,Zetterburn,Monthly of Aether #1,EU Grand Finals,2024-12-01 23:41:12+00:00
https://www.youtube.com/watch?v=Lmt-DWLQmZI,Impasse,Zetterburn,Lonke,Ranno,Monthly of Aether #1,EU Losers Finals,2024-12-01 23:41:13+00:00
https://www.youtube.com/watch?v=i4nXC2N7jL8,elkiies,Maypul,Nothigh,Loxodont,Monthly of Aether #1,Pools,2024-12-01 23:41:14+00:00
https://www.youtube.com/watch?v=ScE-xefCnnA,Vyre,Ranno,Impasse,Zetterburn,Monthly of Aether #1,EU Winners Finals,2024-12-01 23:41:15+00:00
https://www.youtube.com/watch?v=yzJyMceDy18,DonCascone,Loxodont,BANAN,Ranno,Monthly of Aether #1,EU Pools,2024-12-01 23:41:15+00:00
https://www.youtube.com/watch?v=mVHqFJqgET0,KoÃƒÆ’Ã‚Â¯n,Maypul,Metabenn,Ranno,Monthly of Aether #1,EU Winners Quarterfinals,2024-12-01 23:41:15+00:00
https://www.youtube.com/watch?v=psIWrQzDdKo,DrLobster,Kragg,DTL | Kero,Loxodont,Monthly of Aether #1,Pools,2024-12-01 23:41:15+00:00
https://www.youtube.com/watch?v=YWol7lybx6g,Shadow,Fleet,toothbrush,Ranno,Monthly of Aether #1,Winners Semifinals,2024-12-01 23:41:15+00:00
https://www.youtube.com/watch?v=X-0mxEbO3tI,Lonke,Ranno,Guthix,Kragg,Monthly of Aether #1,EU Losers Semifinals,2024-12-01 23:41:15+00:00
https://www.youtube.com/watch?v=RHLA-fO0uW8,Sasyzza,Kragg,Vince,Zetterburn,Monthly of Aether #1,EU Pools,2024-12-01 23:41:15+00:00
https://www.youtube.com/watch?v=yFofGGFYM1Y,toothbrush,Ranno,AoC | Acorn,Zetterburn,Monthly of Aether #1,Pools,2024-12-01 23:41:15+00:00
https://www.youtube.com/watch?v=zS3mt8_Ww0U,Guthix,Kragg,Impasse,Zetterburn,Monthly of Aether #1,EU Winners Semifinals,2024-12-01 23:41:17+00:00
https://www.youtube.com/watch?v=YPFZ3pTHpJA,Toadallytsuyu,Kragg,Hungrybox,Loxodont,Lights Out,,2024-12-02 23:32:47+00:00
https://www.youtube.com/watch?v=AIhSfxjHbS8,BioBirb,Wrastor,Mr. R,Wrastor,Lights Out,,2024-12-02 23:37:56+00:00
https://www.youtube.com/watch?v=II5r3VwhVMw,Bbatts,Fleet,Unc1eGragas,Zetterburn,Lights Out,,2024-12-02 23:39:21+00:00
https://www.youtube.com/watch?v=5hlKmjQj1Bs,toothbrush,Ranno,Acorn,Zetterburn,Lights Out,,2024-12-02 23:42:17+00:00
https://www.youtube.com/watch?v=OTnFlNQ30UU,Applewiz,Wrastor,Mystery Sol,Fleet,Lights Out,,2024-12-02 23:44:21+00:00
https://www.youtube.com/watch?v=9cbNC5TJp8w,Adam,Kragg,Acorn,Zetterburn,Lights Out,,2024-12-02 23:55:36+00:00
https://www.youtube.com/watch?v=wMb-q-FEpy8,Mr.R,Wrastor,AppleWiz,Wrastor,Lights Out,Top 8,2024-12-02 23:56:56+00:00
https://www.youtube.com/watch?v=EGGpl--vauA,toothbrush,Ranno,Bbatts,Fleet,Lights Out,Top 8,2024-12-02 23:59:18+00:00
https://www.youtube.com/watch?v=gjpthPiVQbY,Lucio,Zetterburn,Adam,Kragg,Lights Out,Top 8,2024-12-03 00:02:09+00:00
https://www.youtube.com/watch?v=bNrrwiTgSCo,BioBirb,Wrastor,toothbrush,Ranno,Lights Out,Top 8,2024-12-03 00:04:10+00:00
https://www.youtube.com/watch?v=13XqceNHFv8,AppleWiz,Wrastor,Lucio,Zetterburn,Lights Out,Top 8,2024-12-03 00:07:03+00:00
https://www.youtube.com/watch?v=El8YbXRX2Tw,BioBirb,Wrastor,AppleWiz,Wrastor,Lights Out,Losers Semis,2024-12-03 00:09:31+00:00
https://www.youtube.com/watch?v=lWK_qfKiN_w,Mr.R,Wrastor,BioBirb,Wrastor,Lights Out,Grand Finals,2024-12-03 00:12:16+00:00
https://www.youtube.com/watch?v=k-qJ1AaTmGc,BioBirb,Wrastor,I0N,Kragg,Lights Out,,2024-12-03 00:43:50+00:00
https://www.youtube.com/watch?v=pA8yyQR0O0A,VoiD,Forsburn,Stango,Kragg,Lights Out,,2024-12-03 00:45:14+00:00
https://www.youtube.com/watch?v=o_9d9qfw-Bk,BioBirb,Kragg,Stango,Kragg,Lights Out,Top 8,2024-12-03 00:55:29+00:00
https://www.youtube.com/watch?v=F7xx3zDotx4,Nogh,Loxodont,Luck,Ranno,Lights Out,Top 8,2024-12-03 01:02:05+00:00
https://www.youtube.com/watch?v=zugNXB2r3vc,VoiD,Forsburn,I0N,Kragg,Lights Out,Top 8,2024-12-03 01:03:30+00:00
https://www.youtube.com/watch?v=RfL2UnIkJG4,Mr.R,Wrastor,Stango,Kragg,Lights Out,Top 8,2024-12-03 01:07:09+00:00
https://www.youtube.com/watch?v=0yO0ipxDK5I,Nogh,Loxodont,VoiD,Forsburn,Lights Out,Top 8,2024-12-03 01:08:26+00:00
https://www.youtube.com/watch?v=RhQfT1f22iA,BioBirb,Wrastor,Luck,Ranno,Lights Out,Winners FinalS,2024-12-03 01:12:00+00:00
https://www.youtube.com/watch?v=Wn2uGTa8RQQ,Stango,Kragg,Nogh,Loxodont,Lights Out,Losers Semis,2024-12-03 01:13:38+00:00
https://www.youtube.com/watch?v=UT_ikuWfawk,Stango,Kragg,Luck,Ranno,Lights Out,Grand Finals,2024-12-03 01:15:17+00:00
https://www.youtube.com/watch?v=whgd6T1skls,Sh-Awe,Orcane,Monocle Gentlesir,Maypul,Immoral Fight Night 1,Wnrs Qrts,2024-12-03 15:14:17+00:00
https://www.youtube.com/watch?v=cBEUVSiCs6Q,Reaper,Forsburn,Toiler,Loxodont,Immoral Fight Night 1,Wnrs Semi,2024-12-03 15:14:21+00:00
https://www.youtube.com/watch?v=EqgUg20AqMw,Average Alex,Forsburn,Sh-Awe,Orcane,Immoral Fight Night 1,Wnrs Semi,2024-12-03 15:14:24+00:00
https://www.youtube.com/watch?v=UdxWKRwfq1s,Average Alex,Forsburn,Reaper,Forsburn,Immoral Fight Night 1,Wnrs Final,2024-12-03 15:14:26+00:00
https://www.youtube.com/watch?v=2vDbHLckvzs,Watherum,Ranno,Monocle Gentlesir,Maypul,Immoral Fight Night 1,Lsrs Semi,2024-12-03 15:14:29+00:00
https://www.youtube.com/watch?v=NUCpgOS38bk,Reaper,Forsburn,Watherum,Ranno,Immoral Fight Night 1,Lsrs Final,2024-12-03 15:14:31+00:00
https://www.youtube.com/watch?v=cpzjv9xQPuQ,Average Alex,Loxodont,Watherum,Ranno,Immoral Fight Night 1,Grand Finals,2024-12-03 15:14:34+00:00
https://www.youtube.com/watch?v=7ZNBm_F7BF8,Lilybunn,Clairen,fourside,Ranno,Tuesday Trials 166,Winners Semis,2024-12-04 04:40:03+00:00
https://www.youtube.com/watch?v=1O7IZZ-0eEI,DaveBot,Clairen,HamirTime,Clairen,Tuesday Trials 166,Losers Quarters,2024-12-04 04:40:04+00:00
https://www.youtube.com/watch?v=V5eXGHRmQhc,TimeGear,Wrastor,Lilybunn,Clairen,Tuesday Trials 166,Winners Final,2024-12-04 04:40:06+00:00
https://www.youtube.com/watch?v=3oKw00PaoZ4,XYK,Kragg,HamirTime,Clairen,Tuesday Trials 166,Losers Semis,2024-12-04 04:40:08+00:00
https://www.youtube.com/watch?v=SI3jaZzQalc,XYK,Kragg,TimeGear,Wrastor,Tuesday Trials 166,Losers Final,2024-12-04 04:40:09+00:00
https://www.youtube.com/watch?v=knnMVr0Wktw,XYK,Kragg,Lilybunn,Orcane,Tuesday Trials 166,Grand Final,2024-12-04 04:40:13+00:00
https://www.youtube.com/watch?v=f_MKNxG1ZMw,vibe,Clairen,Ellipsis,Clairen,Floorhuggers #5,,2024-12-05 01:00:45+00:00
https://www.youtube.com/watch?v=rDXlfJXzC-k,Mad_Poops,Zetterburn,Skylar!,Maypul,Floorhuggers #5,,2024-12-05 01:01:16+00:00
https://www.youtube.com/watch?v=quA8zl1MnC4,Morsecode762,Ranno,Tabksi,Wrastor,Floorhuggers #5,,2024-12-05 01:02:57+00:00
https://www.youtube.com/watch?v=Ir39NS2VDvE,Morsecode762,Ranno,Ellipsis,Clairen,Floorhuggers #5,,2024-12-05 01:41:26+00:00
https://www.youtube.com/watch?v=I7Agzx5vDdU,Morsecode762,Ranno,Astra,Maypul,Floorhuggers #5,,2024-12-05 02:09:19+00:00
https://www.youtube.com/watch?v=KGoOt7PJ13M,Morsecode762,Ranno,vibe,Clairen,Floorhuggers #5,Losers Finals,2024-12-05 02:36:56+00:00
https://www.youtube.com/watch?v=0De4Jp2G5B0,Morsecode762,Ranno,YXL,Zetterburn,Floorhuggers #5,Grand Finals,2024-12-05 02:56:23+00:00
https://www.youtube.com/watch?v=4OZc4ug1w0w,Awwa,Zetterburn,sigh,Ranno,Soul Melter Smash #26,,2024-12-06 01:48:48+00:00
https://www.youtube.com/watch?v=2wUk3EjJVtY,Gamer Latam | Connie Kins,Kragg,Strider,Ranno,Soul Melter Smash #26,,2024-12-06 01:48:53+00:00
https://www.youtube.com/watch?v=YYPof2-dRBk,Seelder,Fleet,Gamer Latam | Connie Kins,Kragg,Soul Melter Smash #26,Winners FinalS,2024-12-06 01:49:15+00:00
https://www.youtube.com/watch?v=rJib9ifxi24,Gamer Latam | Connie Kins,Kragg,Awwa,Zetterburn,Soul Melter Smash #26,Losers Finals,2024-12-06 01:49:26+00:00
https://www.youtube.com/watch?v=6stptP_ho7M,Seelder,Fleet,Gamer Latam | Connie Kins,Kragg,Soul Melter Smash #26,Grand Finals,2024-12-06 01:49:28+00:00
https://www.youtube.com/watch?v=2H3Xi8PhKuI,Acorn,Zetterburn,Lucio,Zetterburn,Straight Into The Abyss #3,Wnrs Semi,2024-12-06 17:00:03+00:00
https://www.youtube.com/watch?v=9mp9eJ6Do1g,Average Alex,Kragg,Humanlime,Wrastor,Straight Into The Abyss #3,Wnrs Semi,2024-12-06 17:00:09+00:00
https://www.youtube.com/watch?v=9Vs0csnyV7s,Average Alex,Kragg,Meechole,Loxodont,Straight Into The Abyss #3,Wnrs Qrts,2024-12-06 17:00:12+00:00
https://www.youtube.com/watch?v=GFwsZd_9ye0,Average Alex,Kragg,Acorn,Zetterburn,Straight Into The Abyss #3,Wnrs Final,2024-12-06 17:00:14+00:00
https://www.youtube.com/watch?v=GY6qR1lKo68,Humanlime,Wrastor,Reaper,Forsburn,Straight Into The Abyss #3,Wnrs Qrts,2024-12-06 17:00:16+00:00
https://www.youtube.com/watch?v=NgI2u7o-fPU,Humanlime,Wrastor,Cesci,Ranno,Straight Into The Abyss #3,Wnrs Rd 2,2024-12-06 17:00:24+00:00
https://www.youtube.com/watch?v=SS0lq2VI3J0,Lucio,Zetterburn,Shadowhawke,Wrastor,Straight Into The Abyss #3,Lsrs Semi,2024-12-06 17:00:28+00:00
https://www.youtube.com/watch?v=bqL57owP78I,Lone,Maypul,Chum,Loxodont,Straight Into The Abyss #3,Wnrs Rd 1,2024-12-06 17:00:39+00:00
https://www.youtube.com/watch?v=lDRo0k0u0uY,Acorn,Zetterburn,Lucio,Zetterburn,Straight Into The Abyss #3,Grand Finals,2024-12-06 17:00:48+00:00
https://www.youtube.com/watch?v=wig0DXtcKMs,Lucio,Zetterburn,Average Alex,Kragg,Straight Into The Abyss #3,Lsrs Final,2024-12-06 17:01:03+00:00
https://www.youtube.com/watch?v=iXsncIZbVpI,Demag,Ranno,pee-man,Kragg,Champions of Asia #7,Winners Round 1,2024-12-09 13:01:20+00:00
https://www.youtube.com/watch?v=kG4cS8eziq0,ChocolatJP,Ranno,Tanark,Maypul,Champions of Asia #7,Losers Semi,2024-12-09 13:01:20+00:00
https://www.youtube.com/watch?v=34c3CEDcskU,GG7,Zetterburn,ChocolatJP,Ranno,Champions of Asia #7,Winners Semi,2024-12-09 13:01:20+00:00
https://www.youtube.com/watch?v=7qhWJe8VXZk,GG7,Zetterburn,Perturbo,Orcane,Champions of Asia #7,Winners Round 2,2024-12-09 13:01:20+00:00
https://www.youtube.com/watch?v=QJoBQcGpHuQ,GG7,Zetterburn,niranoha,Fleet,Champions of Asia #7,Grand Finals,2024-12-09 13:01:20+00:00
https://www.youtube.com/watch?v=bY83I7Areyw,GG7,Zetterburn,ChocolatJP,Ranno,Champions of Asia #7,Losers Finals,2024-12-09 13:01:20+00:00
https://www.youtube.com/watch?v=pgMKN8eS4sQ,niranoha,Fleet,Tanark,Maypul,Champions of Asia #7,Winners Semi,2024-12-09 13:01:20+00:00
https://www.youtube.com/watch?v=xrrWIOX7Vf0,GG7,Zetterburn,niranoha,Fleet,Champions of Asia #7,Winners Finals,2024-12-09 13:01:20+00:00
https://www.youtube.com/watch?v=eu9hXhK0JkA,TimeGear,Wrastor,XYK,Kragg,Tuesday Trials 167,Winners Semis,2024-12-11 05:18:32+00:00
https://www.youtube.com/watch?v=C7zZf98RR0E,Case,Maypul,Wizard Guy,Kragg,Tuesday Trials 167,Losers R3,2024-12-11 05:18:33+00:00
https://www.youtube.com/watch?v=GKYxI113Mcs,XYK,Kragg,Wizard Guy,Kragg,Tuesday Trials 167,Losers Quarters,2024-12-11 05:18:35+00:00
https://www.youtube.com/watch?v=VSRbQ0Jx7Vw,TimeGear,Wrastor,Lilybunn,Zetterburn,Tuesday Trials 167,Winners Final,2024-12-11 05:18:37+00:00
https://www.youtube.com/watch?v=A4FfRIpUjA0,XYK,Kragg,fourside,Ranno,Tuesday Trials 167,Losers Semis,2024-12-11 05:18:39+00:00
https://www.youtube.com/watch?v=nPOOal5Td6o,XYK,Kragg,Lilybunn,Zetterburn,Tuesday Trials 167,Losers Final,2024-12-11 05:18:41+00:00
https://www.youtube.com/watch?v=_RboK7Gvmmo,Lilybunn,Zetterburn,TimeGear,Wrastor,Tuesday Trials 167,Grand Final,2024-12-11 05:18:43+00:00
https://www.youtube.com/watch?v=Hx631Yv9Je8,BrADyHD,Clairen,SlamSHADY,Zetterburn,Floorhuggers #6,Winners Bracket,2024-12-12 00:29:02+00:00
https://www.youtube.com/watch?v=7bZud3xzwZM,Broly,Loxodont,vibe,Clairen,Floorhuggers #6,Winners Semis,2024-12-12 01:01:50+00:00
https://www.youtube.com/watch?v=57dZAOsaOJQ,Halcyon,Zetterburn,Morsecode762,Ranno,Floorhuggers #6,Winners Semis,2024-12-12 01:06:56+00:00
https://www.youtube.com/watch?v=nRBKt8-6POU,Morsecode762,Ranno,vibe,Clairen,Floorhuggers #6,Winners FinalS,2024-12-12 01:32:11+00:00
https://www.youtube.com/watch?v=iPuSeb7zzY4,Halcyon,Zetterburn,SlamSHADY,Zetterburn,Floorhuggers #6,Losers Quarters,2024-12-12 01:45:25+00:00
https://www.youtube.com/watch?v=LLXppTdUa5I,vibe,Clairen,Broly,Loxodont,Floorhuggers #6,Losers Finals,2024-12-12 02:15:13+00:00
https://www.youtube.com/watch?v=i8S4YZ8S8gU,Halcyon,Zetterburn,Broly,Loxodont,Floorhuggers #6,Losers Semis,2024-12-12 02:33:43+00:00
https://www.youtube.com/watch?v=kHI8fRJRi5Q,Morsecode762,Ranno,vibe,Clairen,Floorhuggers #6,Grand Finals,2024-12-12 02:49:16+00:00
https://www.youtube.com/watch?v=cUy7KIV8SkA,sigh,Ranno,Awwa,Zetterburn,Soul Melter Smash #27,,2024-12-13 13:33:41+00:00
https://www.youtube.com/watch?v=JBpuClBsSgw,Chips,Ranno,Seelder,Clairen,Soul Melter Smash #27,,2024-12-13 13:34:02+00:00
https://www.youtube.com/watch?v=sFM1wptmX6A,Seelder,Fleet,Awwa,Zetterburn,Soul Melter Smash #27,Winners FinalS,2024-12-13 13:34:16+00:00
https://www.youtube.com/watch?v=S7noPhvISjc,sigh,Ranno,Awwa,Zetterburn,Soul Melter Smash #27,Losers Finals,2024-12-13 13:34:31+00:00
https://www.youtube.com/watch?v=j-jhOYVmdLc,Seelder,Fleet,Awwa,Zetterburn,Soul Melter Smash #27,Grand Finals,2024-12-13 13:34:40+00:00
https://www.youtube.com/watch?v=gaQSc2sKt8Y,Mapiz,Kragg,Capra Aliena,Forsburn,Smash Masterclass 4,Pools,2024-12-13 19:38:02+00:00
https://www.youtube.com/watch?v=e8Y_heylMWU,bertoleo,Ranno,DonCascone,Loxodont,Smash Masterclass 4,Pools,2024-12-13 19:45:42+00:00
https://www.youtube.com/watch?v=iaUxfk4A5KQ,firstbones,Ranno,Cano,Zetterburn,Smash Masterclass 4,Pools,2024-12-13 19:48:29+00:00
https://www.youtube.com/watch?v=77dTyf3O4UU,Mapiz,Kragg,Mia Nonna,Loxodont,Smash Masterclass 4,Pools,2024-12-13 19:48:41+00:00
https://www.youtube.com/watch?v=aaKQ2C7ZX_A,lilie,Maypul,bertoleo,Ranno,Smash Masterclass 4,Losers Eights,2024-12-13 19:52:36+00:00
https://www.youtube.com/watch?v=oVNRgtOPe8g,Jix,Wrastor,Solid,Zetterburn,Smash Masterclass 4,Pools,2024-12-13 19:54:31+00:00
https://www.youtube.com/watch?v=aXRAnTlxelo,lilie,Maypul,Genarog,Fleet,Smash Masterclass 4,Pools,2024-12-13 19:56:24+00:00
https://www.youtube.com/watch?v=-VCMu75Oy8I,stocchi,Maypul,lilie,Maypul,Smash Masterclass 4,Pools,2024-12-13 19:56:46+00:00
https://www.youtube.com/watch?v=TAhkQWnHrzA,Bosco,Ranno,Voravi?!,Zetterburn,Smash Masterclass 4,Pools,2024-12-13 20:08:21+00:00
https://www.youtube.com/watch?v=3rPiuA9FWpk,Solid,Zetterburn,Lonke,Ranno,Smash Masterclass 4,Winners Semi-Final,2024-12-13 20:12:24+00:00
https://www.youtube.com/watch?v=ijIDzaIDFc0,Jix,Wrastor,Capra Aliena,Forsburn,Smash Masterclass 4,Losers Eights,2024-12-13 20:12:52+00:00
https://www.youtube.com/watch?v=XAQFCQuLQu8,lilie,Maypul,Solid,Zetterburn,Smash Masterclass 4,Losers Quarter-Final,2024-12-13 20:14:02+00:00
https://www.youtube.com/watch?v=M4CXO7ZyCiE,Jix,Wrastor,DonCascone,Loxodont,Smash Masterclass 4,Losers Final,2024-12-13 20:16:13+00:00
https://www.youtube.com/watch?v=LvqUpbKYNqM,DonCascone,Loxodont,Lonke,Ranno,Smash Masterclass 4,Winners Final,2024-12-13 20:16:25+00:00
https://www.youtube.com/watch?v=Z8XMwHPqyzk,Jix,Wrastor,Solid,Zetterburn,Smash Masterclass 4,Losers Semi-Final,2024-12-13 20:18:42+00:00
https://www.youtube.com/watch?v=tTUmKptOX9E,Genarog,Fleet,DonCascone,Loxodont,Smash Masterclass 4,Winners Semi-Final,2024-12-13 20:19:45+00:00
https://www.youtube.com/watch?v=eJSw7xgNEts,Lonke,Ranno,DonCascone,Loxodont,Smash Masterclass 4,Grand Final,2024-12-13 20:19:48+00:00
https://www.youtube.com/watch?v=yHJNmIekP80,Genarog,Fleet,Jix,Wrastor,Smash Masterclass 4,Losers Quarter-Final,2024-12-13 20:20:28+00:00
https://www.youtube.com/watch?v=wwkeFQNb1bc,Nurse,Clairen,Mirai,Kragg,Platfight 2024,,2024-12-15 00:00:00+00:00
https://www.youtube.com/watch?v=efc0BzoAnXA,Ant,Ranno,AppleWiz,Wrastor,Platfight 2024,,2024-12-15 00:00:00+00:00
https://www.youtube.com/watch?v=7i9my6KDvos,CakeAssault,Forsburn,Kero,Loxodont,Platfight 2024,,2024-12-15 00:00:00+00:00
https://www.youtube.com/watch?v=yg-KS0og5WA,Nogh,Loxodont,CheesyPotato,Kragg,Platfight 2024,,2024-12-15 00:00:00+00:00
https://www.youtube.com/watch?v=2IaJxq140HY,Mystery Sol,Fleet,Acorn,Zetterburn,Platfight 2024,,2024-12-15 00:00:00+00:00
https://www.youtube.com/watch?v=NH_DCc9w9tM,Soulrifle211,Forsburn,Cody Schwab,Zetterburn,Platfight 2024,,2024-12-15 00:00:00+00:00
https://www.youtube.com/watch?v=KeRAk-PxXNA,CakeAssault,Forsburn,Nogh,Loxodont,Platfight 2024,,2024-12-15 00:00:00+00:00
https://www.youtube.com/watch?v=FeDxUgKduSc,Nogh,Loxodont,Cody Schwab,Zetterburn,Platfight 2024,,2024-12-15 00:00:00+00:00
https://www.youtube.com/watch?v=IV2RVIgKgKM,Wai,Ranno,OffBeat,Maypul,Platfight 2024,,2024-12-15 12:24:09+00:00
https://www.youtube.com/watch?v=eKhu6mwQPwg,TAS,Maypul,Koji,Maypul,Platfight 2024,,2024-12-15 12:24:34+00:00
https://www.youtube.com/watch?v=oHlmR4w-G4s,Soulrifle211,Forsburn,TAS,Maypul,Platfight 2024,,2024-12-15 12:28:04+00:00
https://www.youtube.com/watch?v=5ggKDUZ4Y2s,ZeeBee,Kragg,Shiv,Loxodont,Platfight 2024,,2024-12-15 12:33:00+00:00
https://www.youtube.com/watch?v=kFW2f718c6o,Shiv,Loxodont,Ant,Ranno,Platfight 2024,,2024-12-15 12:35:00+00:00
https://www.youtube.com/watch?v=3X9DdQKwR_M,Luck,Ranno,sinbad,Maypul,Platfight 2024,,2024-12-15 12:35:04+00:00
https://www.youtube.com/watch?v=SpMoZcAmchs,Luck,Ranno,Cherche,Maypul,Platfight 2024,,2024-12-15 12:36:31+00:00
https://www.youtube.com/watch?v=G5qPQzqfqcY,Stango,Kragg,Guard,Clairen,Platfight 2024,,2024-12-15 12:37:20+00:00
https://www.youtube.com/watch?v=oxxc7I651K4,Stango,Kragg,Switch,Zetterburn,Platfight 2024,,2024-12-15 12:38:44+00:00
https://www.youtube.com/watch?v=MhR6j-sxH2o,Switch,Zetterburn,sinbad,Maypul,Platfight 2024,,2024-12-15 12:39:21+00:00
https://www.youtube.com/watch?v=EWdLVv1uFVA,Switch,Zetterburn,ZeeBee,Kragg,Platfight 2024,,2024-12-15 12:40:41+00:00
https://www.youtube.com/watch?v=tFaAb9FW-e8,Luck,Ranno,Mystery Sol,Fleet,Platfight 2024,,2024-12-15 12:43:29+00:00
https://www.youtube.com/watch?v=OgWkmYuJQ_4,Soulrifle211,Forsburn,Ant,Ranno,Platfight 2024,,2024-12-15 12:44:30+00:00
https://www.youtube.com/watch?v=M16BMWfF5rk,Ant,Ranno,nard,Clairen,Platfight 2024,,2024-12-15 12:46:46+00:00
https://www.youtube.com/watch?v=Xg2QnE-p71M,Switch,Zetterburn,Ant,Ranno,Platfight 2024,,2024-12-16 01:13:16+00:00
https://www.youtube.com/watch?v=qavWFuBD_Vk,Luck,Ranno,Cody Schwab,Zetterburn,Platfight 2024,,2024-12-16 01:13:46+00:00
https://www.youtube.com/watch?v=NJ6Tsq_jtA0,CakeAssault,Forsburn,Mystery Sol,Fleet,Platfight 2024,,2024-12-16 01:17:30+00:00
https://www.youtube.com/watch?v=aNOtnPztUQg,Stango,Zetterburn,Soulrifle211,Forsburn,Platfight 2024,,2024-12-16 02:04:25+00:00
https://www.youtube.com/watch?v=rBLiCkF0kgw,Mystery Sol,Fleet,Ant,Ranno,Platfight 2024,,2024-12-16 02:14:21+00:00
https://www.youtube.com/watch?v=5644ABumEr0,Soulrifle211,Forsburn,Cody Schwab,Zetterburn,Platfight 2024,,2024-12-16 02:43:13+00:00
https://www.youtube.com/watch?v=nhPF30q5btQ,CakeAssault,Forsburn,Stango,Zetterburn,Platfight 2024,,2024-12-16 02:50:44+00:00
https://www.youtube.com/watch?v=xXlnNwkvjPs,Soulrifle211,Forsburn,Ant,Ranno,Platfight 2024,,2024-12-16 02:56:57+00:00
https://www.youtube.com/watch?v=mi4YZnBebjc,Soulrifle211,Forsburn,Stango,Zetterburn,Platfight 2024,,2024-12-16 03:21:27+00:00
https://www.youtube.com/watch?v=2VaZCzINzvw,CakeAssault,Forsburn,Stango,Zetterburn,Platfight 2024,,2024-12-16 03:33:29+00:00
https://www.youtube.com/watch?v=GXmOMqiY9eg,TimeGear,Wrastor,Yemma,Maypul,Tuesday Trials 168,Winners Quarters,2024-12-18 04:36:37+00:00
https://www.youtube.com/watch?v=2Gad90gVPw8,Carrot,Ranno,Klutz,Orcane,Tuesday Trials 168,Winners Quarters,2024-12-18 04:36:39+00:00
https://www.youtube.com/watch?v=iVnVXTJqPm8,TimeGear,Wrastor,Wizard Guy,Kragg,Tuesday Trials 168,Winners Semis,2024-12-18 04:36:41+00:00
https://www.youtube.com/watch?v=jSbi6V_R-Sk,Lilybunn,Orcane,Klutz,Orcane,Tuesday Trials 168,Winners Semis,2024-12-18 04:36:43+00:00
https://www.youtube.com/watch?v=x2-N2IRqjrY,fourside,Ranno,Klutz,Orcane,Tuesday Trials 168,Losers Quarters,2024-12-18 04:36:44+00:00
https://www.youtube.com/watch?v=NWP9g0cW5d4,TimeGear,Wrastor,Lilybunn,Orcane,Tuesday Trials 168,Winners Final,2024-12-18 04:36:46+00:00
https://www.youtube.com/watch?v=iGG3eGBqHMA,HamirTime,Clairen,Klutz,Orcane,Tuesday Trials 168,Losers Semis,2024-12-18 04:36:48+00:00
https://www.youtube.com/watch?v=_57t2IR-HgM,HamirTime,Clairen,TimeGear,Wrastor,Tuesday Trials 168,Losers Final,2024-12-18 04:36:50+00:00
https://www.youtube.com/watch?v=tm50EzOHHVg,Lilybunn,Orcane,TimeGear,Wrastor,Tuesday Trials 168,Grand Final,2024-12-18 04:36:52+00:00
https://www.youtube.com/watch?v=Eo9dBR4_5x8,sigh,Ranno,Chips,Ranno,Soul Melter Smash #28,,2024-12-18 11:37:17+00:00
https://www.youtube.com/watch?v=KmilQ0o29P8,GOATcheese,Kragg,Gamer Latam | Connie Kins,Kragg,Soul Melter Smash #28,Winners FinalS,2024-12-18 11:37:27+00:00
https://www.youtube.com/watch?v=6NuE4xLA-iY,sigh,Ranno,Gamer Latam | Connie Kins,Kragg,Soul Melter Smash #28,Losers Finals,2024-12-18 11:37:47+00:00
https://www.youtube.com/watch?v=8BGMMbkmT_Y,GOATcheese,Kragg,Gamer Latam | Connie Kins,Kragg,Soul Melter Smash #28,Grand Finals,2024-12-18 11:37:50+00:00
https://www.youtube.com/watch?v=gU3a2EcRcFE,luna,Zetterburn,Anther,Orcane,Floorhuggers #7,,2024-12-19 00:24:48+00:00
https://www.youtube.com/watch?v=N0Np11l93Gs,vibe,Clairen,Hario,Loxodont,Floorhuggers #7,,2024-12-19 00:47:49+00:00
https://www.youtube.com/watch?v=mxc_ZqlD45Y,snowblack,Ranno,Astra,Maypul,Floorhuggers #7,,2024-12-19 00:48:35+00:00
https://www.youtube.com/watch?v=x9lArI7gvag,YXL,Zetterburn,Halcyon,Zetterburn,Floorhuggers #7,,2024-12-19 00:50:37+00:00
https://www.youtube.com/watch?v=wflxl4moZss,YXL,Zetterburn,vibe,Clairen,Floorhuggers #7,,2024-12-19 01:51:13+00:00
https://www.youtube.com/watch?v=5aS-kyYyUoo,Morsecode762,Ranno,Astra,Maypul,Floorhuggers #7,,2024-12-19 01:54:17+00:00
https://www.youtube.com/watch?v=aXXR2oyuG0w,Morsecode762,Ranno,vibe,Clairen,Floorhuggers #7,Winners Finals,2024-12-19 02:13:22+00:00
https://www.youtube.com/watch?v=UzwaOEhflP4,YXL,Zetterburn,Astra,Maypul,Floorhuggers #7,,2024-12-19 02:29:46+00:00
https://www.youtube.com/watch?v=rPGN2w0FZ0k,YXL,Zetterburn,Morsecode762,Ranno,Floorhuggers #7,Losers Finals,2024-12-19 02:47:12+00:00
https://www.youtube.com/watch?v=TkpPk9VGZZs,Hybrid Omega,Kragg,Chum,Loxodont,Immoral Fight Night 3,Wnrs Rd 1,2024-12-19 21:47:49+00:00
https://www.youtube.com/watch?v=4XyYk7ium08,Average Alex,Kragg,Cou,Kragg,Immoral Fight Night 3,Wnrs Rd 2,2024-12-19 21:47:51+00:00
https://www.youtube.com/watch?v=NDrU-wjTpj8,Watherum,Ranno,Reaper,Forsburn,Immoral Fight Night 3,Wnrs Semi,2024-12-19 21:47:53+00:00
https://www.youtube.com/watch?v=Ep2QY7wNvRY,Average Alex,Kragg,Reaper,Forsburn,Immoral Fight Night 3,Wnrs Finals,2024-12-19 21:47:59+00:00
https://www.youtube.com/watch?v=EpJnKMSyfts,Reaper,Forsburn,Crowbar,Zetterburn,Immoral Fight Night 3,Lsrs Final,2024-12-19 21:48:03+00:00
https://www.youtube.com/watch?v=4F1J-GB2TOg,Average Alex,Zetterburn,Reaper,Forsburn,Immoral Fight Night 3,Grand Finals,2024-12-19 21:48:05+00:00
https://www.youtube.com/watch?v=qgIZDIpCsZY,Vastfollower,Zetterburn,Suture,Ranno,Straight Into The Abyss #4,Wnrs Rd 1,2024-12-20 13:50:10+00:00
https://www.youtube.com/watch?v=q2wBDsVJyN0,Average Alex,Kragg,Suture,Ranno,Straight Into The Abyss #4,Wnrs Qrts,2024-12-20 13:50:12+00:00
https://www.youtube.com/watch?v=rnGykIr6bho,Shadowhawke,Wrastor,Reaper,Forsburn,Straight Into The Abyss #4,Wnrs Semi,2024-12-20 13:50:14+00:00
https://www.youtube.com/watch?v=dH6K0xt9UDc,Average Alex,Kragg,Monocle Gentlesir,Maypul,Straight Into The Abyss #4,Wnrs Semi,2024-12-20 13:50:16+00:00
https://www.youtube.com/watch?v=7n20SXN5CNw,Average Alex,Kragg,Shadowhawke,Wrastor,Straight Into The Abyss #4,Wnrs Finals,2024-12-20 13:50:19+00:00
https://www.youtube.com/watch?v=jEni8aOWQjY,Reaper,Forsburn,Monocle Gentlesir,Maypul,Straight Into The Abyss #4,Lsrs Semi,2024-12-20 13:50:22+00:00
https://www.youtube.com/watch?v=KlQ9ksteK6U,Shadowhawke,Wrastor,Reaper,Forsburn,Straight Into The Abyss #4,Lsrs Final,2024-12-20 13:50:24+00:00
https://www.youtube.com/watch?v=CitdjqZIgE4,Average Alex,Kragg,Shadowhawke,Wrastor,Straight Into The Abyss #4,Grand Finals,2024-12-20 13:50:27+00:00
https://www.youtube.com/watch?v=AqzNO7hA_Dg,Average Alex,Maypul,Monocle GS,Maypul,Straight Into The Abyss #4,Thug Finals,2024-12-20 13:50:29+00:00
https://www.youtube.com/watch?v=i9bgvCbEooc,Roby,Loxodont,Banish,Loxodont,La Rocket 2024,Pools LR3,2024-12-21 18:53:03+00:00
https://www.youtube.com/watch?v=Ni50hIm6sJM,Banish,Loxodont,Gwuize,Loxodont,La Rocket 2024,Top 8 LR1,2024-12-21 19:04:25+00:00
https://www.youtube.com/watch?v=aWucl5vfBqI,Nerito,Maypul,Kaido,Loxodont,La Rocket 2024,Top 8 WSF,2024-12-21 19:33:15+00:00
https://www.youtube.com/watch?v=Bfxr88auDG4,IamGhost,Wrastor,Star,Clairen,La Rocket 2024,Top 8 WSF,2024-12-21 20:13:42+00:00
https://www.youtube.com/watch?v=oiLnWLS7bmw,IamGhost,Wrastor,Banish,Loxodont,La Rocket 2024,Top 8 LQF,2024-12-21 20:27:17+00:00
https://www.youtube.com/watch?v=Uk8CTj-4hzM,IamGhost,Forsburn,Kaido,Loxodont,La Rocket 2024,Top 8 LSF,2024-12-21 21:00:58+00:00
https://www.youtube.com/watch?v=UHGdbu4YAvc,Nerito,Maypul,Star,Clairen,La Rocket 2024,Top 8 WF,2024-12-21 21:08:27+00:00
https://www.youtube.com/watch?v=mLBxS0GlAd0,Nerito,Maypul,IamGhost,Forsburn,La Rocket 2024,Top 8 LF,2024-12-21 21:46:16+00:00
https://www.youtube.com/watch?v=t3gA0NH5PQ8,IamGhost,Forsburn,Star,Clairen,La Rocket 2024,Grand Final,2024-12-21 23:09:09+00:00
https://www.youtube.com/watch?v=mxKfHjFMeBQ,Kaido,Loxodont,Roby,Loxodont,La Rocket 2024,Pools WQF,2024-12-22 02:03:13+00:00
https://www.youtube.com/watch?v=2Guwbx7fIXI,Bbatts,Zetterburn,boiko,Clairen,Coinbox 114,FT5 Pre-Coinbox Exhibition Match,2024-12-23 18:35:45+00:00
https://www.youtube.com/watch?v=BBsRsM6EpmU,CakeAssault,Fleet,Astrum,Ranno,Coinbox 114,Loser&#39;s Round 7,2024-12-23 18:37:07+00:00
https://www.youtube.com/watch?v=gyz-DYh9AYQ,Evil Nardwuar,Loxodont,Mang0,Zetterburn,Coinbox 114,Winner&#39;s Top 64,2024-12-23 18:37:24+00:00
https://www.youtube.com/watch?v=wRxTw-uitP4,MSB,Kragg,Stango,Zetterburn,Coinbox 114,Winner&#39;s Top 64,2024-12-23 18:37:37+00:00
https://www.youtube.com/watch?v=17yR9a2hCKw,Stango,Zetterburn,Rongunshu,Clairen,Coinbox 114,Winner&#39;s Top 32,2024-12-23 18:38:10+00:00
https://www.youtube.com/watch?v=MKCS0jQdV1I,Asashi,Clairen,Bbatts,Fleet,Coinbox 114,Winner&#39;s Top 8 Qualifiers,2024-12-23 18:38:58+00:00
https://www.youtube.com/watch?v=kicKatsHdZ8,Rongunghu,Clairen,Envy,Kragg,Coinbox 114,Winner&#39;s Top 8 Qualifiers,2024-12-23 18:39:11+00:00
https://www.youtube.com/watch?v=QLDyo71-xEE,Stango,Zetterburn,ZeeBee,Kragg,Coinbox 114,Loser&#39;s Top 8,2024-12-23 18:39:37+00:00
https://www.youtube.com/watch?v=9-LyP4BD774,Bbatts,Fleet,Marlon,Orcane,Coinbox 114,Winner&#39;s Semis,2024-12-23 18:39:49+00:00
https://www.youtube.com/watch?v=BC2nt7amnio,Luck,Ranno,Rongunshu,Clairen,Coinbox 114,Winner&#39;s Semis,2024-12-23 18:40:01+00:00
https://www.youtube.com/watch?v=EOUX4Gajq_I,Rongunshu,Clairen,Bbatts,Fleet,Coinbox 114,Winner&#39;s Finals,2024-12-23 18:40:20+00:00
https://www.youtube.com/watch?v=Dg-TymWhcEI,Luck,Ranno,ZeeBee,Kragg,Coinbox 114,Loser&#39;s Quarters,2024-12-23 18:40:28+00:00
https://www.youtube.com/watch?v=7S2ncFV40OQ,Marlon,Wrastor,ZeeBee,Kragg,Coinbox 114,Loser&#39;s Semis,2024-12-23 18:40:38+00:00
https://www.youtube.com/watch?v=b83CUkrmILk,Marlon,Wrastor,Rongunshu,Clairen,Coinbox 114,Grand Finals,2024-12-23 18:40:57+00:00
https://www.youtube.com/watch?v=jDzk5lD3x18,sigh,Ranno,Chips,Ranno,Soul Melter Smash #29,,2024-12-25 02:37:00+00:00
https://www.youtube.com/watch?v=J4Fb8DFBJO4,sigh,Ranno,Ahntye,Fleet,Soul Melter Smash #29,,2024-12-25 02:37:05+00:00
https://www.youtube.com/watch?v=CxlWL0frS_o,Ahntye,Fleet,Gamer Latam | Connie Kins,Kragg,Soul Melter Smash #29,Winners FinalS,2024-12-25 02:37:12+00:00
https://www.youtube.com/watch?v=6RwZuEzQ1-A,Gamer Latam | Connie Kins,Kragg,sigh,Ranno,Soul Melter Smash #29,Losers Finals,2024-12-25 02:37:16+00:00
https://www.youtube.com/watch?v=dRijPDOJRms,Ahntye,Fleet,Gamer Latam | Connie Kins,Kragg,Soul Melter Smash #29,Grand Finals,2024-12-25 02:37:19+00:00
https://www.youtube.com/watch?v=OeqUWkvyFr4,Liquid | Hungrybox,Loxodont,Erzal,Clairen,Coinbox 116,Winner&#39;s Round 2,2024-12-28 07:56:15+00:00
https://www.youtube.com/watch?v=04h0rwkSCXY,CakeAssault,Forsburn,Remrin,Orcane,Coinbox 116,Winner&#39;s Quarters,2024-12-28 07:56:26+00:00
https://www.youtube.com/watch?v=dt9jvhj0zl8,Liquid | Hungrybox,Loxodont,Dmo,Orcane,Coinbox 116,Winner&#39;s Round 3,2024-12-28 07:56:37+00:00
https://www.youtube.com/watch?v=rHIDbk0y1UE,C.Falcon,Forsburn,Liquid | Hungrybox,Loxodont,Coinbox 116,Winner&#39;s Top 64 Qualifiers,2024-12-28 07:57:34+00:00
https://www.youtube.com/watch?v=bMiqCbvs3EM,Anathema,Ranno,Troco,Fleet,Coinbox 116,Winner&#39;s Top 64,2024-12-28 07:57:52+00:00
https://www.youtube.com/watch?v=ic7qewMeKJg,Liquid | Hungrybox,Loxodont,Ratborg,Forsburn,Coinbox 116,Loser&#39;s Top 64 Qualifiers,2024-12-28 07:58:15+00:00
https://www.youtube.com/watch?v=pP_DKd1W1tA,Oracle,Loxodont,C.Falcon,Forsburn,Coinbox 116,Winner&#39;s Top 32,2024-12-28 07:58:46+00:00
https://www.youtube.com/watch?v=25OuRk0d7wk,I0N,Kragg,Soulrifle211,Forsburn,Coinbox 116,Winner&#39;s Top 8 Qualifiers,2024-12-28 07:59:12+00:00
https://www.youtube.com/watch?v=OQnY_jYtyd8,Codek,Ranno,Splippy,Forsburn,Coinbox 116,Winner&#39;s Top 8 Qualifiers,2024-12-28 07:59:22+00:00
https://www.youtube.com/watch?v=6_VOVOH8hz0,I0N,Kragg,Luck,Ranno,Coinbox 116,Winner&#39;s Semis,2024-12-28 08:00:34+00:00
https://www.youtube.com/watch?v=MSU6s2UTx3c,Codek,Ranno,zaqk,Forsburn,Coinbox 116,Winner&#39;s Semis,2024-12-28 08:00:44+00:00
https://www.youtube.com/watch?v=4py7TlQvkfk,Codek,Ranno,Lilybunn,Orcane,Coinbox 116,Loser&#39;s Quarters,2024-12-28 08:01:06+00:00
https://www.youtube.com/watch?v=BrXqu6kiQvI,Luck,Ranno,CheesyPotato,Kragg,Coinbox 116,Loser&#39;s Quarters,2024-12-28 08:01:20+00:00
https://www.youtube.com/watch?v=GuIjTXMyBi0,zaqk,Orcane,I0N,Kragg,Coinbox 116,Winner&#39;s Finals,2024-12-28 08:01:36+00:00
https://www.youtube.com/watch?v=kKCzL_2vcMo,Codek,Ranno,CheesyPotato,Kragg,Coinbox 116,Loser&#39;s Semis,2024-12-28 08:01:46+00:00
https://www.youtube.com/watch?v=NXDYVJuGPYU,Codek,Ranno,zaqk,Kragg,Coinbox 116,Loser&#39;s Finals,2024-12-28 08:01:57+00:00
https://www.youtube.com/watch?v=ucpspCAioY8,I0N,Kragg,Codek,Ranno,Coinbox 116,Grand Finals,2024-12-28 08:02:09+00:00
https://www.youtube.com/watch?v=7-rD_w6TQEg,UHE | Darth Wampa,Orcane,ADMJ,Clairen,SBR Final Act,Winners Round 1,2024-12-29 22:09:46+00:00
https://www.youtube.com/watch?v=pDwWgLeaBtQ,NS | CrossSlash,Kragg,fork,Ranno,SBR Final Act,Winners Round 1,2024-12-29 22:09:48+00:00
https://www.youtube.com/watch?v=pmKAUlMFsNo,chipotle+,Zetterburn,DTL | Wevans,Forsburn,SBR Final Act,Winners Round 2,2024-12-29 22:09:51+00:00
https://www.youtube.com/watch?v=JpN8ma2jXK0,the government,Zetterburn,TSG | Mr.L,Kragg,SBR Final Act,Winners Round 2,2024-12-29 22:09:54+00:00
https://www.youtube.com/watch?v=sJcLbxtGpZ0,fork,Ranno,Ant,Ranno,SBR Final Act,Winners Round 2,2024-12-29 22:09:57+00:00
https://www.youtube.com/watch?v=771WM4W2vD4,DTL | Wevans,Forsburn,Ant,Ranno,SBR Final Act,Winners Quarter-Final,2024-12-29 22:10:00+00:00
https://www.youtube.com/watch?v=554FUZqk3mw,DTL | Kero,Loxodont,AirBearXD,Kragg,SBR Final Act,Winners Quarter-Final,2024-12-29 22:10:02+00:00
https://www.youtube.com/watch?v=oTb2pOeoFYM,CodeKai-leb,Fleet,fork,Ranno,SBR Final Act,Losers Round 1,2024-12-29 22:10:04+00:00
https://www.youtube.com/watch?v=KElA7T1Y5B0,fork,Ranno,chipotle+,Zetterburn,SBR Final Act,Losers Round 2,2024-12-29 22:10:07+00:00
https://www.youtube.com/watch?v=nWxa1-Ga3ks,Strong ARMy | Geez,Ranno,DTL | Kero,Loxodont,SBR Final Act,Winners Semi-Final,2024-12-29 22:10:09+00:00
https://www.youtube.com/watch?v=Btibz6VWyWE,Afmbot,Loxodont,chipotle+,Zetterburn,SBR Final Act,Losers Round 4,2024-12-29 22:10:13+00:00
https://www.youtube.com/watch?v=ep6N5PJmt08,the government,Zetterburn,Ant,Ranno,SBR Final Act,Winners Semi-Final,2024-12-29 22:10:15+00:00
https://www.youtube.com/watch?v=lHv0xUPKJmo,Strong ARMy | Geez,Ranno,the government,Zetterburn,SBR Final Act,Losers Semi-Final,2024-12-29 22:10:17+00:00
https://www.youtube.com/watch?v=ukb9atWp1Cc,Strong ARMy | Geez,Ranno,Ant,Ranno,SBR Final Act,Losers Final,2024-12-29 22:10:20+00:00
https://www.youtube.com/watch?v=9jW2WqQeK0Y,DTL | Kero,Loxodont,Ant,Ranno,SBR Final Act,Grand Final,2024-12-29 22:10:22+00:00
https://www.youtube.com/watch?v=JYPMwtvJIZw,ybm,Wrastor,Sqibbo,Ranno,Immortal Fight Night #205,Wnrs Qrts,2024-12-31 07:27:37+00:00
https://www.youtube.com/watch?v=GE09GLyUlHk,Crowbar,Zetterburn,Sh-Awe,Orcane,Immortal Fight Night #205,Wnrs Semi,2024-12-31 07:27:39+00:00
https://www.youtube.com/watch?v=cGaO-gi_nGo,ybm,Wrastor,Average Alex,Kragg,Immortal Fight Night #205,Wnrs Semi,2024-12-31 07:27:41+00:00
https://www.youtube.com/watch?v=Kzlosk46gsg,Crowbar,Zetterburn,ybm,Wrastor,Immortal Fight Night #205,Lsrs Semi,2024-12-31 07:27:44+00:00
https://www.youtube.com/watch?v=9qOIIBMAC4o,Average Alex,Kragg,Sh-Awe,Orcane,Immortal Fight Night #205,Wnrs Final,2024-12-31 07:27:47+00:00
https://www.youtube.com/watch?v=xn8KKCGRqMM,Sh-Awe,Orcane,Crowbar,Zetterburn,Immortal Fight Night #205,Lsrs Final,2024-12-31 07:27:49+00:00
https://www.youtube.com/watch?v=Lc-AdqdP4k8,Average Alex,Zetterburn,Crowbar,Zetterburn,Immortal Fight Night #205,Grand Finals,2024-12-31 07:27:52+00:00
https://www.youtube.com/watch?v=R2rWN2aRh5M,Sh-Awe,Orcane,Watherum,Ranno,Immortal Fight Night #206,Wnrs Qrts,2024-12-31 07:27:54+00:00
https://www.youtube.com/watch?v=GBMdBDp3p2o,Monocle Gentlesir,Maypul,Toiler,Loxodont,Immortal Fight Night #206,Wnrs Rd 1,2024-12-31 07:27:56+00:00
https://www.youtube.com/watch?v=FwwMXoV0XHc,Watherum,Ranno,Reaper,Forsburn,Immortal Fight Night #206,Wnrs Semi,2024-12-31 07:28:02+00:00
https://www.youtube.com/watch?v=sKXuHHrsFB8,Monocle Gentlesir,Maypul,Watherum,Ranno,Immortal Fight Night #206,Lsrs Semi,2024-12-31 07:28:04+00:00
https://www.youtube.com/watch?v=b_i5bnSIuKo,Reaper,Forsburn,Watherum,Ranno,Immortal Fight Night #206,Lsrs Final,2024-12-31 07:28:09+00:00
https://www.youtube.com/watch?v=3sqYPDVEPp4,fourside,Ranno,Carrot,Ranno,Tuesday Trials 169,Winners Final,2025-01-01 06:57:44+00:00
https://www.youtube.com/watch?v=VmOtRsC9-4k,SkyHigh,Wrastor,mooni,Maypul,Tuesday Trials 169,Losers Semis,2025-01-01 06:57:45+00:00
https://www.youtube.com/watch?v=Xbo1cwqwfyk,SkyHigh,Wrastor,Carrot,Ranno,Tuesday Trials 169,Losers Final,2025-01-01 06:57:48+00:00
https://www.youtube.com/watch?v=dSsR7MUKBZ8,Carrot,Ranno,fourside,Ranno,Tuesday Trials 169,Grand Final,2025-01-01 06:57:50+00:00
https://www.youtube.com/watch?v=kKrL8DdiG_Q,Flaming Hot Vegitos,Clairen,Gamer Latam | Connie Kins,Kragg,Soul Melter Smash #30,,2025-01-03 05:12:56+00:00
https://www.youtube.com/watch?v=7on0scqH6DI,Ahntye,Ranno,Gamer Latam | Connie Kins,Kragg,Soul Melter Smash #30,Winners Semis,2025-01-03 05:13:00+00:00
https://www.youtube.com/watch?v=eFYY2W1qbXY,Ahntye,Loxodont,sigh,Ranno,Soul Melter Smash #30,Winners FinalS,2025-01-03 05:16:18+00:00
https://www.youtube.com/watch?v=S1ye6Lm5C0E,Flaming Hot Vegitos,Clairen,sigh,Ranno,Soul Melter Smash #30,Losers Finals,2025-01-03 05:17:11+00:00
https://www.youtube.com/watch?v=kYETavIHJkA,Flaming Hot Vegitos,Clairen,Ahntye,Fleet,Soul Melter Smash #30,Grand Finals,2025-01-03 05:20:37+00:00
https://www.youtube.com/watch?v=tbCudZ6HxeE,Reaper,Forsburn,ilikepizza107,Forsburn,Straight Into The Abyss #5,Lsrs Semi,2025-01-03 18:21:35+00:00
https://www.youtube.com/watch?v=hRwTRtQFYjQ,nard,Clairen,Average Alex,Kragg,Straight Into The Abyss #5,Wnrs Final,2025-01-03 18:21:39+00:00
https://www.youtube.com/watch?v=YVzw-kXRV24,Average Alex,Kragg,ilikepizza107,Forsburn,Straight Into The Abyss #5,Wnrs Semi,2025-01-03 18:21:41+00:00
https://www.youtube.com/watch?v=73A0iY0FnIY,Average Alex,Kragg,Sh-Awe,Orcane,Straight Into The Abyss #5,Wnrs Qrts,2025-01-03 18:21:43+00:00
https://www.youtube.com/watch?v=npCjuu59HkE,ubl,Forsburn,ejj,Forsburn,LMBM 2025,,2025-01-04 18:35:22+00:00
https://www.youtube.com/watch?v=fDHxugc6vcM,Mr. Mojo Risin&#39;,Ranno,Cafe,Clairen,LMBM 2025,,2025-01-04 18:38:06+00:00
https://www.youtube.com/watch?v=ups1ezbwYqM,avinashic,Loxodont,shoobopper,Kragg,LMBM 2025,,2025-01-04 18:39:27+00:00
https://www.youtube.com/watch?v=q1tPnOCT9Zo,Stango,Zetterburn,Spider,Zetterburn,LMBM 2025,,2025-01-04 18:44:32+00:00
https://www.youtube.com/watch?v=KLiwA4xYjlw,QueVeen,Kragg,Greg House,Maypul,LMBM 2025,,2025-01-04 18:46:04+00:00
https://www.youtube.com/watch?v=juMDmJ4SkJw,Boo,Kragg,Revilo2112,Fleet,LMBM 2025,,2025-01-04 19:26:49+00:00
https://www.youtube.com/watch?v=kWuj5dFFemI,Boiko,Clairen,Greg House,Maypul,LMBM 2025,,2025-01-04 19:28:19+00:00
https://www.youtube.com/watch?v=rB9DbwWMrCQ,Lone,Maypul,Switch,Zetterburn,LMBM 2025,,2025-01-04 19:33:47+00:00
https://www.youtube.com/watch?v=Q7mmOm8L1gs,Khanya,Forsburn,Penguin,Orcane,LMBM 2025,,2025-01-04 20:31:39+00:00
https://www.youtube.com/watch?v=rak0fyjpo7o,Blackbird,Zetterburn,Shoobopper,Ranno,LMBM 2025,,2025-01-04 20:32:23+00:00
https://www.youtube.com/watch?v=KNLu5wCiOG8,Xan,Fleet,Solarbeam,Loxodont,LMBM 2025,,2025-01-04 21:21:39+00:00
https://www.youtube.com/watch?v=8LfztrYPz8U,Mr Watch &amp; Learn,Forsburn,Cipher,Ranno,LMBM 2025,,2025-01-04 21:23:05+00:00
https://www.youtube.com/watch?v=J_t4FVMtSO0,ZeeBee,Kragg,Jackie Peanuts,Kragg,LMBM 2025,,2025-01-04 21:26:36+00:00
https://www.youtube.com/watch?v=IUqkCuJk5YY,CheesyPotato,Kragg,SaltLord,Zetterburn,LMBM 2025,,2025-01-04 21:27:51+00:00
https://www.youtube.com/watch?v=bhPafYKqCQQ,Spargo,Clairen,Windforce,Ranno,LMBM 2025,,2025-01-04 21:28:32+00:00
https://www.youtube.com/watch?v=xQ5r-H65pOA,CakeAssault,Fleet,Revilo2112,Fleet,LMBM 2025,,2025-01-04 21:42:53+00:00
https://www.youtube.com/watch?v=CTwNtcIRd04,Switch,Zetterburn,Marss,Ranno,LMBM 2025,,2025-01-04 21:56:26+00:00
https://www.youtube.com/watch?v=dWVhhspCwQw,VoiD,Forsburn,CheesyPotato,Kragg,LMBM 2025,,2025-01-04 22:08:41+00:00
https://www.youtube.com/watch?v=rcXeyr80kSw,Stango,Zetterburn,ZeeBee,Kragg,LMBM 2025,,2025-01-04 22:36:30+00:00
https://www.youtube.com/watch?v=U8YMwnCJxe0,Lucius,Ranno,Boiko,Clairen,LMBM 2025,,2025-01-04 22:54:26+00:00
https://www.youtube.com/watch?v=OfqDK4hs6pU,BioBirb,Wrastor,CakeAssault,Forsburn,LMBM 2025,,2025-01-04 23:06:28+00:00
https://www.youtube.com/watch?v=AqlCFwRRaGE,VoiD,Forsburn,Switch,Zetterburn,LMBM 2025,,2025-01-05 00:26:01+00:00
https://www.youtube.com/watch?v=cY_0-0_7Y_c,ZeeBee,Kragg,Revilo2112,Fleet,LMBM 2025,,2025-01-05 00:26:50+00:00
https://www.youtube.com/watch?v=rXhqFGtqhsQ,Lucius,Ranno,Marss,Ranno,LMBM 2025,,2025-01-05 00:29:15+00:00
https://www.youtube.com/watch?v=0KjMTjNxgTA,Beastly,Zetterburn,BioBirb,Wrastor,LMBM 2025,,2025-01-05 00:30:48+00:00
https://www.youtube.com/watch?v=KslzzdlFbB4,VoiD,Forsburn,Sparg0,Clairen,LMBM 2025,,2025-01-05 00:48:10+00:00
https://www.youtube.com/watch?v=4jAQR2BVcT8,AirGordon,Fleet,Ethab Taxi,Ranno,Fusion # 235,Winners Quarter-Finals,2025-01-05 15:14:39+00:00
https://www.youtube.com/watch?v=udBV57tSoLA,AirGordon,Fleet,Nard,Clairen,Fusion # 235,Winners Semi-Finals,2025-01-05 15:15:07+00:00
https://www.youtube.com/watch?v=NVC1MS_39v0,Solarbeam,Loxodont,Elu,Ranno,Fusion # 235,Winners Semi-Finals,2025-01-05 15:15:33+00:00
https://www.youtube.com/watch?v=WP-E1yHqpus,Prime,Ranno,Aubreyclo,Maypul,Fusion # 235,Losers Round 2,2025-01-05 15:16:01+00:00
https://www.youtube.com/watch?v=Sw1gsTjAeJg,Nard,Clairen,Solarbeam,Loxodont,Fusion # 235,Winners Final,2025-01-05 15:16:18+00:00
https://www.youtube.com/watch?v=YKaZPAt_6r8,Prime,Ranno,Elu,Ranno,Fusion # 235,Losers Semi-Final,2025-01-05 15:16:40+00:00
https://www.youtube.com/watch?v=bDpxqUrP09Y,Nard,Clairen,Prime,Ranno,Fusion # 235,Losers Final,2025-01-05 15:17:01+00:00
https://www.youtube.com/watch?v=1wdt83RFjzU,ZeeBee,Kragg,Marss,Ranno,LMBM 2025,Top 8,2025-01-05 18:27:55+00:00
https://www.youtube.com/watch?v=ym9z_0OEUxs,Beastly,Zetterburn,Spargo,Clairen,LMBM 2025,Top 8,2025-01-05 18:28:57+00:00
https://www.youtube.com/watch?v=gd14Uw0NU-Q,CakeAssault,Forsburn,Switch,Zetterburn,LMBM 2025,Top 8,2025-01-05 18:33:56+00:00
https://www.youtube.com/watch?v=Vu0E-5qZYuA,Stango,Zetterburn,Boiko,Clairen,LMBM 2025,Top 8,2025-01-05 18:35:55+00:00
https://www.youtube.com/watch?v=RvZLNwOhmjI,ZeeBee,Kragg,Switch,Zetterburn,LMBM 2025,Top 8,2025-01-05 18:37:05+00:00
https://www.youtube.com/watch?v=8LipECi8raE,Stango,Zetterburn,Sparg0,Clairen,LMBM 2025,Top 8,2025-01-05 18:38:26+00:00
https://www.youtube.com/watch?v=uZMAtqrre9A,CakeAssault,Forsburn,Boiko,Clairen,LMBM 2025,Winners Finals,2025-01-05 18:52:22+00:00
https://www.youtube.com/watch?v=5ZE0XThXC_E,Spargo,Clairen,Switch,Zetterburn,LMBM 2025,Losers Semis,2025-01-05 19:08:47+00:00
https://www.youtube.com/watch?v=OZokzef86k4,Spargo,Clairen,Boiko,Clairen,LMBM 2025,Losers Finals,2025-01-05 19:28:52+00:00
https://www.youtube.com/watch?v=docVurEEfrE,crustaceanman,Kragg,KoÃƒÆ’Ã‚Â¯n,Maypul,Monthly of Aether #2,EU Losers Finals,2025-01-05 20:04:49+00:00
https://www.youtube.com/watch?v=4f3ZUlDDWfE,Metabenn,Ranno,Guthix,Kragg,Monthly of Aether #2,EU Pools,2025-01-05 20:04:50+00:00
https://www.youtube.com/watch?v=9zJ6nCd5JwU,Picotera,Zetterburn,Verdigri,Kragg,Monthly of Aether #2,EU Winners Quarterfinals,2025-01-05 20:04:50+00:00
https://www.youtube.com/watch?v=O972iqZBQMM,crustaceanman,Kragg,SSP | Snormanda,Wrastor,Monthly of Aether #2,EU Winners Quarterfinals,2025-01-05 20:04:50+00:00
https://www.youtube.com/watch?v=8GP6yUWIhO4,So,Zetterburn,Jule$,Zetterburn,Monthly of Aether #2,EU Pools,2025-01-05 20:04:50+00:00
https://www.youtube.com/watch?v=NHhj3HF9K2Q,Metabenn,Ranno,KoÃƒÆ’Ã‚Â¯n,Maypul,Monthly of Aether #2,EU Losers Semifinals,2025-01-05 20:04:50+00:00
https://www.youtube.com/watch?v=o825Gh1Fak4,crustaceanman,Kragg,Impasse,Zetterburn,Monthly of Aether #2,EU Grand Finals,2025-01-05 20:04:50+00:00
https://www.youtube.com/watch?v=lXGy_5fKXjU,Impasse,Zetterburn,Picotera,Zetterburn,Monthly of Aether #2,EU Winners Semifinals,2025-01-05 20:04:50+00:00
https://www.youtube.com/watch?v=xZZ2NqwussE,crustaceanman,Kragg,Impasse,Zetterburn,Monthly of Aether #2,EU Winners Finals,2025-01-05 20:04:52+00:00
https://www.youtube.com/watch?v=aP34eKS02wc,Lucio,Zetterburn,Grompy00,Zetterburn,Monthly of Aether #2,Losers Semifinals,2025-01-05 20:05:17+00:00
https://www.youtube.com/watch?v=phcWZikEiL4,Shadowhawke,Wrastor,Sago,Loxodont,Monthly of Aether #2,Winners Quarterfinals,2025-01-05 20:05:17+00:00
https://www.youtube.com/watch?v=8Im5C9Ktzd8,Poilu,Ranno,Grompy00,Zetterburn,Monthly of Aether #2,Grand Finals,2025-01-05 20:05:17+00:00
https://www.youtube.com/watch?v=8phhNPc7xfE,Oneoutkast,Kragg,Poilu,Ranno,Monthly of Aether #2,Winners Quarterfinals,2025-01-05 20:05:17+00:00
https://www.youtube.com/watch?v=S-PJM2AS-GM,Sago,Loxodont,Poilu,Ranno,Monthly of Aether #2,Winners Finals,2025-01-05 20:05:17+00:00
https://www.youtube.com/watch?v=ggSAeSUERbs,vibe,Clairen,Iota,Orcane,Monthly of Aether #2,Winners Quarterfinals,2025-01-05 20:05:17+00:00
https://www.youtube.com/watch?v=o8PWmL3t2Rc,Lunar,Maypul,Iota,Orcane,Monthly of Aether #2,Pools,2025-01-05 20:05:17+00:00
https://www.youtube.com/watch?v=hZFu47bBonA,Sago,Loxodont,vibe,Clairen,Monthly of Aether #2,Winners Semifinals,2025-01-05 20:05:17+00:00
https://www.youtube.com/watch?v=lcWeFbYBuXI,FRKS | Grayson,Kragg,Lucio,Zetterburn,Monthly of Aether #2,Pools,2025-01-05 20:05:17+00:00
https://www.youtube.com/watch?v=kw-wV7Kz_Rc,Spargo,Clairen,CakeAssault,Forsburn,LMBM 2025,Grand Finals,2025-01-05 20:05:48+00:00
https://www.youtube.com/watch?v=6PE_ff1K1p8,Splash,Maypul,niranoha,Fleet,Champions of Asia #8,Winners Semi Final,2025-01-06 00:00:00+00:00
https://www.youtube.com/watch?v=y5dMxkr4sec,GG7,Zetterburn,Sturgeon,Forsburn,Champions of Asia #8,Winners Semi-Final,2025-01-06 00:00:00+00:00
https://www.youtube.com/watch?v=m6gU2HQmnyA,niranoha,Fleet,GG7,Zetterburn,Champions of Asia #8,Winners Final,2025-01-06 00:00:00+00:00
https://www.youtube.com/watch?v=K0rGVgoVF0k,Splash,Maypul,asthma,Kragg,Champions of Asia #8,Losers Quarter Final,2025-01-06 00:00:00+00:00
https://www.youtube.com/watch?v=Rv4tl4-UR8E,asthma,Kragg,Sturgeon,Forsburn,Champions of Asia #8,Losers Semi-Final,2025-01-06 00:00:00+00:00
https://www.youtube.com/watch?v=1YkCLeQqIR8,GG7,Zetterburn,asthma,Kragg,Champions of Asia #8,Losers Final,2025-01-06 00:00:00+00:00
https://www.youtube.com/watch?v=bQIj39Lm1tI,GG7,Zetterburn,niranoha,Fleet,Champions of Asia #8,Grand Final,2025-01-06 00:00:00+00:00
https://www.youtube.com/watch?v=teNCkzFKvnM,Sh-Awe,Clairen,QE,Clairen,Immortal Fight Night #206,Wnrs Rd 1,2025-01-07 13:29:16+00:00
https://www.youtube.com/watch?v=xOMg3pidI-4,Frostbite,Zetterburn,Watherum,Ranno,Immortal Fight Night #206,Wnrs Semi,2025-01-07 13:29:21+00:00
https://www.youtube.com/watch?v=xLPuQI6T_oY,Watherum,Ranno,Sh-Awe,Clairen,Immortal Fight Night #206,Lsrs Semi,2025-01-07 13:29:26+00:00
https://www.youtube.com/watch?v=tV8nF3QmPf0,Watherum,Ranno,Frostbite,Zetterburn,Immortal Fight Night #206,Lsrs Final,2025-01-07 13:29:29+00:00
https://www.youtube.com/watch?v=uPwp04alNcc,FPZ,Maypul,Yiffster,Orcane,OutRivaled: The Return,Winners Quarters,2025-01-07 21:31:31+00:00
https://www.youtube.com/watch?v=lZSQP8NVbXQ,Serris,Ranno,ProZ,Maypul,OutRivaled: The Return,Winners Round 2,2025-01-07 21:31:59+00:00
https://www.youtube.com/watch?v=Qb-5dtH00Lo,flatline,Ranno,Clipart,Loxodont,OutRivaled: The Return,Winners Round 2,2025-01-07 21:32:27+00:00
https://www.youtube.com/watch?v=SPdvgF--6sw,FPZ,Maypul,Juno,Maypul,OutRivaled: The Return,Winners Finals,2025-01-07 21:33:40+00:00
https://www.youtube.com/watch?v=Q5EoYLgj1Ss,Frosty,Kragg,FPZ,Maypul,OutRivaled: The Return,Losers Finals,2025-01-07 21:34:23+00:00
https://www.youtube.com/watch?v=24HEjeusZeA,Juno,Maypul,Frosty,Kragg,OutRivaled: The Return,Grand Finals,2025-01-07 21:34:56+00:00
https://www.youtube.com/watch?v=KXg4n2Gp6rM,Juno,Maypul,Frosty,Kragg,OutRivaled: The Return,Winners Semifinals,2025-01-07 21:35:27+00:00
https://www.youtube.com/watch?v=cDX2BH3njaQ,Frosty,Kragg,Serris,Ranno,OutRivaled: The Return,Losers Semifinals,2025-01-07 21:35:57+00:00
https://www.youtube.com/watch?v=Yq6leV1QQ9c,Chips,Ranno,Alecorn,Zetterburn,Soul Melter Smash #31,,2025-01-08 04:17:19+00:00
https://www.youtube.com/watch?v=c3Dw2gAtoaE,Seelder,Fleet,Alecorn,Zetterburn,Soul Melter Smash #31,Winners Semis,2025-01-08 04:18:09+00:00
https://www.youtube.com/watch?v=5Hlh9hdKdw4,Seelder,Fleet,sigh,Ranno,Soul Melter Smash #31,Winners FinalS,2025-01-08 04:19:07+00:00
https://www.youtube.com/watch?v=IupN6AQkHFE,Alecorn,Zetterburn,OCC | iSleep,Zetterburn,Soul Melter Smash #31,Losers Semis,2025-01-08 04:20:23+00:00
https://www.youtube.com/watch?v=KDMXT2DCGiY,sigh,Ranno,OCC | iSleep,Zetterburn,Soul Melter Smash #31,Losers Finals,2025-01-08 04:21:23+00:00
https://www.youtube.com/watch?v=6g8FEqOEG7s,sigh,Ranno,Seelder,Ranno,Soul Melter Smash #31,Grand Finals,2025-01-08 04:22:01+00:00
https://www.youtube.com/watch?v=CrXrKgPcHMI,XYK,Zetterburn,HamirTime,Clairen,Tuesday Trials 170,Winners Final,2025-01-08 04:40:21+00:00
https://www.youtube.com/watch?v=3sw4HcwrghM,Wizard Guy,Kragg,fourside,Ranno,Tuesday Trials 170,Losers Semis,2025-01-08 04:40:23+00:00
https://www.youtube.com/watch?v=U8P025RYFG0,Wizard Guy,Kragg,XYK,Kragg,Tuesday Trials 170,Grand Final,2025-01-08 04:40:26+00:00
https://www.youtube.com/watch?v=MZKfk_48EWo,Skylar!,Maypul,PLUSH_WITCH,Loxodont,Floorhuggers #8,,2025-01-09 01:18:26+00:00
https://www.youtube.com/watch?v=5lX3VNevxjQ,TheDeltaSmasher,Maypul,Cork_xx,Forsburn,Floorhuggers #8,,2025-01-09 01:19:25+00:00
https://www.youtube.com/watch?v=JoPv_J_Tfvk,Ellipsis,Clairen,Morsecode762,Ranno,Floorhuggers #8,,2025-01-09 01:20:37+00:00
https://www.youtube.com/watch?v=J85xfgqXWHA,vibe,Clairen,Anther,Orcane,Floorhuggers #8,,2025-01-09 01:21:12+00:00
https://www.youtube.com/watch?v=REz_2q3RpLQ,Astra,Maypul,Morsecode762,Ranno,Floorhuggers #8,,2025-01-09 01:23:26+00:00
https://www.youtube.com/watch?v=aRiNSemW5ZM,YXL,Zetterburn,vibe,Clairen,Floorhuggers #8,,2025-01-09 01:31:02+00:00
https://www.youtube.com/watch?v=lZTvc0Y5y0w,YXL,Zetterburn,Ellipsis,Clairen,Floorhuggers #8,,2025-01-09 01:51:36+00:00
https://www.youtube.com/watch?v=qa4n56-io1Q,Morsecode762,Ranno,vibe,Clairen,Floorhuggers #8,,2025-01-09 02:12:12+00:00
https://www.youtube.com/watch?v=uDjJ8MIXc04,YXL,Zetterburn,vibe,Clairen,Floorhuggers #8,,2025-01-09 02:39:36+00:00
https://www.youtube.com/watch?v=ZuhPiHvr-fg,Jank,Loxodont,Star,Clairen,Tripoint Smash 264,Winners Semifinals,2025-01-11 02:05:12+00:00
https://www.youtube.com/watch?v=pLyvIHqz4Ec,Frosty,Kragg,Kits,Ranno,Tripoint Smash 264,Winners Semifinals,2025-01-11 02:16:43+00:00
https://www.youtube.com/watch?v=7N2R5gn4fig,Frosty,Kragg,Star,Clairen,Tripoint Smash 264,Winners Finals,2025-01-11 02:29:57+00:00
https://www.youtube.com/watch?v=UMPOSD4MPqE,Jank,Loxodont,Kits,Ranno,Tripoint Smash 264,Losers Semifinals,2025-01-11 03:02:41+00:00
https://www.youtube.com/watch?v=7d4oawR2fUk,Jank,Loxodont,Star,Clairen,Tripoint Smash 264,Losers Finals,2025-01-11 03:26:37+00:00
https://www.youtube.com/watch?v=ZbCic-WPNgk,MK~Iori,Ranno,Ted,Ranno,MK~Burgers 2,,2025-01-11 08:27:08+00:00
https://www.youtube.com/watch?v=iKZYRaLzYMg,MK~Iori,Ranno,Chikle,Wrastor,MK~Burgers 2,,2025-01-11 08:27:10+00:00
https://www.youtube.com/watch?v=HpdX5V7gT-s,MK~Iori,Ranno,Lichi,Orcane,MK~Burgers 2,,2025-01-11 08:27:14+00:00
https://www.youtube.com/watch?v=CKLNdUo9vpI,Ted,Ranno,Chikle,Wrastor,MK~Burgers 2,,2025-01-11 08:27:17+00:00
https://www.youtube.com/watch?v=twtAPoykbP8,Ted,Ranno,Xavhi,Maypul,MK~Burgers 2,,2025-01-11 08:27:21+00:00
https://www.youtube.com/watch?v=5Rssw7dvuUI,Chikle,Wrastor,Xavhi,Maypul,MK~Burgers 2,,2025-01-11 08:27:24+00:00
https://www.youtube.com/watch?v=P4bEPHRrPnA,Chikle,Wrastor,Linksolidus,Zetterburn,MK~Burgers 2,,2025-01-11 08:27:29+00:00
https://www.youtube.com/watch?v=3HvBnPApBrc,Xavhi,Maypul,Linksolidus,Zetterburn,MK~Burgers 2,,2025-01-11 08:27:33+00:00
https://www.youtube.com/watch?v=vtxWkmaR344,Ted,Ranno,Linksolidus,Zetterburn,MK~Burgers 2,,2025-01-11 08:27:37+00:00
https://www.youtube.com/watch?v=AD05eK8lNJw,Ted,Ranno,Lichi,Orcane,MK~Burgers 2,,2025-01-11 08:27:40+00:00
https://www.youtube.com/watch?v=MhPH3T1rPkA,Xavhi,Maypul,L.I.A.N,Wrastor,MK~Burgers 2,,2025-01-11 08:27:44+00:00
https://www.youtube.com/watch?v=bLxO_0fC4GQ,Lichi,Orcane,L.I.A.N,Wrastor,MK~Burgers 2,,2025-01-11 08:27:48+00:00
https://www.youtube.com/watch?v=HMS3NlVcIiY,MK~Iori,Ranno,Linksolidus,Zetterburn,MK~Burgers 2,Grand Finals,2025-01-11 08:27:53+00:00
https://www.youtube.com/watch?v=39E-0HIKH_I,Lilybunn,Orcane,Carrot,Ranno,Tuesday Trials 171,Winners Final,2025-01-15 04:26:07+00:00
https://www.youtube.com/watch?v=HtoY5Pu2XQY,HamirTime,Clairen,fourside,Ranno,Tuesday Trials 171,Losers Semis,2025-01-15 04:26:09+00:00
https://www.youtube.com/watch?v=S8APjb-2eIg,HamirTime,Clairen,Carrot,Ranno,Tuesday Trials 171,Losers Final,2025-01-15 04:26:12+00:00
https://www.youtube.com/watch?v=74JbWdjPtlY,HamirTime,Clairen,Lilybunn,Orcane,Tuesday Trials 171,Grand Final,2025-01-15 04:26:14+00:00
https://www.youtube.com/watch?v=oySOIRYZyes,Halcyon,Zetterburn,Yams!,Kragg,Floorhuggers #9,,2025-01-16 00:20:57+00:00
https://www.youtube.com/watch?v=jI6_ohrcGPk,Broly,Loxodont,Anther,Orcane,Floorhuggers #9,,2025-01-16 00:45:25+00:00
https://www.youtube.com/watch?v=elPB79ul3cE,Tabski,Wrastor,vibe,Clairen,Floorhuggers #9,,2025-01-16 00:56:50+00:00
https://www.youtube.com/watch?v=9-CZyDRzVG8,vibe,Clairen,Cork_xx,Forsburn,Floorhuggers #9,,2025-01-16 01:46:56+00:00
https://www.youtube.com/watch?v=rM67Bo5OhSY,Morsecode762,Ranno,Anther,Orcane,Floorhuggers #9,,2025-01-16 01:46:57+00:00
https://www.youtube.com/watch?v=Uu-VtdE1_H8,Cork_xx,Forsburn,Halcyon,Zetterburn,Floorhuggers #9,,2025-01-16 02:31:42+00:00
https://www.youtube.com/watch?v=739uxwELB6Y,Morsecode762,Ranno,vibe,Clairen,Floorhuggers #9,,2025-01-16 02:32:36+00:00
https://www.youtube.com/watch?v=VzuPFa7BC6c,Grunk,Kragg,Reaper,Forsburn,Immortal Fight Night #208 Lsrs Final,,2025-01-16 19:05:08+00:00
https://www.youtube.com/watch?v=RTyQMrxOGZw,Watherum,Ranno,Grunk,Kragg,Immortal Fight Night #208 Lsrs Semi,,2025-01-16 19:05:10+00:00
https://www.youtube.com/watch?v=03vlLyZIMak,Reaper,Forsburn,Grunk,Kragg,Immortal Fight Night #208 Wnrs Semi,,2025-01-16 19:05:18+00:00
https://www.youtube.com/watch?v=YctZsRwvEUo,GENV,Kragg,Marsh,Wrastor,NITE LITE 11#,Winners Round 2,2025-01-17 04:26:36+00:00
https://www.youtube.com/watch?v=0H_oWDRJJCI,Viri,Maypul,CLANK,Loxodont,NITE LITE 11#,Winners Round 2,2025-01-17 04:26:39+00:00
https://www.youtube.com/watch?v=YCixqMIg70A,Fritze,Wrastor,Oki,Ranno,NITE LITE 11#,Winners Round 2,2025-01-17 04:26:42+00:00
https://www.youtube.com/watch?v=d2SObmwlPJ4,Fritze,Wrastor,Edmund,Zetterburn,NITE LITE 11#,Winners Round 3,2025-01-17 04:26:45+00:00
https://www.youtube.com/watch?v=fnGejVpDbL8,BACKPACK?,Ranno,Edmund,Zetterburn,NITE LITE 11#,Winners Semis,2025-01-17 04:26:48+00:00
https://www.youtube.com/watch?v=pP8QUUYT5_g,Oki,Ranno,ChocoTaco,Forsburn,NITE LITE 11#,Losers Round 2,2025-01-17 04:26:51+00:00
https://www.youtube.com/watch?v=Kg_oNff_Zqo,No More Mr. Nicefire,Zetterburn,ChocoTaco,Forsburn,NITE LITE 11#,Losers Round 3,2025-01-17 04:26:53+00:00
https://www.youtube.com/watch?v=HKDQw9de454,GENV,Kragg,IcyK,Kragg,NITE LITE 11#,Losers Round 3,2025-01-17 04:26:55+00:00
https://www.youtube.com/watch?v=v0xFASA8HP8,IcyK,Kragg,No More Mr. Nicefire,Zetterburn,NITE LITE 11#,Losers Round 4,2025-01-17 04:26:58+00:00
https://www.youtube.com/watch?v=748s7kH5mP8,Edmund,Zetterburn,IcyK,Kragg,NITE LITE 11#,Losers Quarters,2025-01-17 04:27:01+00:00
https://www.youtube.com/watch?v=aexg5o7PwU8,Monthu,Ranno,Edmund,Zetterburn,NITE LITE 11#,Losers Semis,2025-01-17 04:27:04+00:00
https://www.youtube.com/watch?v=LXnBAnpmUHw,BACKPACK?,Ranno,ChuckFug,Orcane,NITE LITE 11#,Winners Finals,2025-01-17 04:27:09+00:00
https://www.youtube.com/watch?v=N0ZnpYwzXxI,Monthu,Ranno,ChuckFug,Orcane,NITE LITE 11#,Losers Finals,2025-01-17 04:27:12+00:00
https://www.youtube.com/watch?v=pQ3dWlDx0nc,Suture,Ranno,Monocle Gentlesir,Maypul,Straight Into The Abyss #6,Wnrs Rd 1,2025-01-17 18:25:21+00:00
https://www.youtube.com/watch?v=w1J4g1HwYyw,Reaper,Forsburn,Lone,Maypul,Straight Into The Abyss #6,Wnrs Qrts,2025-01-17 18:25:23+00:00
https://www.youtube.com/watch?v=l9VtL6Yt5NU,Average Alex,Kragg,Sh-Awe,Clairen,Straight Into The Abyss #6,Wnrs Qrts,2025-01-17 18:25:25+00:00
https://www.youtube.com/watch?v=-ea8cqixwH8,Average Alex,Orcane,Reaper,Forsburn,Straight Into The Abyss #6,Wnrs Semi,2025-01-17 18:25:28+00:00
https://www.youtube.com/watch?v=UfsxpwMde7s,Humanlime,Wrastor,Average Alex,Kragg,Straight Into The Abyss #6,Wnrs Final,2025-01-17 18:25:30+00:00
https://www.youtube.com/watch?v=XjQW_c3myGU,Reaper,Forsburn,Veryene,Fleet,Straight Into The Abyss #6,Lsrs Semi,2025-01-17 18:25:33+00:00
https://www.youtube.com/watch?v=2V8zdjff8pI,Average Alex,Clairen,Veryene,Fleet,Straight Into The Abyss #6,Lsrs Final,2025-01-17 18:25:36+00:00
https://www.youtube.com/watch?v=fEkdQylDcXo,Humanlime,Wrastor,Average Alex,Clairen,Straight Into The Abyss #6,Grand Finals,2025-01-17 18:25:38+00:00
https://www.youtube.com/watch?v=3oNN3PxQ5Q8,niranoha,Fleet,Splash,Maypul,Champions of Asia #9,Grand Final,2025-01-19 00:00:00+00:00
https://www.youtube.com/watch?v=ANwr6ztj2sQ,JM|Eros,Clairen,Splash,Maypul,Champions of Asia #9,Losers Final,2025-01-19 00:00:00+00:00
https://www.youtube.com/watch?v=TAKlqlott8U,niranoha,Fleet,Splash,Maypul,Champions of Asia #9,Winners Final,2025-01-19 00:00:00+00:00
https://www.youtube.com/watch?v=1VTI6ySwILc,Ã¦vidd,Zetterburn,JM|Eros,Clairen,Champions of Asia #9,Losers Semi Final,2025-01-19 00:00:00+00:00
https://www.youtube.com/watch?v=RxiKSiFbf6s,Splash,Maypul,JM|Eros,Clairen,Champions of Asia #9,Winners Round 2 (Game 4 Only),2025-01-19 00:00:00+00:00
https://www.youtube.com/watch?v=sCG7wnvLpBI,Porqpine21,Zetterburn,B2,Clairen,Champions of Asia #9,Winners Round 1,2025-01-19 00:00:00+00:00
https://www.youtube.com/watch?v=iPJfHWlG4aI,Porqpine21,Zetterburn,Ã¦vidd,Zetterburn,Champions of Asia #9,LQF (Game 4 only),2025-01-19 00:00:00+00:00
https://www.youtube.com/watch?v=OKey57lxTbs,Porqpine21,Zetterburn,niranoha,Fleet,Champions of Asia #9,Winners Round 2,2025-01-19 00:00:00+00:00
https://www.youtube.com/watch?v=zbn0agw0iYk,Toothbrush,Ranno,Hampolo,Zetterburn,Fusion # 237,Winners Quarter-Finals,2025-01-19 02:06:38+00:00
https://www.youtube.com/watch?v=kLfE1i071II,Muttnut,Forsburn,Ooda,Clairen,Fusion # 237,Winners Quarter-Finals,2025-01-19 02:06:51+00:00
https://www.youtube.com/watch?v=W64MUtdjxEo,Nard,Clairen,Muttnut,Forsburn,Fusion # 237,Winners Semi-Finals,2025-01-19 02:07:06+00:00
https://www.youtube.com/watch?v=biGIfpJp9bA,CheesyPotato,Kragg,Nard,Clairen,Fusion # 237,Winners Finals,2025-01-19 02:07:30+00:00
https://www.youtube.com/watch?v=shkuSk5vZ4s,CheesyPotato,Kragg,Ooda,Clairen,Fusion # 237,Losers Final,2025-01-19 02:07:46+00:00
https://www.youtube.com/watch?v=X7FOcErYfHs,Nard,Clairen,CheesyPotato,Kragg,Fusion # 237,Grand Finals,2025-01-19 02:08:10+00:00
https://www.youtube.com/watch?v=9fPOkpE3-UE,XaviBun,Forsburn,melee.boston | Puunk_,Orcane,Chef&#39;s Choice #6,Winners Round 1,2025-01-19 15:00:14+00:00
https://www.youtube.com/watch?v=tXWXDyBsRfg,Takkun,Zetterburn,Dougsauce,Orcane,Chef&#39;s Choice #6,Winners Semis,2025-01-19 15:15:07+00:00
https://www.youtube.com/watch?v=IenwrO_ylI4,Winters,Maypul,XaviBun,Forsburn,Chef&#39;s Choice #6,Winners Semis,2025-01-19 15:30:05+00:00
https://www.youtube.com/watch?v=Z3w7ndS3DG0,XaviBun,Forsburn,Dougsauce,Loxodont,Chef&#39;s Choice #6,Losers Semis,2025-01-19 16:00:37+00:00
https://www.youtube.com/watch?v=n8QwNMAxePc,Winters,Maypul,XaviBun,Forsburn,Chef&#39;s Choice #6,Losers Finals,2025-01-19 16:15:06+00:00
https://www.youtube.com/watch?v=x_arzAWYzfc,Takkun,Wrastor,XaviBun,Forsburn,Chef&#39;s Choice #6,Grand Finals,2025-01-19 16:30:11+00:00
https://www.youtube.com/watch?v=ZBQI96PE6dg,Genarog,Fleet,Gallax,Maypul,Aether Reborn #1,Winners Quarter-Final,2025-01-20 18:37:14+00:00
https://www.youtube.com/watch?v=rwqI6HQaOJY,Alpha,Zetterburn,Solid,Zetterburn,Aether Reborn #1,Losers Round 4,2025-01-20 18:41:56+00:00
https://www.youtube.com/watch?v=fge2bJFNc4g,Genarog,Fleet,DonCascone,Loxodont,Aether Reborn #1,Winners Semi-Final,2025-01-20 18:44:53+00:00
https://www.youtube.com/watch?v=wvle6GO9VGk,Impasse,Zetterburn,y0lT,Zetterburn,Aether Reborn #1,Winners Semi-Final,2025-01-20 18:47:03+00:00
https://www.youtube.com/watch?v=vYqzVM42QJg,Firmiggio,Orcane,Alexo,Kragg,Aether Reborn #1,Losers Eights,2025-01-20 18:47:16+00:00
https://www.youtube.com/watch?v=QEEkpg2P4Ww,Dav,Wrastor,Solid,Zetterburn,Aether Reborn #1,Losers Eights,2025-01-20 18:51:04+00:00
https://www.youtube.com/watch?v=yTNiaRLn_DE,Firmiggio,Orcane,Genarog,Fleet,Aether Reborn #1,Losers Quarter-Final,2025-01-20 18:52:46+00:00
https://www.youtube.com/watch?v=cr12_aIkScg,Solid,Zetterburn,y0lT,Zetterburn,Aether Reborn #1,Losers Quarter-Final,2025-01-20 18:56:22+00:00
https://www.youtube.com/watch?v=R1-XYammaj8,Firmiggio,Orcane,Solid,Zetterburn,Aether Reborn #1,Losers Semi-Final,2025-01-20 18:57:56+00:00
https://www.youtube.com/watch?v=KCKKvh_jqSk,Impasse,Zetterburn,DonCascone,Loxodont,Aether Reborn #1,Grand Final,2025-01-20 18:58:14+00:00
https://www.youtube.com/watch?v=Is226Krx43c,Impasse,Zetterburn,DonCascone,Loxodont,Aether Reborn #1,Winners Final,2025-01-20 18:58:16+00:00
https://www.youtube.com/watch?v=JbjlCTDlQh4,Morsecode762,Ranno,vibe,Clairen,Floorhuggers #9,Grand Finals,2025-01-21 04:50:14+00:00
https://www.youtube.com/watch?v=AcIkJ1l2bO4,Anther,Orcane,vibe,Clairen,Floorhuggers #9,,2025-01-21 04:57:57+00:00
https://www.youtube.com/watch?v=Jb1hXh0cN0k,Morsecode762,Ranno,vibe,Clairen,Floorhuggers #8,Grand Finals,2025-01-21 05:11:44+00:00
https://www.youtube.com/watch?v=BflzFBLUgIc,sigh,Ranno,TSwiftFan420,Zetterburn,Soul Melter Smash #33,,2025-01-22 02:42:18+00:00
https://www.youtube.com/watch?v=lnRZtwabc60,Alecorn,Zetterburn,Chips,Ranno,Soul Melter Smash #33,,2025-01-22 02:45:24+00:00
https://www.youtube.com/watch?v=13JRMAm3TSk,Seelder,Fleet,GOATcheese,Kragg,Soul Melter Smash #33,Winners Semis,2025-01-22 02:53:52+00:00
https://www.youtube.com/watch?v=IgOF2u8LvAI,T-Rex,Loxodont,Ahntye,Fleet,Soul Melter Smash #33,Winners Semis,2025-01-22 02:54:12+00:00
https://www.youtube.com/watch?v=SAoSmYRS57Q,Ahntye,Fleet,Seelder,Fleet,Soul Melter Smash #33,Winners FinalS,2025-01-22 02:58:48+00:00
https://www.youtube.com/watch?v=KVHdlWVO36I,TSwiftFan420,Zetterburn,J Flo,Ranno,Soul Melter Smash #33,,2025-01-22 03:01:16+00:00
https://www.youtube.com/watch?v=T2o8PZkHlvw,TSwiftFan420,Zetterburn,T-Rex,Loxodont,Soul Melter Smash #33,,2025-01-22 03:14:15+00:00
https://www.youtube.com/watch?v=jtP-SmtdR_o,GOATcheese,Kragg,T-Rex,Loxodont,Soul Melter Smash #33,Losers Semis,2025-01-22 03:16:39+00:00
https://www.youtube.com/watch?v=kocJP2XiedE,Ahntye,Fleet,T-Rex,Loxodont,Soul Melter Smash #33,Losers Finals,2025-01-22 03:16:47+00:00
https://www.youtube.com/watch?v=nXVYxFU1hV0,Seelder,Fleet,T-Rex,Loxodont,Soul Melter Smash #33,Grand Finals,2025-01-22 03:18:52+00:00
https://www.youtube.com/watch?v=OqglZ9Hmsi0,Ant,Ranno,CheesyPotato,Kragg,TPPS 17,Group Stage,2025-01-22 04:12:01+00:00
https://www.youtube.com/watch?v=TsTMXtPUoU8,Ant,Ranno,Bbatts,Fleet,TPPS 17,Group Stage,2025-01-22 04:47:38+00:00
https://www.youtube.com/watch?v=PVOfN2_YPV4,Ant,Ranno,DoxsEgo,Clairen,TPPS 17,Group Stage,2025-01-22 05:08:26+00:00
https://www.youtube.com/watch?v=VyL3P1Gii20,Kruz,Maypul,Lilybunn,Orcane,Tuesday Trials 172,Winners Final,2025-01-22 05:15:55+00:00
https://www.youtube.com/watch?v=_ooLAK1vLsc,XYK,Kragg,HamirTime,Clairen,Tuesday Trials 172,Losers Semis,2025-01-22 05:15:57+00:00
https://www.youtube.com/watch?v=Yht3F1Q4o8c,XYK,Zetterburn,Lilybunn,Orcane,Tuesday Trials 172,Losers Final,2025-01-22 05:15:58+00:00
https://www.youtube.com/watch?v=8wgFlgoXc5c,Kruz,Maypul,Lilybunn,Orcane,Tuesday Trials 172,Grand Final,2025-01-22 05:16:00+00:00
https://www.youtube.com/watch?v=Pux0X7Ewz2k,Ant,Ranno,Menace13,Loxodont,TPPS 17 - Final Stage,WR1,2025-01-22 05:47:07+00:00
https://www.youtube.com/watch?v=EVuHpnn0l8w,Ant,Ranno,ZeusDahGoose,Kragg,TPPS 17 - Final Stage,WF,2025-01-22 22:57:26+00:00
https://www.youtube.com/watch?v=6agaJyzizDg,Ant,Ranno,Toothbrush,Ranno,TPPS 17 - Final Stage,WR2,2025-01-22 22:58:10+00:00
https://www.youtube.com/watch?v=KilSS2FlpT4,Ant,Ranno,ZeeBee,Kragg,TPPS 17 - Final Stage,WSF,2025-01-22 23:02:15+00:00
https://www.youtube.com/watch?v=o5reP7R4New,Ant,Ranno,ZeeBee,Kragg,TPPS 17 - Final Stage,LF,2025-01-22 23:02:22+00:00
https://www.youtube.com/watch?v=b7M-SsaAAkI,Toothbrush,Ranno,Solarbeam,Loxodont,TPPS 17 - Final Stage,WR1,2025-01-23 00:49:40+00:00
https://www.youtube.com/watch?v=Zjbzc6PAn_Y,Ant,Ranno,ZeusDahGoose,Kragg,TPPS 17 - Final Stage,GF,2025-01-23 01:04:33+00:00
https://www.youtube.com/watch?v=qmm_UuSBBW0,RandomDude,Ranno,HamPolo,Zetterburn,Fusion #238,Winners Round 1,2025-01-25 01:57:01+00:00
https://www.youtube.com/watch?v=N5FL1YRQPnY,AubreyChlo,Maypul,AirGordon,Fleet,Fusion # 238,Winners Round 1,2025-01-25 01:57:14+00:00
https://www.youtube.com/watch?v=4roaQC7BpOI,Solarbeam,Loxodont,Danzello,Orcane,Fusion # 238,Winners Quarter-Finals,2025-01-25 01:58:47+00:00
https://www.youtube.com/watch?v=AYyKD_ytXRE,Mulldrifter,Loxodont,Toothbrush,Ranno,Fusion # 238,Winners Quarter-FInals,2025-01-25 02:12:31+00:00
https://www.youtube.com/watch?v=j45bRN1lPfs,Cheesypotato,Kragg,Solarbeam,Loxodont,Fusion # 238,Winners Semi-Finals,2025-01-25 02:21:49+00:00
https://www.youtube.com/watch?v=vR4TglqtyCU,Nard,Clairen,Mulldrifter,Kragg,Fusion # 238,Winners Semi-Finals,2025-01-25 02:24:03+00:00
https://www.youtube.com/watch?v=t4vGy4GF1nQ,Solarbeam,Loxodont,Nard,Clairen,Fusion # 238,Winners Finals,2025-01-25 02:25:01+00:00
https://www.youtube.com/watch?v=ljcTc-GHma0,Danzello,Orcane,Toothbrush,Ranno,Fusion # 238,Losers Semi-Finals,2025-01-25 02:33:40+00:00
https://www.youtube.com/watch?v=tiLO8_esUlk,Nard,Clairen,Toothbrush,Ranno,Fusion # 238,Losers Finals,2025-01-25 02:35:29+00:00
https://www.youtube.com/watch?v=uC0zUs3rfgA,Solarbeam,Loxodont,Toothbrush,Ranno,Fusion # 238,Grand Finals,2025-01-25 02:38:17+00:00
https://www.youtube.com/watch?v=zHJULA4Wt98,Mystery Sol,Fleet,HKP,Zetterburn,Requiem,Winners Semifinals,2025-01-25 08:45:04+00:00
https://www.youtube.com/watch?v=R8cmZbNa56I,Kyb,Fleet,Gengur,Clairen,Requiem,Winners Semifinals,2025-01-25 09:00:34+00:00
https://www.youtube.com/watch?v=NjVXTL6nxJY,NNG | Pikmon,Forsburn,HKP,Zetterburn,Requiem,Losers Quarterfinals,2025-01-25 09:15:02+00:00
https://www.youtube.com/watch?v=XrTG_X4JXtQ,NNG | Evil Nardwuar,Loxodont,Kyb,Fleet,Requiem,Losers Quarterfinals,2025-01-25 09:30:12+00:00
https://www.youtube.com/watch?v=1vHGQ8GbpXw,Gengur,Clairen,Mystery Sol,Fleet,Requiem,Winners Finals,2025-01-25 09:45:00+00:00
https://www.youtube.com/watch?v=oUnJH3x7PhM,NNG | Pikmon,Forsburn,NNG | Evil Nardwuar,Loxodont,Requiem,Losers Semifinals,2025-01-25 10:01:00+00:00
https://www.youtube.com/watch?v=xs3l-P-DrZ0,Gengur,Clairen,NNG | Evil Nardwuar,Loxodont,Requiem,Losers Finals,2025-01-25 10:15:05+00:00
https://www.youtube.com/watch?v=Had1Ef9pYJQ,Gengur,Clairen,Mystery Sol,Fleet,Requiem,Grand Finals,2025-01-25 10:30:08+00:00
https://www.youtube.com/watch?v=ijdXN7a-S0Y,CRWZZ!,Forsburn,Nerito,Maypul,Rayenari Gaming 9,Pools,2025-01-25 20:00:44+00:00
https://www.youtube.com/watch?v=e9yittQGHdU,Kaido,Loxodont,Nerito,Maypul,Rayenari Gaming 9,Pools,2025-01-25 20:05:46+00:00
https://www.youtube.com/watch?v=VkbkIwwy8gE,IamGhost,Kragg,Roby,Loxodont,Rayenari Gaming 9,Pools,2025-01-25 20:09:37+00:00
https://www.youtube.com/watch?v=b7x_KtExrng,Star,Clairen,Roby,Loxodont,Rayenari Gaming 9,Pools,2025-01-25 20:14:09+00:00
https://www.youtube.com/watch?v=38BE6mGTH70,Star,Clairen,IamGhost,Kragg,Rayenari Gaming 9,Pools,2025-01-25 20:21:21+00:00
https://www.youtube.com/watch?v=r9p3CSA-fq8,Kaido,Loxodont,Roby,Loxodont,Rayenari Gaming 9,LQF,2025-01-25 20:27:25+00:00
https://www.youtube.com/watch?v=VSf5MTxBe44,Star,Clairen,Nerito,Maypul,Rayenari Gaming 9,WF,2025-01-25 20:31:17+00:00
https://www.youtube.com/watch?v=_UsKRiHs6Aw,IamGhost,Kragg,CRWZZ!,Forsburn,Rayenari Gaming 9,LQF,2025-01-25 20:44:49+00:00
https://www.youtube.com/watch?v=ggTIq8rpxCs,IamGhost,Forsburn,Kaido,Loxodont,Rayenari Gaming 9,LSF,2025-01-25 20:50:55+00:00
https://www.youtube.com/watch?v=bY5xKWpHQjQ,Nerito,Maypul,Kaido,Loxodont,Rayenari Gaming 9,LF,2025-01-25 21:00:41+00:00
https://www.youtube.com/watch?v=S3hemGmQrSI,Star,Clairen,Nerito,Maypul,Rayenari Gaming 9,GF,2025-01-25 21:10:19+00:00
https://www.youtube.com/watch?v=KJ_yOOoFS20,Reaper,Clairen,Sqibbo,Clairen,Immortal Fight Night #209 Rnd Rbn,,2025-01-26 12:32:28+00:00
https://www.youtube.com/watch?v=XRjPmJuu1GA,Ares,Clairen,Sqibbo,Ranno,Immortal Fight Night #209 Rnd Rbn,,2025-01-26 12:32:33+00:00
https://www.youtube.com/watch?v=Wd-wH97wyno,NibbyNibbyNub,Zetterburn,Reaper,Forsburn,Immortal Fight Night #209 Rnd Rbn,,2025-01-26 12:32:35+00:00
https://www.youtube.com/watch?v=KfplqXElOx4,Watherum,Ranno,Ares,Clairen,Immortal Fight Night #209 Rnd Rbn,,2025-01-26 12:32:42+00:00
https://www.youtube.com/watch?v=Gt5knt8b_1E,Reaper,Forsburn,Watherum,Ranno,Immortal Fight Night #209 Rnd Rbn,,2025-01-26 12:32:44+00:00
https://www.youtube.com/watch?v=4UQDqTAwIsg,Just Chef,Loxodont,Hotwheels Enthusiast,Loxodont,Casa De Smash #9,WR1,2025-01-26 22:13:36+00:00
https://www.youtube.com/watch?v=ZmORbBLB2m8,Paragon | I0N,Etalus,Jerry,Kragg,Casa De Smash #9,WQF,2025-01-26 22:40:27+00:00
https://www.youtube.com/watch?v=RTdHHIz8D3s,Paragon | I0N,Etalus,Potatoes,Loxodont,Casa De Smash #9,WF,2025-01-26 23:05:50+00:00
https://www.youtube.com/watch?v=3myFbdenw2U,ColeChel,Maypul,Potatoes,Loxodont,Casa De Smash #9,WS,2025-01-26 23:14:43+00:00
https://www.youtube.com/watch?v=dwGeWMz4yuM,ColeChel,Maypul,Jerry,Kragg,Casa De Smash #9,LQF,2025-01-27 00:02:49+00:00
https://www.youtube.com/watch?v=QknsnCGOxoM,BillySporKin,Kragg,Jerry,Kragg,Casa De Smash #9,LR4,2025-01-27 00:03:44+00:00
https://www.youtube.com/watch?v=jr5YXCdFjdU,ColeChel,Maypul,Hotwheels Enthusiast,Loxodont,Casa De Smash #9,LSF,2025-01-27 00:09:19+00:00
https://www.youtube.com/watch?v=kg3RPvPaPUw,ColeChel,Maypul,Potatoes,Loxodont,Casa De Smash #9,LF,2025-01-27 00:10:52+00:00
https://www.youtube.com/watch?v=fmz-aKhbTDQ,Celestio,Kragg,Matador,Wrastor,Frosty Faustings XVII,Round 1 POOLS,2025-01-27 07:34:10+00:00
https://www.youtube.com/watch?v=qF-dDz87A_Q,Wiley22,Ranno,Yung Quaff,Zetterburn,Frosty Faustings XVII,Round 1 POOLS,2025-01-27 07:35:04+00:00
https://www.youtube.com/watch?v=wrjFVQiJFP8,Gluteus,Kragg,HeroAwesome,Forsburn,Frosty Faustings XVII,Round 1 POOLS,2025-01-27 07:35:33+00:00
https://www.youtube.com/watch?v=OgGRE1_Arho,Anakin Skinwalker,Zetterburn,Ellis,Orcane,Frosty Faustings XVII,Round 1 POOLS,2025-01-27 07:36:06+00:00
https://www.youtube.com/watch?v=7M_JPXppsBk,SuperSalty,Maypul,Matador,Wrastor,Frosty Faustings XVII,Top 48 Winners,2025-01-27 07:37:22+00:00
https://www.youtube.com/watch?v=TRXfWocQQ88,Frosty,Kragg,Mr.Watch&amp;Learn,Forsburn,Frosty Faustings XVII,Top 48 Winners,2025-01-27 07:37:51+00:00
https://www.youtube.com/watch?v=A9qVScTye4k,Rymo,Forsburn,matt,Kragg,Frosty Faustings XVII,Top 48 Winners,2025-01-27 07:38:13+00:00
https://www.youtube.com/watch?v=3J2pk8CriAI,Paragon | I0N,Kragg,Potatoes,Loxodont,Casa De Smash #9,GF,2025-01-27 22:54:10+00:00
https://www.youtube.com/watch?v=Sl6KR-fqc_g,JCZ,Maypul,ArkaTekK,Kragg,Casa De Smash #9,LR2,2025-01-27 23:01:47+00:00
https://www.youtube.com/watch?v=GuSMkEcCXF4,RoboticPainter,Wrastor,ColeChel,Maypul,Casa De Smash #9,WQF,2025-01-27 23:09:47+00:00
https://www.youtube.com/watch?v=u9WrO-A_Fg0,Jerry,Kragg,Ladakit,Kragg,Casa De Smash #9,LR3,2025-01-27 23:12:08+00:00
https://www.youtube.com/watch?v=AlAaFcQJl80,ColeChel,Maypul,Potatoes,Loxodont,Casa De Smash #9,WF,2025-01-27 23:17:30+00:00
https://www.youtube.com/watch?v=mBb0M3uJqeQ,Just Chef,Loxodont,Hotwheels Enthusiast,Loxodont,Casa De Smash #9,LQF,2025-01-27 23:22:07+00:00
https://www.youtube.com/watch?v=O6CeCaXHADc,Marlon,Orcane,Ravenking,Wrastor,Frosty Faustings XVII,Top 16 Winners,2025-01-28 16:38:35+00:00
https://www.youtube.com/watch?v=tSmYD1WSJBE,BioBirb,Wrastor,Frosty,Kragg,Frosty Faustings XVII,Top 16 Winners,2025-01-28 16:50:03+00:00
https://www.youtube.com/watch?v=BDEf8-K0hoc,Lucius,Ranno,Rymo,Forsburn,Frosty Faustings XVII,Top 16 Winners,2025-01-28 16:51:07+00:00
https://www.youtube.com/watch?v=tsn_IBeqtHY,SuperSalty,Maypul,big_mak,Wrastor,Frosty Faustings XVII,Top 12 Losers,2025-01-28 16:51:15+00:00
https://www.youtube.com/watch?v=whqBaM6rf3k,Marlon,Wrastor,Rymo,Forsburn,Frosty Faustings XVII,Winners Semis,2025-01-28 16:51:54+00:00
https://www.youtube.com/watch?v=f8QqEe5wLAQ,BioBirb,Wrastor,Anakin Skinwalker,Zetterburn,Frosty Faustings XVII,Winners Semis,2025-01-28 16:54:01+00:00
https://www.youtube.com/watch?v=QSSa2V2xyLQ,Doman,Fleet,Mr.Watch&amp;Learn,Forsburn,Frosty Faustings XVII,Losers Top 8,2025-01-28 16:55:00+00:00
https://www.youtube.com/watch?v=cImWyG8tCRc,zaqk,Forsburn,big_mak,Wrastor,Frosty Faustings XVII,Losers Top 8,2025-01-28 16:55:11+00:00
https://www.youtube.com/watch?v=bg-bfMU5zHc,Anakin Skinwalker,Zetterburn,Mr.Watch&amp;Learn,Forsburn,Frosty Faustings XVII,LQ,2025-01-28 16:55:20+00:00
https://www.youtube.com/watch?v=EeXJF8KnckE,Rymo,Forsburn,zaqk,Forsburn,Frosty Faustings XVII,Losers Quarters,2025-01-28 16:55:25+00:00
https://www.youtube.com/watch?v=XYCOohElJMY,Marlon,Orcane,BioBirb,Wrastor,Frosty Faustings XVII,Winners Final,2025-01-28 16:55:47+00:00
https://www.youtube.com/watch?v=H1zPI7ji3WA,Mr.Watch&amp;Learn,Forsburn,zaqk,Forsburn,Frosty Faustings XVII,Losers SEMI,2025-01-28 16:55:51+00:00
https://www.youtube.com/watch?v=Z0kJW7dMPfE,BioBirb,Wrastor,zaqk,Forsburn,Frosty Faustings XVII,Losers Final,2025-01-28 16:55:58+00:00
https://www.youtube.com/watch?v=XtAuqPzlaj8,Marlon,Orcane,BioBirb,Wrastor,Frosty Faustings XVII,Grand Final,2025-01-28 16:56:07+00:00
https://www.youtube.com/watch?v=NM4OhwS4MbE,Epsi,Orcane,Ahntye,Etalus,Soul Melter Smash #34,,2025-01-29 03:27:54+00:00
https://www.youtube.com/watch?v=pKAggacc2rU,Seelder,Etalus,Chips,Ranno,Soul Melter Smash #34,,2025-01-29 03:27:58+00:00
https://www.youtube.com/watch?v=-yN4PcpEEw0,Seelder,Etalus,Epsi,Orcane,Soul Melter Smash #34,Winners FinalS,2025-01-29 03:28:01+00:00
https://www.youtube.com/watch?v=Do0NmeynrVo,Ahntye,Fleet,Gamer LatAm | Connie Kins,Kragg,Soul Melter Smash #34,,2025-01-29 03:28:27+00:00
https://www.youtube.com/watch?v=hZUAxO0Utxk,Ahntye,Fleet,Epsi,Orcane,Soul Melter Smash #34,Losers Finals,2025-01-29 03:28:49+00:00
https://www.youtube.com/watch?v=T0AmPXewZI4,Ahntye,Etalus,Seelder,Etalus,Soul Melter Smash #34,Grand Finals,2025-01-29 03:29:14+00:00
https://www.youtube.com/watch?v=t6ykEMy3uxY,TimeGear,Wrastor,HamirTime,Clairen,Tuesday Trials 173,Winners Final,2025-01-29 05:28:34+00:00
https://www.youtube.com/watch?v=fnPSvPxtdYI,Carrot,Ranno,HamirTime,Clairen,Tuesday Trials 173,Losers Final,2025-01-29 05:28:35+00:00
https://www.youtube.com/watch?v=iDijuIBkOik,Carrot,Ranno,TimeGear,Fleet,Tuesday Trials 173,Grand Final,2025-01-29 05:28:37+00:00
https://www.youtube.com/watch?v=bXVWYeFUGlI,Monocle Gentlesir,Maypul,Sh-Awe,Orcane,Immortal Fight Night #210,Wnrs Rd 2,2025-01-29 16:22:10+00:00
https://www.youtube.com/watch?v=ykNewJd2Yu8,QE,Orcane,Watherum,Ranno,Immortal Fight Night #210,Wnrs Qtrs,2025-01-29 16:22:12+00:00
https://www.youtube.com/watch?v=7EnwgmpLmzo,Watherum,Ranno,Monocle Gentlesir,Maypul,Immortal Fight Night #210,Lsrs Semi,2025-01-29 16:22:23+00:00
https://www.youtube.com/watch?v=Sr4-Nt_IMwA,elkiies,Maypul,Monocle Gentlesir,Maypul,Straight Into The Abyss #7,Lsrs Final,2025-01-31 17:00:30+00:00
https://www.youtube.com/watch?v=_IZ3xD59adU,Spiceepicklez,Clairen,Lone,Maypul,Straight Into The Abyss #7,Wnrs Qrts,2025-01-31 17:00:43+00:00
https://www.youtube.com/watch?v=oYweHEt6G_k,elkiies,Maypul,Lone,Maypul,Straight Into The Abyss #7,Lsrs Semi,2025-01-31 17:00:56+00:00
https://www.youtube.com/watch?v=wPJtJ65KozE,Robb With 2 Bs,Orcane,elkiies,Zetterburn,Straight Into The Abyss #7,Wnrs Qrts,2025-01-31 17:01:09+00:00
https://www.youtube.com/watch?v=Ai83jSkbcww,Dabuz,Orcane,BUILT LIKE MEW2,Ranno,Coinbox 117,Winner&#39;s Round 1,2025-02-01 18:29:19+00:00
https://www.youtube.com/watch?v=k3PdeqxMFag,Troopah,Clairen,Nogh,Loxodont,Coinbox 117,Winner&#39;s Round 2,2025-02-01 18:29:28+00:00
https://www.youtube.com/watch?v=TEo62LU7wKA,MingMilkshake,Orcane,Mr. R,Wrastor,Coinbox 117,Winner&#39;s Round 3,2025-02-01 18:29:39+00:00
https://www.youtube.com/watch?v=oodIdru-ehA,Mr. R,Wrastor,Josector,Ranno,Coinbox 117,Winner&#39;s Quarters,2025-02-01 18:29:54+00:00
https://www.youtube.com/watch?v=JRwDH94ACII,Bbatts,Fleet,FD,Orcane,Coinbox 117,Winner&#39;s Top 64 Qualifiers,2025-02-01 18:30:06+00:00
https://www.youtube.com/watch?v=37-bgMJLXIU,THEDINKY,Orcane,I0N,Kragg,Coinbox 117,Winner&#39;s Top 64 Qualifiers,2025-02-01 18:30:22+00:00
https://www.youtube.com/watch?v=Hog5s7Dx-CE,Torna,Wrastor,Mr. R,Wrastor,Coinbox 117,Winner&#39;s Top 64 Qualifiers,2025-02-01 18:31:29+00:00
https://www.youtube.com/watch?v=22sr8eTLYuc,Stango,Zetterburn,Archangel,Clairen,Coinbox 117,Winner&#39;s Top 64,2025-02-01 18:31:38+00:00
https://www.youtube.com/watch?v=yh44mrJ30ds,I0N,Kragg,Lucio,Zetterburn,Coinbox 117,Winner&#39;s Top 64,2025-02-01 18:31:59+00:00
https://www.youtube.com/watch?v=n6PPTEF5B2g,Envy,Kragg,Evil Nardwuar,Loxodont,Coinbox 117,Winner&#39;s Top 64,2025-02-01 18:32:11+00:00
https://www.youtube.com/watch?v=Tq_OyPW9MX0,Luck,Ranno,Asashi,Clairen,Coinbox 117,Winner&#39;s Top 32,2025-02-01 18:32:34+00:00
https://www.youtube.com/watch?v=7BwJ1zme7Sc,Switch,Zetterburn,ZeusDahGoose,Kragg,Coinbox 117,Winner&#39;s Top 32,2025-02-01 18:32:47+00:00
https://www.youtube.com/watch?v=FdgOK2J2wi0,I0N,Kragg,Anathema,Ranno,Coinbox 117,Winner&#39;s Top 32,2025-02-01 18:33:11+00:00
https://www.youtube.com/watch?v=TrsrUw3k1tI,Luck,Ranno,Mystery Sol,Fleet,Coinbox 117,Winner&#39;s Top 8 Qualifiers,2025-02-01 18:33:23+00:00
https://www.youtube.com/watch?v=r-tsMc9qBMU,Switch,Zetterburn,Nogh,Loxodont,Coinbox 117,Loser&#39;s Round 5 of Top 64,2025-02-01 18:33:36+00:00
https://www.youtube.com/watch?v=vHLqKanIFPY,Bbatts,Fleet,Rongunshu,Clairen,Coinbox 117,Winner&#39;s Top 8 Qualifiers,2025-02-01 18:33:48+00:00
https://www.youtube.com/watch?v=tUU7WAvOUM0,I0N,Kragg,Stango,Kragg,Coinbox 117,Winner&#39;s Top 8 Qualifiers,2025-02-01 18:34:04+00:00
https://www.youtube.com/watch?v=4MVnVQ_jV4o,I0N,Kragg,Nogh,Loxodont,Coinbox 117,Loser&#39;s Top 8 Qualifiers,2025-02-01 18:34:28+00:00
https://www.youtube.com/watch?v=blUdJYr1UFQ,Luck,Ranno,ZeusDahGoose,Kragg,Coinbox 117,Winner&#39;s Semis,2025-02-01 18:34:37+00:00
https://www.youtube.com/watch?v=rkKo244YHj0,Rongunshu,Clairen,Stango,Zetterburn,Coinbox 117,Winner&#39;s Semis,2025-02-01 18:34:53+00:00
https://www.youtube.com/watch?v=1zFWDuiheyo,I0N,Kragg,ZeusDaGoose,Kragg,Coinbox 117,Loser&#39;s Quarters,2025-02-01 18:35:27+00:00
https://www.youtube.com/watch?v=fpWqGV2lNwY,Luck,Ranno,Rongunshu,Clairen,Coinbox 117,Winner&#39;s Finals,2025-02-01 18:35:36+00:00
https://www.youtube.com/watch?v=wE66MPOm82c,I0N,Kragg,Stango,Kragg,Coinbox 117,Loser&#39;s Semis,2025-02-01 18:35:45+00:00
https://www.youtube.com/watch?v=WJPJ4E1NDeI,I0N,Kragg,Luck,Ranno,Coinbox 117,Loser&#39;s Finals,2025-02-01 18:35:54+00:00
https://www.youtube.com/watch?v=WcQ9v0An9Iw,I0N,Kragg,Rongunshu,Clairen,Coinbox 117,Grand Finals,2025-02-01 18:36:03+00:00
https://www.youtube.com/watch?v=LQId1OOVm9k,Ravenking ,Wrastor,Coolkid85 ,Fleet,Tripoint 266,Losers Quarters,2025-02-02 18:01:54+00:00
https://www.youtube.com/watch?v=3EKIrBMu3hw,Ravenking ,Wrastor,ilikepizza107 ,Forsburn,Tripoint 266,Winner Quarters,2025-02-02 18:10:11+00:00
https://www.youtube.com/watch?v=4cI9sBLfzmw,Sir Dank,Forsburn,Ravenking,Wrastor,Tripoint 266,Losers Semifinals,2025-02-02 19:42:14+00:00
https://www.youtube.com/watch?v=RFyAEO7mO08,ilikepizza107,Forsburn,Ravenking,Wrastor,Tripoint 266,Losers Finals,2025-02-02 19:42:34+00:00
https://www.youtube.com/watch?v=dNDV0E8qdTE,ilikepizza107,Forsburn,star,Clairen,Tripoint 266,Grand Finals,2025-02-02 19:43:00+00:00
https://www.youtube.com/watch?v=rosrLfBhXd4,ilikepizza107,Forsburn,Star,Clairen,Tripoint 266,Winners Finals,2025-02-02 19:47:10+00:00
https://www.youtube.com/watch?v=B9BXVDOevLg,Sir Dank,Forsburn,grima,Zetterburn,Tripoint 266,Losers Quarters,2025-02-02 19:47:42+00:00
https://www.youtube.com/watch?v=gnoKuVnMhS4,PARAGON | I0N,Kragg,Sophilo,Zetterburn,Fire &amp; Ice #39 Rivals 2,GF,2025-02-02 21:10:27+00:00
https://www.youtube.com/watch?v=NpDR3BO_ZY4,Sophilo,Zetterburn,Sabre,Orcane,Fire &amp; Ice #39,LF,2025-02-02 22:11:01+00:00
https://www.youtube.com/watch?v=piGycAUl9To,Gengu,Kragg,Sabre,Orcane,Fire &amp; Ice #39,LQF,2025-02-02 22:12:06+00:00
https://www.youtube.com/watch?v=8ncbQNUCPzM,Potatoes,Loxodont,ColeChel,Maypul,Fire &amp; Ice #39,LQF,2025-02-02 22:13:28+00:00
https://www.youtube.com/watch?v=zCYQZbSmEYw,Gengu,Kragg,JCZ,Maypul,Fire &amp; Ice #39,LR2,2025-02-02 22:14:10+00:00
https://www.youtube.com/watch?v=irWvXfCE00k,Geofella,Zetterburn,Jimrude,Forsburn,Fire &amp; Ice #39,LR2,2025-02-02 22:15:09+00:00
https://www.youtube.com/watch?v=T3CAaN204VE,Geofella,Zetterburn,ColeChel,Maypul,Fire &amp; Ice #39,LR3,2025-02-02 22:16:00+00:00
https://www.youtube.com/watch?v=P7IQEWjiZYo,Sabre,Orcane,Potatoes,Loxodont,Fire &amp; Ice #39,LSF,2025-02-02 22:16:50+00:00
https://www.youtube.com/watch?v=tqYSQOKnhc0,PARAGON | I0N,Kragg,Sophilo,Zetterburn,Fire &amp; Ice #39,WF,2025-02-02 22:17:38+00:00
https://www.youtube.com/watch?v=peVYwR6QouY,Gengu,Kragg,Potatoes,Loxodont,Fire &amp; Ice #39,WQF,2025-02-02 22:18:25+00:00
https://www.youtube.com/watch?v=zOAX91zoueI,PARAGON | I0N,Kragg,Geofella,Zetterburn,Fire &amp; Ice #39,WQF,2025-02-02 22:19:13+00:00
https://www.youtube.com/watch?v=w5-qxcKyoEw,Sabre,Orcane,ColeChel,Maypul,Fire &amp; Ice #39,WQF,2025-02-02 22:20:03+00:00
https://www.youtube.com/watch?v=-aDj6xKFvfA,Sophilo,Zetterburn,Dtier,Kragg,Fire &amp; Ice #39,WQF,2025-02-02 22:23:01+00:00
https://www.youtube.com/watch?v=_F_7ob4IDhE,Gengu,Kragg,Jimrude,Forsburn,Fire &amp; Ice #39,WR1,2025-02-02 22:23:49+00:00
https://www.youtube.com/watch?v=7y47V8nc7zk,PARAGON | I0N,Kragg,Sabre,Orcane,Fire &amp; Ice #39,WSF,2025-02-02 22:24:39+00:00
https://www.youtube.com/watch?v=zSWpi5S3f0w,Potatoes,Loxodont,Sophilo,Zetterburn,Fire &amp; Ice #39,WSF,2025-02-02 22:25:28+00:00
https://www.youtube.com/watch?v=vqje50QX81s,Mystery Sol,Fleet,HKP,Zetterburn,Crow's Nest 1.5,Winners Finals,2025-02-02 23:48:45+00:00
https://www.youtube.com/watch?v=FCfX8Gy4yu8,Viola,Orcane,Riveriver,Etalus,Crow's Nest 1.5,Losers R5,2025-02-02 23:49:30+00:00
https://www.youtube.com/watch?v=2XpgRPgjdgQ,HKP,Zetterburn,Mystery Sol,Fleet,Crow's Nest 1.5, Grand Finals,2025-02-02 23:49:58+00:00
https://www.youtube.com/watch?v=HUVC6gPPQpQ,Evil Nardwuar,Loxodont,HKP,Zetterburn,Crow's Nest 1.5,Losers Finals,2025-02-02 23:50:18+00:00
https://www.youtube.com/watch?v=GVVx4GJRzA4,Evil Nardwuar,Loxodont,Viola,Orcane,Crow's Nest 1.5,Losers Quarters,2025-02-02 23:50:32+00:00
https://www.youtube.com/watch?v=SoSYiCXmVaU,Helix,Loxodont,Lyra,Fleet,Crow's Nest 1.5,Losers R3,2025-02-02 23:50:45+00:00
https://www.youtube.com/watch?v=GnOzre1bwtA,Abraman,Clairen,Helix,Loxodont,Crow's Nest 1.5,Winners R1,2025-02-02 23:52:04+00:00
https://www.youtube.com/watch?v=uxHK8IBfghY,Lyra,Fleet,Penjib,Orcane,Crow's Nest 1.5,Winners R1,2025-02-02 23:52:45+00:00
https://www.youtube.com/watch?v=auTs6ICL2_8,Baguette Boy,Wrastor,LGDMurp,Fleet,Crow's Nest 1.5,Winners R2,2025-02-02 23:53:40+00:00
https://www.youtube.com/watch?v=nT0ZXazQ-xk,LGDMurp,Fleet,Lyra,Fleet,Crow's Nest 1.5,Losers R2,2025-02-02 23:54:34+00:00
https://www.youtube.com/watch?v=K788xHcEaTs,Not Dead,Ranno,Neutrino,Loxodont,Crow's Nest 1.5,Winners R2,2025-02-02 23:55:48+00:00
https://www.youtube.com/watch?v=R8uhZyVJ978,Mystery Sol,Fleet,Evil Nardwuar,Loxodont,Crow's Nest 1.5,Winners Semis,2025-02-02 23:56:57+00:00
https://www.youtube.com/watch?v=Kujobi2M8zU,sigh,Ranno,Strider,Clairen,Soul Melter Smash #35,,2025-02-05 05:40:10+00:00
https://www.youtube.com/watch?v=bp6sWiBfGG0,sigh,Ranno,Gamer LatAm | Connie Kins,Kragg,Soul Melter Smash #35,,2025-02-05 05:40:15+00:00
https://www.youtube.com/watch?v=QJEzUical_o,Strider,Etalus,Gamer LatAm | Connie Kins,Kragg,Soul Melter Smash #35,,2025-02-05 05:40:18+00:00
https://www.youtube.com/watch?v=k2WSRzi22KE,Fushira,Ranno,Pupperkins,Fleet,Rivals of Matsu #2,Loser Quarter-Finals,2025-02-05 14:19:52+00:00
https://www.youtube.com/watch?v=IHMcL5hNWTY,Fushira,Etalus,KingKade,Maypul,Rivals of Matsu #2,Winners Semi-Finals,2025-02-05 14:19:59+00:00
https://www.youtube.com/watch?v=lRXkya4qYpA,Quarion,Ranno,Fushira,Etalus,Rivals of Matsu #2,Loser Semi-Finals,2025-02-05 14:20:02+00:00
https://www.youtube.com/watch?v=FCBeFJ8Fukw,KingKade,Orcane,Quarion,Ranno,Rivals of Matsu #2,Loser Finals,2025-02-05 14:20:05+00:00
https://www.youtube.com/watch?v=Df_cQaXjdSM,KingKade,Orcane,Lark,Forsburn,Rivals of Matsu #2,Grand Finals,2025-02-05 14:20:09+00:00
https://www.youtube.com/watch?v=qOLXli7hHfI,Quarion,Ranno,Lark,Forsburn,Rivals of Matsu #2,Winners Semi-Finals,2025-02-05 14:20:12+00:00
https://www.youtube.com/watch?v=-Csug1tmY3M,Quarion,Ranno,DayBreak,Clairen,Rivals of Matsu #2,Losers Quarter-Finals,2025-02-05 14:20:16+00:00
https://www.youtube.com/watch?v=BpUjQW391Tk,BenBoops,Kragg,DayBreak,Clairen,Rivals of Matsu #2,Losers Round 1,2025-02-05 14:20:20+00:00
https://www.youtube.com/watch?v=5DVoh7wfGgk,BenBoops,Kragg,KingKade,Etalus,Rivals of Matsu #2,Winners Round 1,2025-02-05 14:20:23+00:00
https://www.youtube.com/watch?v=2faICWpN8NE,PAR | I0N,Kragg,Elk G | Potatoes,Loxodont,Trey&#39;s Trashcan Rivals 2: Pre-Pre-Genesis,GF,2025-02-06 21:01:58+00:00
https://www.youtube.com/watch?v=tl0G5Afh8kc,Zeoark,Forsburn,PAR | I0N,Kragg,Trey&#39;s Trashcan Rivals 2: Pre-Pre-Genesis,LF,2025-02-06 21:03:12+00:00
https://www.youtube.com/watch?v=S4vr-L2qj3c,Always,Clairen,Wisp,Maypul,Trey&#39;s Trashcan Rivals 2: Pre-Pre-Genesis,LQF,2025-02-06 21:04:10+00:00
https://www.youtube.com/watch?v=n3PM3dtJIoc,Christos,Etalus,I0N,Etalus,Trey&#39;s Trashcan Rivals 2: Pre-Pre-Genesis,LQF,2025-02-06 21:04:51+00:00
https://www.youtube.com/watch?v=8KQEwlHIWj4,PAR | I0N,Kragg,Always,Ranno,Trey&#39;s Trashcan Rivals 2: Pre-Pre-Genesis,LSF,2025-02-06 21:05:48+00:00
https://www.youtube.com/watch?v=8oAfElwik0U,Elk G | Potatoes,Loxodont,Zeoark,Forsburn,Trey&#39;s Trashcan Rivals 2: Pre-Pre-Genesis,WF,2025-02-06 21:06:30+00:00
https://www.youtube.com/watch?v=PNdUBDxSyxw,PAR | I0N,Maypul,Trey the Trashman,Loxodont,Trey&#39;s Trashcan Rivals 2: Pre-Pre-Genesis,WQF,2025-02-06 21:07:24+00:00
https://www.youtube.com/watch?v=XDRldsx9jb8,Elk G | Potaotes,Loxodont,Christos,Etalus,Trey&#39;s Trashcan Rivals 2: Pre-Pre-Genesis,WQF,2025-02-06 21:08:08+00:00
https://www.youtube.com/watch?v=Z1QZR-EfFWI,Wisp,Maypul,Zeoark,Forsburn,Trey&#39;s Trashcan Rivals 2: Pre-Pre-Genesis,WQF,2025-02-06 21:09:00+00:00
https://www.youtube.com/watch?v=7W7Uu7IYv_Q,Elk G | Potatoes,Loxodont,Always,Ranno,Trey&#39;s Trashcan Rivals 2: Pre-Pre-Genesis,WSF,2025-02-06 21:10:23+00:00
https://www.youtube.com/watch?v=JqFwD47wjpI,Zeoark,Forsburn,PAR | I0N,Maypul,Trey&#39;s Trashcan Rivals 2: Pre-Pre-Genesis,WSF,2025-02-06 21:11:02+00:00
https://www.youtube.com/watch?v=tlFbLbQGp5I,Watherum,Ranno,Sh-Awe,Orcane,Immortal Fight Night #211 Round Robin,,2025-02-06 23:34:16+00:00
https://www.youtube.com/watch?v=j-hjaunce9U,ybm,Wrastor,Sh-Awe,Orcane,Immortal Fight Night #211 Round Robin,,2025-02-06 23:34:22+00:00
https://www.youtube.com/watch?v=nrycWzenZgU,Slatte,Kragg,Logo,Clairen,Eagle&#39;s Nest #8,Winners Round 1,2025-02-08 06:34:27+00:00
https://www.youtube.com/watch?v=27kl5ewz7RU,Monthu,Ranno,Logo,Clairen,Eagle&#39;s Nest #8,Winners Round 2,2025-02-08 06:34:31+00:00
https://www.youtube.com/watch?v=poRgq2BOUJs,Monthu,Ranno,jBoneX,Kragg,Eagle&#39;s Nest #8,Winners Finals,2025-02-08 06:34:35+00:00
https://www.youtube.com/watch?v=zJXQfN6ZfAk,Jank,Loxodont,Sir Dank,Forsburn,Tripoint 267,Losers Quarters,2025-02-09 17:30:31+00:00
https://www.youtube.com/watch?v=aGAJnlT-i3w,Brutus,Clairen,Sir Dank,Forsburn,Tripoint 267,Losers Round 1,2025-02-09 17:32:40+00:00
https://www.youtube.com/watch?v=09YHUU-fvdI,Sir Dank,Forsburn,Autumn,Kragg,Tripoint 267,Losers Round 2,2025-02-09 17:33:59+00:00
https://www.youtube.com/watch?v=StCqP8vtWkw,Sir Dank,Forsburn,Star,Clairen,Tripoint 267,Losers Semis,2025-02-09 17:36:32+00:00
https://www.youtube.com/watch?v=NxhLpJTYa7k,Ravenking,Wrastor,Frosty,Loxodont,Tripoint 267,Winners Finals,2025-02-09 17:38:23+00:00
https://www.youtube.com/watch?v=Vcc5Z_MY0cI,Grayson,Kragg,Brr,Loxodont,Unc Frozen's Icebox 1,Losers Quarters,2025-02-09 19:03:35+00:00
https://www.youtube.com/watch?v=qhXafLUjMnw,Birthdayninja,Wrastor,omar,Loxodont,Unc Frozen's Icebox 1,Winners Quarters,2025-02-09 23:39:48+00:00
https://www.youtube.com/watch?v=IJAqMdU8wsw,Beastly,Zetterburn,omar,Loxodont,Unc Frozen's Icebox 1,Winners Finals,2025-02-09 23:41:27+00:00
https://www.youtube.com/watch?v=Bt805tzxEw8,Grayson,Kragg,Fox,Loxodont,Unc Frozen's Icebox 1,Losers Semis,2025-02-09 23:42:21+00:00
https://www.youtube.com/watch?v=7lcGdI2Iins,Beastly,Zetterburn,Gamerdog,Kragg,Unc Frozen's Icebox 1,Winners Quarters,2025-02-09 23:42:53+00:00
https://www.youtube.com/watch?v=KQQZdgWHFR4,Beastly,Zetterburn,Grayson,Kragg,Unc Frozen's Icebox 1,Winners Semis,2025-02-09 23:43:50+00:00
https://www.youtube.com/watch?v=xL3SFUf5F6o,omar,Loxodont,Oracle,Loxodont,Unc Frozen's Icebox 1,Winners Semis,2025-02-09 23:46:18+00:00
https://www.youtube.com/watch?v=Vn99jm1eG8E,omar,Loxodont,Grayson,Kragg,Unc Frozen's Icebox 1,Losers Final,2025-02-09 23:47:37+00:00
https://www.youtube.com/watch?v=NNom2BAr4So,Beastly,Zetterburn,omar,Loxodont,Unc Frozen's Icebox 1,Grand Finals,2025-02-09 23:48:27+00:00
https://www.youtube.com/watch?v=vNnaOPvTgyc,Luck,Ranno,MajinMiku,Orcane,Wrath 2025,Top 8,2025-02-10 19:56:54+00:00
https://www.youtube.com/watch?v=MMwsXFVBA9M,CakeAssault,Forsburn,C.Falcon,Maypul,Wrath 2025,Top 8,2025-02-10 19:56:58+00:00
https://www.youtube.com/watch?v=7yOQGna5vt4,ZeeBee,Kragg,Switch,Zetterburn,Wrath 2025,Top 8,2025-02-10 19:57:06+00:00
https://www.youtube.com/watch?v=4Ue1lilLwvw,Luck,Ranno,Switch,Zetterburn,Wrath 2025,Top 8,2025-02-10 20:18:41+00:00
https://www.youtube.com/watch?v=NiTbuOTXyLo,CakeAssault,Forsburn,ZeeBee,Kragg,Wrath 2025,Winners FinalS,2025-02-10 20:18:46+00:00
https://www.youtube.com/watch?v=7M3ldeRO60g,wisp,Maypul,vuetzel,Wrastor,La Casa Grande #1,WR2,2025-02-10 23:54:15+00:00
https://www.youtube.com/watch?v=34WdcR91Pnc,wisp,Maypul,elkiies,Maypul,La Casa Grande #1,LQF,2025-02-10 23:54:18+00:00
https://www.youtube.com/watch?v=fCMB03_jvu8,always,Clairen,thecorndoglover,Loxodont,La Casa Grande #1,WR2,2025-02-10 23:54:22+00:00
https://www.youtube.com/watch?v=MjL6JkgEq2Q,sophilo,Zetterburn,elkiies,Maypul,La Casa Grande #1,LF,2025-02-10 23:54:25+00:00
https://www.youtube.com/watch?v=77b-YZblHQE,sohphilo,Zetterburn,PAR|ion,Kragg,La Casa Grande #1,WF,2025-02-10 23:54:27+00:00
https://www.youtube.com/watch?v=uYyG5HLd0pk,RoboticPainter,Wrastor,Runa,Orcane,La Casa Grande #1,LR2,2025-02-10 23:54:31+00:00
https://www.youtube.com/watch?v=Mn1huNJBgUY,RoboticPainter,Wrastor,gnarlee,Zetterburn,La Casa Grande #1,WR1,2025-02-10 23:54:37+00:00
https://www.youtube.com/watch?v=lJOqvRn2Ce0,robotic painter,Wrastor,ion,Kragg,La Casa Grande #1,WR2,2025-02-10 23:54:39+00:00
https://www.youtube.com/watch?v=N77yrYg8ycc,potatoes,Loxodont,zeoark,Forsburn,La Casa Grande #1,WQF,2025-02-10 23:54:42+00:00
https://www.youtube.com/watch?v=BFlEpCGUnlE,potatoes,Loxodont,lolnice,Fleet,La Casa Grande #1,WR2,2025-02-10 23:54:52+00:00
https://www.youtube.com/watch?v=ITCrddL5rA4,BillySporkin,Kragg,EpicRobot,Kragg,La Casa Grande #1,LR2,2025-02-10 23:55:20+00:00
https://www.youtube.com/watch?v=9zt74gurujM,dtier,Kragg,TheCorndogLover,Loxodont,La Casa Grande #1,LR3,2025-02-10 23:55:20+00:00
https://www.youtube.com/watch?v=-2t_n6sdAQ0,BillySporKin,Kragg,Sophilo,Zetterburn,La Casa Grande #1,WR2,2025-02-10 23:55:20+00:00
https://www.youtube.com/watch?v=1-iJ1_KaTEI,colechel,Maypul,lolnice,Fleet,La Casa Grande #1,LR4,2025-02-10 23:55:20+00:00
https://www.youtube.com/watch?v=5QKrzDTrY2I,PAR | i0n,Kragg,potatoes,Loxodont,La Casa Grande #1,WSF,2025-02-10 23:55:21+00:00
https://www.youtube.com/watch?v=-wkW1a2J2R0,nickls,Kragg,vuetzel,Wrastor,La Casa Grande #1,WR1,2025-02-10 23:55:21+00:00
https://www.youtube.com/watch?v=LpqtSM5zg2c,colechel,Maypul,sophilo,Zetterburn,La Casa Grande #1,WQF,2025-02-10 23:55:23+00:00
https://www.youtube.com/watch?v=Vr3xovrA-uE,elkiies,Maypul,sophilo,Zetterburn,La Casa Grande #1,WSF,2025-02-10 23:55:23+00:00
https://www.youtube.com/watch?v=Vp_ixlGAF5w,jerry,Kragg,orimori,Fleet,La Casa Grande #1,WR1,2025-02-10 23:55:23+00:00
https://www.youtube.com/watch?v=O1B-iCremQA,colechel,Maypul,elkiies,Maypul,La Casa Grande #1,LSF,2025-02-10 23:55:23+00:00
https://www.youtube.com/watch?v=Tf05PVftNPQ,vuetzel,Wrastor,tamryn,Kragg,La Casa Grande #1,LR2,2025-02-10 23:55:23+00:00
https://www.youtube.com/watch?v=NstWYC30Yvc,jerry,Kragg,zeoark,Forsburn,La Casa Grande #1,WR2,2025-02-10 23:55:23+00:00
https://www.youtube.com/watch?v=LQLWZH5p98o,flexjork,Kragg,billysporkin,Kragg,La Casa Grande #1,LR3,2025-02-10 23:55:23+00:00
https://www.youtube.com/watch?v=XnsJdum9M7A,zeoark,Forsburn,wisp,Maypul,La Casa Grande #1,LR5,2025-02-10 23:55:24+00:00
https://www.youtube.com/watch?v=Zzjnf6-1qzQ,zeoark,Forsburn,flexjork,Kragg,La Casa Grande #1,LR4,2025-02-10 23:55:24+00:00
https://www.youtube.com/watch?v=zd6axbu1ISU,PAR|ion,Kragg,elkies,Maypul,La Casa Grande #1,GF,2025-02-10 23:55:25+00:00
https://www.youtube.com/watch?v=q-DhNjVjXew,lolnice,Fleet,jerry,Kragg,La Casa Grande #1,LR3,2025-02-10 23:55:25+00:00
https://www.youtube.com/watch?v=r_14nheMXB4,vuetzel,Wrastor,always,Clairen,La Casa Grande #1,LR4,2025-02-10 23:55:25+00:00
https://www.youtube.com/watch?v=sPMrFsce_qY,colechel,Maypul,potatoes,Loxodont,La Casa Grande #1,LQF,2025-02-10 23:55:25+00:00
https://www.youtube.com/watch?v=TbbFXRO-At4,Always,Clairen,elkiies,Maypul,La Casa Grande #1,WQF,2025-02-10 23:55:46+00:00
https://www.youtube.com/watch?v=3D3mYJ40jYQ,Sophilo,Zetterburn,ZeusDahGoose,Kragg,Monthly of Aether #3,Winners Semifinals,2025-02-11 01:40:21+00:00
https://www.youtube.com/watch?v=D1ukIf1Ku84,Vulkan,Kragg,Metabenn,Ranno,Monthly of Aether #3,EU Winners Quarterfinals,2025-02-11 01:40:21+00:00
https://www.youtube.com/watch?v=DxmVVYsSKOM,NVR | Soulrifle211,Forsburn,ZeusDahGoose,Kragg,Monthly of Aether #3,Winners Finals,2025-02-11 01:40:21+00:00
https://www.youtube.com/watch?v=GpteY2BivAI,Genarog,Fleet,DonCascone,Loxodont,Monthly of Aether #3,EU Losers Finals,2025-02-11 01:40:21+00:00
https://www.youtube.com/watch?v=2FKdyb7VCLc,DonCascone,Loxodont,Impasse,Zetterburn,Monthly of Aether #3,EU Grand Finals,2025-02-11 01:40:21+00:00
https://www.youtube.com/watch?v=0E-KQZ4B-Aw,NVR | Soulrifle211,Forsburn,ZeusDahGoose,Kragg,Monthly of Aether #3,Grand Finals,2025-02-11 01:40:21+00:00
https://www.youtube.com/watch?v=3YAM0QZEylY,Guthix,Kragg,Solid,Zetterburn,Monthly of Aether #3,EU Pools,2025-02-11 01:40:21+00:00
https://www.youtube.com/watch?v=DyYxWzL7BcQ,Verdigri,Kragg,y0lT,Zetterburn,Monthly of Aether #3,EU Winners Quarterfinals,2025-02-11 01:40:21+00:00
https://www.youtube.com/watch?v=laucsKCp3OU,darai,Ranno,AoC | Acorn,Zetterburn,Monthly of Aether #3,Pools,2025-02-11 01:40:24+00:00
https://www.youtube.com/watch?v=YmotQ-3eyeU,DonCascone,Loxodont,Psy,Maypul,Monthly of Aether #3,EU Losers Semifinals,2025-02-11 01:40:24+00:00
https://www.youtube.com/watch?v=U6JPX0ZAueM,Raven,Etalus,Dumlo,Kragg,Monthly of Aether #3,EU Pools,2025-02-11 01:40:24+00:00
https://www.youtube.com/watch?v=iaQyGs3j4do,HKP,Zetterburn,Beastly,Zetterburn,Monthly of Aether #3,Winners Quarterfinals,2025-02-11 01:40:24+00:00
https://www.youtube.com/watch?v=WpMVkLQOC60,Cabbage,Orcane,yasuo421,Maypul,Monthly of Aether #3,Pools,2025-02-11 01:40:24+00:00
https://www.youtube.com/watch?v=RdxpOtBUPFk,Genarog,Fleet,So,Zetterburn,Monthly of Aether #3,EU Winners Quarterfinals,2025-02-11 01:40:24+00:00
https://www.youtube.com/watch?v=T4D-sDZHD9M,The Concept of De4th,Fleet,wuffie,Fleet,Monthly of Aether #3,Pools,2025-02-11 01:40:24+00:00
https://www.youtube.com/watch?v=ibcyq4TUvho,Impasse,Zetterburn,Metabenn,Ranno,Monthly of Aether #3,EU Winners Semifinals,2025-02-11 01:40:24+00:00
https://www.youtube.com/watch?v=wzQUGj6ZSi4,HKP,Zetterburn,ApacheGaming,Ranno,Monthly of Aether #3,Pools,2025-02-11 01:40:27+00:00
https://www.youtube.com/watch?v=seoM8d-hs4M,Sophilo,Zetterburn,Poilu,Ranno,Monthly of Aether #3,Winners Quarterfinals,2025-02-11 01:40:27+00:00
https://www.youtube.com/watch?v=yFH7rcDw69k,HKP,Zetterburn,NVR | Soulrifle211,Forsburn,Monthly of Aether #3,Winners Semifinals,2025-02-11 01:40:27+00:00
https://www.youtube.com/watch?v=okCqV27EIMA,ZeusDahGoose,Kragg,Poilu,Ranno,Monthly of Aether #3,Losers Finals,2025-02-11 01:40:27+00:00
https://www.youtube.com/watch?v=EQvJj4qBtbM,sans.,Wrastor,Mastronarde,Forsburn,Run The Rivals #1,Losers Quarters,2025-02-11 04:09:17+00:00
https://www.youtube.com/watch?v=g2H0Ha7h3bY,Owl,Forsburn,Landon,Clairen,Run The Rivals #1,Winners Quarters,2025-02-11 04:12:09+00:00
https://www.youtube.com/watch?v=xJ-tmxeW3tc,Luck,Ranno,C.Falcon,Maypul,Wrath 2025,Losers Semis,2025-02-11 04:56:41+00:00
https://www.youtube.com/watch?v=0PxF2gDdfz0,Luck,Ranno,ZeeBee,Kragg,Wrath 2025,Losers Finals,2025-02-11 04:56:43+00:00
https://www.youtube.com/watch?v=3FMYoUl8UDA,Luck,Ranno,CakAssault,Forsburn,Wrath 2025,Grand Finals,2025-02-11 04:56:46+00:00
https://www.youtube.com/watch?v=JK-vwMbbayg,Sh-Awe,Orcane,ybm,Wrastor,Immortal Fight Night #212 Round Robin,,2025-02-12 02:38:11+00:00
https://www.youtube.com/watch?v=A9B49E5EMbE,Watherum,Ranno,Sh-Awe,Orcane,Immortal Fight Night #212 Round Robin,,2025-02-12 02:38:11+00:00
https://www.youtube.com/watch?v=dZ2SGW1fJU4,ybm,Wrastor,NibbyNibbyNub,Zetterburn,Immortal Fight Night #212 Round Robin,,2025-02-12 02:38:13+00:00
https://www.youtube.com/watch?v=3Q-k2r250qI,NibbyNibbyNub,Zetterburn,Watherum,Ranno,Immortal Fight Night #212 Round Robin,,2025-02-12 02:38:15+00:00
https://www.youtube.com/watch?v=-OFFUGbqv_M,ybm,Wrastor,Watherum,Ranno,Immortal Fight Night #212 Round Robin,,2025-02-12 02:38:18+00:00
https://www.youtube.com/watch?v=lAGH333G88c,Sh-Awe,Orcane,NibbyNibbyNub,Zetterburn,Immortal Fight Night #212 Round Robin,,2025-02-12 02:38:20+00:00
https://www.youtube.com/watch?v=ipGQmKQd8_w,fourside,Ranno,HamirTime,Clairen,Tuesday Trials 175,Winners Final,2025-02-12 04:56:40+00:00
https://www.youtube.com/watch?v=Q7PrzGxK0nI,Dandoo,Orcane,Carrot,Ranno,Tuesday Trials 175,Losers Semis,2025-02-12 04:56:41+00:00
https://www.youtube.com/watch?v=DBBE4lJhzr0,Carrot,Ranno,fourside,Ranno,Tuesday Trials 175,Losers Final,2025-02-12 04:56:43+00:00
https://www.youtube.com/watch?v=YKq4ECY7Brk,HamirTime,Clairen,fourside,Ranno,Tuesday Trials 175,Grand Final,2025-02-12 04:56:44+00:00
https://www.youtube.com/watch?v=qoJdXWWcF0o,Mastronarde,Forsburn,Hunter,Maypul,Run The Rivals #1,Losers Semis,2025-02-12 04:57:46+00:00
https://www.youtube.com/watch?v=E1jZ7Egzkec,Veka,Clairen,Hunter,Maypul,Run The Rivals #1,Losers Finals,2025-02-12 04:57:49+00:00
https://www.youtube.com/watch?v=mJIWa58TZUw,Mastronarde,Forsburn,Veka,Clairen,Run The Rivals #1,Winners Quarters,2025-02-12 04:58:01+00:00
https://www.youtube.com/watch?v=r9tKgjxlumM,Veka,Clairen,Hunter,Zetterburn,Run The Rivals #1,Winners Semis,2025-02-12 04:58:06+00:00
https://www.youtube.com/watch?v=VQgjZuUTOuM,Landon,Clairen,sans.,Wrastor,Run The Rivals #1,Winners Semis,2025-02-12 04:58:09+00:00
https://www.youtube.com/watch?v=YgE_foop8SE,pinkheelys,Orcane,Clarity,Ranno,Run The Rivals #1,Winners Round 2,2025-02-12 04:58:11+00:00
https://www.youtube.com/watch?v=tFJHkNKTQBY,ADDICT,Zetterburn,Wisely,Forsburn,Run The Rivals #1,Winners Round 2,2025-02-12 04:58:14+00:00
https://www.youtube.com/watch?v=rgH6vQqWboc,Veka,Clairen,Landon,Clairen,Run The Rivals #1,Winners Finals,2025-02-12 04:58:16+00:00
https://www.youtube.com/watch?v=e0S3B2J3cWc,Ahntye,Fleet,PRTY | YTG,Maypul,Soul Melter Smash #36,,2025-02-12 13:27:30+00:00
https://www.youtube.com/watch?v=aEQ303wH3_Q,GOATcheese,Kragg,Gamer LatAm | Connie Kins,Kragg,Soul Melter Smash #36,,2025-02-12 13:27:40+00:00
https://www.youtube.com/watch?v=6xH5twpeeKA,GOATcheese,Kragg,PRTY | YTG,Maypul,Soul Melter Smash #36,,2025-02-12 13:27:43+00:00
https://www.youtube.com/watch?v=JgB4SRXya8w,Ahntye,Fleet,GOATcheese,Kragg,Soul Melter Smash #36,,2025-02-12 13:27:46+00:00
https://www.youtube.com/watch?v=2QKPYINFe9g,Liquid | Hungrybox,Loxodont,DuoScythe,Clairen,Coinbox 119,Winner&#39;s Round 1,2025-02-14 05:10:56+00:00
https://www.youtube.com/watch?v=-XQBryTUfFk,CakeAssault,Forsburn,N8icus,Clairen,Coinbox 119,Winner&#39;s Round 2,2025-02-14 05:11:04+00:00
https://www.youtube.com/watch?v=p8A8EmyK2Oc,Liquid | Hungrybox,Loxodont,Fizzy_inc,Zetterburn,Coinbox 119,Winner&#39;s Round 2,2025-02-14 05:11:15+00:00
https://www.youtube.com/watch?v=ffj5wFiml58,I0N,Kragg,Cloudburst,Kragg,Coinbox 119,Winner&#39;s Quarters,2025-02-14 05:11:32+00:00
https://www.youtube.com/watch?v=07Yo4rklkew,Liquid | Hungrybox,Loxodont,Altrax,Forsburn,Coinbox 119,Winner&#39;s Quarters,2025-02-14 05:11:41+00:00
https://www.youtube.com/watch?v=224PiEwDb1M,Liquid | Hungrybox,Loxodont,EpicArcher,Fleet,Coinbox 119,Loser&#39;s Round 5,2025-02-14 05:12:08+00:00
https://www.youtube.com/watch?v=XY1L2CXBKZM,Sophilo,Zetterburn,sheepy,Ranno,Coinbox 119,Loser&#39;s Round 6,2025-02-14 05:12:16+00:00
https://www.youtube.com/watch?v=bdLKasjz-gQ,Nogh,Loxodont,Lucio,Zetterburn,Coinbox 119,Winner&#39;s Top 64,2025-02-14 05:12:24+00:00
https://www.youtube.com/watch?v=wQ2Rqam8-Ws,Kero,Loxodont,VoiD,Forsburn,Coinbox 119,Winner&#39;s Top 64,2025-02-14 05:12:32+00:00
https://www.youtube.com/watch?v=YwkNgGhFgNk,Poilu,Ranno,Mang0,Zetterburn,Coinbox 119,Winner&#39;s Top 64,2025-02-14 05:12:40+00:00
https://www.youtube.com/watch?v=jWis3DBiCb0,CakeAssault,Forsburn,Nogh,Loxodont,Coinbox 119,Winner&#39;s Top 32,2025-02-14 05:13:04+00:00
https://www.youtube.com/watch?v=qWqz9-cnN3U,I0N,Kragg,ZeusDahGoose,Kragg,Coinbox 119,Winner&#39;s Top 8 Qualifiers,2025-02-14 05:13:37+00:00
https://www.youtube.com/watch?v=u20nV4ILWys,VoiD,Forsburn,CakeAssault,Fleet,Coinbox 119,Winner&#39;s Top 8 Qualifiers,2025-02-14 05:13:45+00:00
https://www.youtube.com/watch?v=vz7OGMHNgnY,BioBird,Forsburn,CakeAssault,Wrastor,Coinbox 119,Loser&#39;s Top 8,2025-02-14 05:14:11+00:00
https://www.youtube.com/watch?v=YN3W2Q8lKPY,I0N,Kragg,Stango,Kragg,Coinbox 119,Winner&#39;s Semis,2025-02-14 05:14:24+00:00
https://www.youtube.com/watch?v=I2FySFhEjxg,VoiD,Forsburn,Mang0,Zetterburn,Coinbox 119,Winner&#39;s Semis,2025-02-14 05:14:33+00:00
https://www.youtube.com/watch?v=J2R1VUt82BE,Stango,Clairen,CakeAssault,Forsburn,Coinbox 119,Loser&#39;s Quarters,2025-02-14 05:14:41+00:00
https://www.youtube.com/watch?v=YI4T4Fkcg-8,I0N,Kragg,VoiD,Forsburn,Coinbox 119,Winner&#39;s Finals,2025-02-14 05:14:57+00:00
https://www.youtube.com/watch?v=5wzCZKodr28,VoiD,Forsburn,Grompy00,Zetterburn,Coinbox 119,Loser&#39;s Finals,2025-02-14 05:15:40+00:00
https://www.youtube.com/watch?v=ASCc1Ix1_TE,VoiD,Forsburn,I0N,Kragg,Coinbox 119,Grand Finals,2025-02-14 05:15:47+00:00
https://www.youtube.com/watch?v=0KlhbDCV4cI,Crimock,Loxodont,UW | Paradox,Orcane,Mash Harder 11,Winners Round 1,2025-02-14 15:00:01+00:00
https://www.youtube.com/watch?v=ZxIYncVOg7g,Needels,Ranno,Paulo,Maypul,Mash Harder 11,Winners Round 2,2025-02-14 15:30:15+00:00
https://www.youtube.com/watch?v=Dpvid5bWewo,THE PIZZA GUY,Kragg,XaviBun,Forsburn,Mash Harder 11,Winners Round 2,2025-02-14 15:45:00+00:00
https://www.youtube.com/watch?v=ypJ_5sjD-8U,Jimnub,Ranno,Takkun,Wrastor,Mash Harder 11,Winners Quarters,2025-02-14 16:01:08+00:00
https://www.youtube.com/watch?v=sf5Zk51CqKw,red berpo,Loxodont,GuitarLord,Loxodont,Mash Harder 11,Winners Quarters,2025-02-14 16:15:07+00:00
https://www.youtube.com/watch?v=54gKLbf6QFY,Bin,Maypul,THE PIZZA GUY,Kragg,Mash Harder 11,Winners Quarters,2025-02-14 16:30:01+00:00
https://www.youtube.com/watch?v=_4URQdoDkgk,THE PIZZA GUY,Kragg,Needels,Ranno,Mash Harder 11,Losers Top 12,2025-02-14 16:45:02+00:00
https://www.youtube.com/watch?v=NP0CkMqyNpI,Average Alex,Kragg,Acorn,Zetterburn,Straight Into The Abyss #8,Wnrs Final,2025-02-14 17:00:25+00:00
https://www.youtube.com/watch?v=OjvDdHii1gE,Lone,Maypul,Sh-Awe,Orcane,Straight Into The Abyss #8,Wnrs Rd 1,2025-02-14 17:00:30+00:00
https://www.youtube.com/watch?v=SVkMHCmZoe4,Lulius,Clairen,Jimnub,Ranno,Mash Harder 11,Winners Semis,2025-02-14 17:00:38+00:00
https://www.youtube.com/watch?v=cvqpQVONmB0,Lone,Maypul,Acorn,Zetterburn,Straight Into The Abyss #8,Wnrs Qrts,2025-02-14 17:00:47+00:00
https://www.youtube.com/watch?v=Z5DSfj3wFFY,Average Alex,Wrastor,Mkok,Zetterburn,Straight Into The Abyss #8,Wnrs Semi,2025-02-14 17:00:54+00:00
https://www.youtube.com/watch?v=giiuZlAg9JE,Acorn,Zetterburn,Humanlime,Wrastor,Straight Into The Abyss #8,Grand Finals,2025-02-14 17:00:54+00:00
https://www.youtube.com/watch?v=fmxHrs_RQDc,Humanlime,Wrastor,Average Alex,Kragg,Straight Into The Abyss #8,Lsrs Final,2025-02-14 17:00:54+00:00
https://www.youtube.com/watch?v=GRCWCllCwns,Bin,Maypul,red berpo,Loxodont,Mash Harder 11,Winners Semis,2025-02-14 17:15:00+00:00
https://www.youtube.com/watch?v=rWncqgTwyzA,Baunathan,Forsburn,THE PIZZA GUY,Kragg,Mash Harder 11,Losers Top 8,2025-02-14 17:30:12+00:00
https://www.youtube.com/watch?v=CQxZDLnLCo0,Paulo,Maypul,XaviBun,Forsburn,Mash Harder 11,Losers Top 12,2025-02-14 17:45:01+00:00
https://www.youtube.com/watch?v=59kKPnHyrLE,Jimnub,Ranno,THE PIZZA GUY,Kragg,Mash Harder 11,Losers Quarters,2025-02-14 18:00:03+00:00
https://www.youtube.com/watch?v=BHKqaNonHPE,Lulius,Clairen,Bin,Maypul,Mash Harder 11,Winners Finals,2025-02-14 18:15:01+00:00
https://www.youtube.com/watch?v=rHxlICD2kt4,red berpo,Loxodont,Jimnub,Ranno,Mash Harder 11,Losers Semis,2025-02-14 18:30:45+00:00
https://www.youtube.com/watch?v=fxrrK8xP6Dk,Bin,Maypul,Jimnub,Ranno,Mash Harder 11,Losers Finals,2025-02-14 18:45:02+00:00
https://www.youtube.com/watch?v=rYAjzAJmzPM,Lulius,Clairen,Bin,Maypul,Mash Harder 11,Grand Finals,2025-02-14 19:00:41+00:00
https://www.youtube.com/watch?v=kkDzAzeNfyY,Serris,Ranno,AMV Edit,Ranno,Tripoint 268,Winners Round 2,2025-02-15 01:38:09+00:00
https://www.youtube.com/watch?v=0j3h2W-EWRw,zlodziej,Clairen,Jank,Loxodont,Tripoint 268,Winners Round 2,2025-02-15 02:13:53+00:00
https://www.youtube.com/watch?v=Af4z8Akx9qA,ilikepizza107,Forsburn,Star,Clairen,Tripoint 268,Winners Finals,2025-02-15 03:00:45+00:00
https://www.youtube.com/watch?v=sKUqoo_nXFg,Stango,Zetterburn,ZeeBee,Kragg,Genesis X2,Losers Quarters,2025-02-16 05:45:00+00:00
https://www.youtube.com/watch?v=6-qyZ3yEk98,Marlon,Wrastor,Asashi,Clairen,Genesis X2,Losers Quarters,2025-02-16 05:45:00+00:00
https://www.youtube.com/watch?v=-b5W-OLvr94,Plup,Maypul,CakeAssault,Forsburn,Genesis X2,Winners Finals,2025-02-16 05:45:00+00:00
https://www.youtube.com/watch?v=XCEDJ3tbH5c,Stango,Zetterburn,Marlon,Wrastor,Genesis X2,Losers Semis,2025-02-16 05:45:00+00:00
https://www.youtube.com/watch?v=8JhHubemPqU,Stango,Zetterburn,CakeAssault,Forsburn,Genesis X2,Losers Finals,2025-02-16 05:45:00+00:00
https://www.youtube.com/watch?v=Fj26AvJNwA4,Plup,Maypul,CakeAssault,Forsburn,Genesis X2,Grand Finals,2025-02-16 05:45:00+00:00
https://www.youtube.com/watch?v=06Q0kpRv0TU,ilikepizza107,Forsburn,Star,Clairen,Tripoint 268,Grand Finals,2025-02-17 19:37:07+00:00
https://www.youtube.com/watch?v=Z9fXIid5sHU,Mirai_,Ranno,Magicsnax1984,Maypul,Run The Rivals #2,Winners Round 2,2025-02-18 03:37:08+00:00
https://www.youtube.com/watch?v=vW5EiHBBgLk,Landon,Clairen,Love Tub,Clairen,Run The Rivals #2,Winners Quarters,2025-02-18 03:37:34+00:00
https://www.youtube.com/watch?v=eT_EneBQTpY,Veka,Clairen,ADDICT,Zetterburn,Run The Rivals #2,Winners Quarters,2025-02-18 03:37:56+00:00
https://www.youtube.com/watch?v=rbJUy6Ofxcs,Hunter,Maypul,Mastronarde,Forsburn,Run The Rivals #2,Losers Finals,2025-02-18 03:40:16+00:00
https://www.youtube.com/watch?v=CvpFjDQi0Bs,Landon,Clairen,Hunter,Maypul,Run The Rivals #2,Losers Semis,2025-02-18 03:40:36+00:00
https://www.youtube.com/watch?v=Y7P-NuHWO7s,Veka,Clairen,Mastronarde,Forsburn,Run The Rivals #2,Winners Finals,2025-02-18 03:41:11+00:00
https://www.youtube.com/watch?v=PlrRJFFn6fk,Landon,Clairen,Mirai_,Ranno,Run The Rivals #2,Losers Quarters,2025-02-18 03:41:40+00:00
https://www.youtube.com/watch?v=frpMlqSG8LU,Veka,Clairen,Hunter,Maypul,Run The Rivals #2,Winners Semis,2025-02-18 03:41:58+00:00
https://www.youtube.com/watch?v=zBBhP6kgSbU,Mastronarde,Forsburn,Landon,Clairen,Run The Rivals #2,Winners Semis,2025-02-18 03:42:26+00:00
https://www.youtube.com/watch?v=1BruEJQw-kQ,EF,Clairen,Rudo,Clairen,SemBreak Brawl,Losers Quarter Final,2025-02-19 00:00:00+00:00
https://www.youtube.com/watch?v=7wpZdhbsKHE,Rudo,Clairen,2ToneMalone,Fleet,SemBreak Brawl,Losers Semi Final,2025-02-19 00:00:00+00:00
https://www.youtube.com/watch?v=FFGOymPWdJU,2ToneMalone,Fleet,DJN,Loxodont,SemBreak Brawl,Losers Quarter Final (Game 3 Only),2025-02-19 00:00:00+00:00
https://www.youtube.com/watch?v=MIejPQyLHMg,Rudo,Clairen,2ToneMalone,Fleet,SemBreak Brawl,Winners Round 1,2025-02-19 00:00:00+00:00
https://www.youtube.com/watch?v=iTZXEoZC7YI,Porqpine21,Zetterburn,2ToneMalone,Fleet,SemBreak Brawl,Losers Final,2025-02-19 00:00:00+00:00
https://www.youtube.com/watch?v=s3YwcG-jZA8,JM Eros,Clairen,Porqpine21,Zetterburn,SemBreak Brawl,Winners Final,2025-02-19 00:00:00+00:00
https://www.youtube.com/watch?v=x6YnlT_zjOw,JM Eros,Clairen,Porqpine21,Zetterburn,SemBreak Brawl,Grand Final,2025-02-19 00:00:00+00:00
https://www.youtube.com/watch?v=dAhSuuEIlYM,DJN,Loxodont,Porqpine21,Kragg,SemBreak Brawl,Winners Round 2,2025-02-19 00:00:00+00:00
https://www.youtube.com/watch?v=N-8_h9IR7C0,asthma,Kragg,JM Eros,Clairen,Champions of Asia #10,Grand Final,2025-02-19 00:00:00+00:00
https://www.youtube.com/watch?v=pbzYAemfRO0,asthma,Kragg,JM Eros,Clairen,Champions of Asia #10,Winners Final,2025-02-19 00:00:00+00:00
https://www.youtube.com/watch?v=5vczLB0RzFY,DominoDropkix,Loxodont,2ToneMalone,Fleet,Champions of Asia #10,Losers Semi Final,2025-02-19 00:00:00+00:00
https://www.youtube.com/watch?v=Vi-5ornYHfc,NoStyleNoGrace,Loxodont,2ToneMalone,Fleet,Champions of Asia #10,LoserQuarterFinal,2025-02-19 00:00:00+00:00
https://www.youtube.com/watch?v=nYO-zph49Sc,Just Ice,Clairen,JM Eros,Ranno,Champions of Asia #10,Winners Round 2,2025-02-19 00:00:00+00:00
https://www.youtube.com/watch?v=vgsbTrXSnac,Perturbo,Orcane,asthma,Kragg,Champions of Asia #10,Winners Round 2,2025-02-19 00:00:00+00:00
https://www.youtube.com/watch?v=mzYwIjHBq9g,DominoDropkix,Loxodont,JM Eros,Ranno,Champions of Asia #10,Winners Semi Final,2025-02-19 00:00:00+00:00
https://www.youtube.com/watch?v=F-3z1YxRtd0,asthma,Kragg,2ToneMalone,Fleet,Champions of Asia #10,Losers Final,2025-02-19 00:00:00+00:00
https://www.youtube.com/watch?v=I7StPNrwWlc,asthma,Kragg,2ToneMalone,Fleet,Champions of Asia #10,Winners Semi Final,2025-02-19 00:00:00+00:00
https://www.youtube.com/watch?v=4KCuzKS63t0,HamirTime,Clairen,Case,Maypul,Tuesday Trials 176,Winners Final,2025-02-19 04:36:42+00:00
https://www.youtube.com/watch?v=bHXFqUK1PPk,Carrot,Ranno,XYK,Kragg,Tuesday Trials 176,Losers Semis,2025-02-19 04:36:44+00:00
https://www.youtube.com/watch?v=sU4iI6VD6iA,Case,Maypul,XYK,Kragg,Tuesday Trials 176,Losers Final,2025-02-19 04:36:45+00:00
https://www.youtube.com/watch?v=t1BInPbgicQ,XYK,Kragg,HamirTime,Etalus,Tuesday Trials 176,Grand Final,2025-02-19 04:36:47+00:00
https://www.youtube.com/watch?v=8jo4UQlIh00,OhNo | Gorklax,Clairen,Chim,Maypul,Chef&#39;s Choice #7,Winners Round 1,2025-02-19 16:00:09+00:00
https://www.youtube.com/watch?v=VlrNmY1cmsY,CyberHex,Clairen,goose,Ranno,Chef&#39;s Choice #7,Winners Round 1,2025-02-19 16:15:03+00:00
https://www.youtube.com/watch?v=z1vQdmxKnIc,Winters,Zetterburn,UW | Paradox,Orcane,Chef&#39;s Choice #7,Winners Round 1,2025-02-19 16:30:22+00:00
https://www.youtube.com/watch?v=RqYX_kjq_Bs,CyberHex,Maypul,Iggy Ontario,Loxodont,Chef&#39;s Choice #7,Winners Semis,2025-02-19 16:45:01+00:00
https://www.youtube.com/watch?v=bGHHiUiHgF4,Winters,Maypul,OhNo | Gorklax,Clairen,Chef&#39;s Choice #7,Winners Semis,2025-02-19 17:00:46+00:00
https://www.youtube.com/watch?v=yTqlzhfQk0Y,CyberHex,Clairen,OhNo | Gorklax,Clairen,Chef&#39;s Choice #7,Winners Finals,2025-02-19 17:15:05+00:00
https://www.youtube.com/watch?v=TG_sV99mikE,Winters,Maypul,goose,Ranno,Chef&#39;s Choice #7,Losers Quarters,2025-02-19 17:30:05+00:00
https://www.youtube.com/watch?v=hhiK1vLww8g,Winters,Maypul,Iggy Ontario,Loxodont,Chef&#39;s Choice #7,Losers Semis,2025-02-19 17:45:04+00:00
https://www.youtube.com/watch?v=XkWF0kF1dWU,CyberHex,Maypul,Iggy Ontario,Loxodont,Chef&#39;s Choice #7,Losers Finals,2025-02-19 18:00:28+00:00
https://www.youtube.com/watch?v=ZtEnHX3bFSU,OhNo | Gorklax,Clairen,CyberHex,Maypul,Chef&#39;s Choice #7,Grand Finals,2025-02-19 18:15:02+00:00
https://www.youtube.com/watch?v=z-ap4t_HBjk,Porqpine21,Zetterburn,ChocolatJP,Ranno,Champions of Asia #11,WinnersSemiFinal,2025-02-21 02:55:15+00:00
https://www.youtube.com/watch?v=iHB77qmSoig,Porqpine21,Zetterburn,niranoha,Fleet,Champions of Asia #11,Grand Final,2025-02-21 02:55:15+00:00
https://www.youtube.com/watch?v=hexZGIWJMno,ChocolatJP,Ranno,niranoha,Loxodont,Champions of Asia #11,Losers Final,2025-02-21 02:55:15+00:00
https://www.youtube.com/watch?v=uywAEZnA9gQ,Porqpine21,Zetterburn,niranoha,Fleet,Champions of Asia #11,Winners Final,2025-02-21 02:55:15+00:00
https://www.youtube.com/watch?v=xan_GBT5JTs,Porqpine21,Zetterburn,NoStyleNoGrace,Orcane,Champions of Asia #11,Winners Round 2,2025-02-21 02:55:15+00:00
https://www.youtube.com/watch?v=HzZkHJSVs0w,ChocolatJP,Ranno,B2,Clairen,Champions of Asia #11,Losers Semi Final,2025-02-21 02:55:15+00:00
https://www.youtube.com/watch?v=-Y-JNXpda5Q,B2,Clairen,DJN,Loxodont,Champions of Asia #11,Losers Quarter Final (Game 1 Missing),2025-02-21 02:55:15+00:00
https://www.youtube.com/watch?v=xqP8e4UbRjs,Perturbo,Orcane,Just Ice,Clairen,Champions of Asia #11,Winners Round 1,2025-02-21 02:55:15+00:00
https://www.youtube.com/watch?v=QuHp0JMZtFM, niranoha,Fleet,B2,Clairen,Champions of Asia #11,Winners Semi Final,2025-02-21 02:55:15+00:00
https://www.youtube.com/watch?v=SvW8d86xy5g,IcyK,Kragg,Eggus,Loxodont,Docked and Loaded 3,Winners Semis,2025-02-21 07:37:32+00:00
https://www.youtube.com/watch?v=t9_231fUbXQ,IcyK,Kragg,Zingar,Ranno,Docked and Loaded 3,Grand Finals,2025-02-21 07:40:10+00:00
https://www.youtube.com/watch?v=KdogPefcxvU,IcyK,Kragg,Zingar,Ranno,Docked and Loaded 3,Winners Finals,2025-02-21 07:40:25+00:00
https://www.youtube.com/watch?v=i71th1JoKmc,iDeeKay,Zetterburn,Aluf,Zetterburn,Docked and Loaded 3,Losers Eighths,2025-02-21 07:41:29+00:00
https://www.youtube.com/watch?v=Y9upY9iDKM0,Viiv,Loxodont,Eggus,Loxodont,Docked and Loaded 3,Losers Semis,2025-02-21 08:08:07+00:00
https://www.youtube.com/watch?v=KvoHdg212pI,Viiv,Loxodont,iDeeKay,Zetterburn,Docked and Loaded 3,Losers Quarters,2025-02-21 08:09:56+00:00
https://www.youtube.com/watch?v=iOqu35AtGkU,Zingar,Ranno,Viiv,Clairen,Docked and Loaded 3,Winners Semis,2025-02-21 08:12:06+00:00
https://www.youtube.com/watch?v=Dn3lqcf0w2Y,Zingar,Ranno,Viiv,Loxodont,Docked and Loaded 3,Losers Finals,2025-02-21 08:13:26+00:00
https://www.youtube.com/watch?v=Ul2My9X14xc,AlastairBL,Zetterburn,RenderedSpy,Kragg,Docked and Loaded 3,Losers Eighths,2025-02-21 11:06:38+00:00
https://www.youtube.com/watch?v=y44pZQiiJpU,Eggus,Loxodont,AlastairBL,Zetterburn,Docked and Loaded 3,Losers Quarters,2025-02-21 11:17:36+00:00
https://www.youtube.com/watch?v=_wqKeotmv5o,StarvingCube,Loxodont,Logo,Clairen,Eagle&#39;s Nest 9 Rivals 2,Winners Round 1,2025-02-24 19:58:49+00:00
https://www.youtube.com/watch?v=L833qETEz94,Edmund,Zetterburn,Logo,Clairen,Eagle&#39;s Nest 9 Rivals 2,Winners Round 2,2025-02-24 19:58:52+00:00
https://www.youtube.com/watch?v=C1B_Nae93Lc,jBoneX,Kragg,Magno,Etalus,Eagle&#39;s Nest 9,Winners Round 2,2025-02-24 19:58:54+00:00
https://www.youtube.com/watch?v=jFTRWRcBf3o,Logo,Clairen,mrwalkemdowntobrinstar,Wrastor,Eagle&#39;s Nest 9 Rivals 2,Losers Round 1,2025-02-24 19:58:58+00:00
https://www.youtube.com/watch?v=gmM0jzzfW-0,jBoneX,Kragg,Edmund,Zetterburn,Eagle&#39;s Nest 9 Rivals 2,Winners Finals,2025-02-24 19:59:01+00:00
https://www.youtube.com/watch?v=MqT5mTyJVzM,StarvingCube,Loxodont,Magno,Etalus,Eagle&#39;s Nest 9,Losers Round 1,2025-02-24 19:59:04+00:00
https://www.youtube.com/watch?v=l8EkckEiDTY,Logo,Clairen,StarvingCube,Loxodont,Eagle&#39;s Nest 9 Rivals 2,Losers Round 2,2025-02-24 19:59:08+00:00
https://www.youtube.com/watch?v=NOW6plWXszQ,jBoneX,Kragg,Logo,Clairen,Eagle&#39;s Nest 9 Rivals 2,Losers Finals,2025-02-24 20:00:38+00:00
https://www.youtube.com/watch?v=TGol56woam4,Star,Clairen,Nerito,Zetterburn,Rayenari Gaming 13,Pools,2025-02-24 22:11:10+00:00
https://www.youtube.com/watch?v=gwQ3uofzxE0,Landon,Clairen,Wisely,Forsburn,Run The Rivals #3,Winners Quarters,2025-02-25 03:31:15+00:00
https://www.youtube.com/watch?v=5aLHhP-a7f8,Geyser,Fleet,Wafflez,Kragg,Run The Rivals #3,Winners Round 1,2025-02-25 03:31:55+00:00
https://www.youtube.com/watch?v=99VgvHOlMoE,sans.,Ranno,Mirai,Wrastor,Run The Rivals #3,Winners Quarters,2025-02-25 03:32:19+00:00
https://www.youtube.com/watch?v=J-Wzw8qw4Ws,Veka,Clairen,Mirai,Wrastor,Run The Rivals #3,Losers Quarters,2025-02-25 03:32:39+00:00
https://www.youtube.com/watch?v=cYMOzpaHUfY,sans.,Wrastor,Landon,Clairen,Run The Rivals #3,Winners Semis,2025-02-25 03:32:56+00:00
https://www.youtube.com/watch?v=fIgRO0-1u-Y,Landon,Clairen,Mastronarde,Forsburn,Run The Rivals #3,Winners Finals,2025-02-25 03:33:14+00:00
https://www.youtube.com/watch?v=p7nl73mOnow,Veka,Clairen,Mastronarde,Forsburn,Run The Rivals #3,Winners Semis,2025-02-25 03:33:48+00:00
https://www.youtube.com/watch?v=BMntbDlkLGU,sans.,Wrastor,ADDICT,Zetterburn,Run The Rivals #3,Losers Quarters,2025-02-25 03:34:24+00:00
https://www.youtube.com/watch?v=TV0qr3Bz9cE,Landon,Clairen,Veka,Clairen,Run The Rivals #3,Grand Finals,2025-02-25 03:34:53+00:00
https://www.youtube.com/watch?v=y3JWYGmtJDI,Veka,Clairen,Mastronarde,Forsburn,Run The Rivals #3,Losers Finals,2025-02-25 03:35:12+00:00
https://www.youtube.com/watch?v=kSPGvvYT1kE,sans.,Wrastor,Veka,Clairen,Run The Rivals #3,Losers Semis,2025-02-25 03:35:27+00:00
https://www.youtube.com/watch?v=L3ZamjacFuU,Mr.Y?,Zetterburn,Elusive,Ranno,PSP: Sky,Winners Quarters,2025-02-25 04:45:17+00:00
https://www.youtube.com/watch?v=MZyw-tf2ZdM,PG$W Vaporeon,Clairen,Mr.Y?,Zetterburn,PSP: Sky,Grand Finals,2025-02-25 04:50:41+00:00
https://www.youtube.com/watch?v=sI1M5kmPutU,Okzz,Loxodont,PG$W Vaporeon,Clairen,PSP: Sky,Losers Finals,2025-02-25 04:50:41+00:00
https://www.youtube.com/watch?v=c2iMGgpsU8A,PG$W Vaporeon,Clairen,MarkyFresh,Loxodont,PSP: Sky,Losers Semis,2025-02-25 04:50:41+00:00
https://www.youtube.com/watch?v=frQwKNL0wX0,Okzz,Loxodont,Mr.Y?,Zetterburn,PSP: Sky,Winners Finals,2025-02-25 04:50:41+00:00
https://www.youtube.com/watch?v=JhTWTE1nETY,PG$W Vaporeon,Maypul,MarkyFresh,Loxodont,PSP: Sky,Winners Quarters,2025-02-25 04:50:41+00:00
https://www.youtube.com/watch?v=mHbpIUrvJDA,Okzz,Loxodont,Clementine,Clairen,PSP: Sky,Winners Quarters,2025-02-25 04:50:41+00:00
https://www.youtube.com/watch?v=TsfWJ7abfFU,PG$W Vaporeon,Clairen,Vv,Orcane,PSP: Sky,Losers Quarters,2025-02-25 04:50:41+00:00
https://www.youtube.com/watch?v=fCvDlG43woo,PG$W Vaporeon,Maypul,Clementine,Clairen,PSP: Sky,Losers Round 2,2025-02-25 04:50:41+00:00
https://www.youtube.com/watch?v=0AaKV8Lx7rU,Edmund,Zetterburn,benny,Kragg,Rali Rumble 1,Winners Round 2,2025-02-25 05:04:08+00:00
https://www.youtube.com/watch?v=GPabSkCh8eM,Fritze,Wrastor,Fortnite90,Zetterburn,Rali Rumble 1,Winners Round 3,2025-02-25 05:04:11+00:00
https://www.youtube.com/watch?v=nTcYh5To3m0,Fortnite90,Zetterburn,benny,Kragg,Rali Rumble 1,Losers Quarters,2025-02-25 05:04:17+00:00
https://www.youtube.com/watch?v=SAs6wN_BCC0,Fritze,Wrastor,Edmund,Zetterburn,Rali Rumble 1,Winners Finals,2025-02-25 05:04:21+00:00
https://www.youtube.com/watch?v=kgdE0opJWPE,Fortnite90,Zetterburn,fletcher,Forsburn,Rali Rumble 1,Losers Semis,2025-02-25 05:04:24+00:00
https://www.youtube.com/watch?v=iJdfZYYNdbg,Edmund,Zetterburn,Fortnite90,Zetterburn,Rali Rumble 1,Losers Finals,2025-02-25 05:04:28+00:00
https://www.youtube.com/watch?v=KWy7LjU_HTU,Star,Clairen,IamGhost,Maypul,Rayenari Gaming 13,Pools,2025-02-25 08:40:56+00:00
https://www.youtube.com/watch?v=_b9im6Qz4lE,ZetaDiamond,Clairen,Strider,Clairen,Soul Melter Smash #37,Winners Semis,2025-02-25 18:02:53+00:00
https://www.youtube.com/watch?v=JYghYUQd_fE,Nard,Clairen,Toothbrush,Ranno,Fusion # 241,Losers Quarters,2025-02-25 18:02:55+00:00
https://www.youtube.com/watch?v=wPDEQY-nuUY,ZetaDiamond,Clairen,Smu5h | Yrneh,Loxodont,Soul Melter Smash #37,Winners FinalS,2025-02-25 18:06:18+00:00
https://www.youtube.com/watch?v=95rrG0QSCtw,Gamer LatAm | Connie Kins,Kragg,Strider,Clairen,Soul Melter Smash #37,Losers Semis,2025-02-25 18:59:40+00:00
https://www.youtube.com/watch?v=4luANnLiL0g,Gamer LatAm | Connie Kins,Fleet,Smu5h | Yrneh,Loxodont,Soul Melter Smash #37,Losers Finals,2025-02-25 20:11:22+00:00
https://www.youtube.com/watch?v=Kuo_vhfMqsc,ZetaDiamond,Clairen,Smu5h | Yrneh,Loxodont,Soul Melter Smash #37,Grand Finals,2025-02-25 20:14:34+00:00
https://www.youtube.com/watch?v=8agK-_wcGVs,Nerito,Zetterburn,Cornejo,Clairen,Rayenari Gaming 13,Pools,2025-02-25 23:27:59+00:00
https://www.youtube.com/watch?v=JPSFX8PnrWw,Star,Clairen,Cornejo,Clairen,Rayenari Gaming 13,Pools,2025-02-25 23:34:59+00:00
https://www.youtube.com/watch?v=8yia3hobShw,IamGhost,Clairen,Nerito,Zetterburn,Rayenari Gaming 13,Pools,2025-02-25 23:43:28+00:00
https://www.youtube.com/watch?v=lkpNoEQuTdY,Star,Clairen,Nerito,Zetterburn,Rayenari Gaming 13,WSF,2025-02-25 23:47:45+00:00
https://www.youtube.com/watch?v=zKKzVhiwMbk,IamGhost,Kragg,Cornejo,Clairen,Rayenari Gaming 13,WSF,2025-02-25 23:50:53+00:00
https://www.youtube.com/watch?v=8j3IwTC4Nho,Star,Clairen,IamGhost,Zetterburn,Rayenari Gaming 13,WF,2025-02-25 23:57:32+00:00
https://www.youtube.com/watch?v=aTSiadEQWuI,Cornejo,Clairen,Nerito,Maypul,Rayenari Gaming 13,LSF,2025-02-26 00:02:15+00:00
https://www.youtube.com/watch?v=IQYdogpHYKk,IamGhost,Zetterburn,Nerito,Maypul,Rayenari Gaming 13,LF,2025-02-26 00:09:12+00:00
https://www.youtube.com/watch?v=rJjc7KWP9Mg,Star,Clairen,IamGhost,Forsburn,Rayenari Gaming 13,GF,2025-02-26 00:23:03+00:00
https://www.youtube.com/watch?v=Z4kV-RrHYRY,XYK,Zetterburn,Tenant,Kragg,Tuesday Trials 177,Winners Final,2025-02-26 04:28:40+00:00
https://www.youtube.com/watch?v=k6kEH77gICw,HamirTime,Clairen,Carrot,Ranno,Tuesday Trials 177,Losers Semis,2025-02-26 04:28:42+00:00
https://www.youtube.com/watch?v=79pmRa4EiIQ,HamirTime,Clairen,Tenant,Kragg,Tuesday Trials 177,Losers Final,2025-02-26 04:28:44+00:00
https://www.youtube.com/watch?v=pM2aCDCN2Ho,HamirTime,Clairen,XYK,Kragg,Tuesday Trials 177,Grand Final,2025-02-26 04:28:46+00:00
https://www.youtube.com/watch?v=UwuWD_qqKzs,Renzo,Orcane,edgintheledge,Maypul,PSG 20: SFL Monthly,WQF,2025-02-26 15:28:44+00:00
https://www.youtube.com/watch?v=RuAhK9KCPUs,VIBE | Pity,Etalus,Shiv,Loxodont,PSG 20: SFL Monthly,WSF,2025-02-26 15:31:52+00:00
https://www.youtube.com/watch?v=Hvb_iYBAIfo,Renzo,Orcane,SLIME | AppleWiz,Wrastor,PSG 20: SFL Monthly,WSF,2025-02-26 15:34:06+00:00
https://www.youtube.com/watch?v=ECLy2I1cqaM,Tas,Maypul,edgintheledge,Maypul,PSG 20: SFL Monthly,LR4,2025-02-26 15:39:47+00:00
https://www.youtube.com/watch?v=7JHNQcT60Jg,Tas,Maypul,VIBE | Pity,Etalus,PSG 20: SFL Monthly,LQF,2025-02-26 15:41:30+00:00
https://www.youtube.com/watch?v=G6X-m3Ys-7Q,Renzo,Orcane,VIBE | Pity,Etalus,PSG 20: SFL Monthly,LSF,2025-02-26 15:43:05+00:00
https://www.youtube.com/watch?v=qfKyzeYcnnQ,Renzo,Orcane,Shiv,Loxodont,PSG 20: SFL Monthly,LF,2025-02-26 15:44:27+00:00
https://www.youtube.com/watch?v=ubJyMUvyhGM,SLIME | AppleWiz,Wrastor,Shiv,Loxodont,PSG 20: SFL Monthly,GF,2025-02-26 15:45:56+00:00
https://www.youtube.com/watch?v=dZlFR8RSR1A,Aquatic,Ranno,EC | Viola,Orcane,CORE VALUES VI,Round 2,2025-02-26 19:00:31+00:00
https://www.youtube.com/watch?v=gsLDliuOwAc,AyyyJ,Orcane,Sawstep,Fleet,CORE VALUES VI,Round 2,2025-02-26 19:15:04+00:00
https://www.youtube.com/watch?v=NY8vxjNqYqM,Gengur,Clairen,JarekBloodDragon,Zetterburn,CORE VALUES VI,Winners Quarterfinals,2025-02-26 19:30:03+00:00
https://www.youtube.com/watch?v=c0xbb-P9cI4,ianology,Wrastor,Sawstep,Fleet,CORE VALUES VI,Winners Quarterfinals,2025-02-26 19:45:02+00:00
https://www.youtube.com/watch?v=nzZ4T6tMB4M,Domnique,Zetterburn,EC | Viola,Orcane,CORE VALUES VI,Winners Quarterfinals,2025-02-26 20:00:35+00:00
https://www.youtube.com/watch?v=jk2FeD_XFbc,Gengur,Clairen,Furret,Ranno,CORE VALUES VI,Winners Semifinals,2025-02-26 20:15:03+00:00
https://www.youtube.com/watch?v=G-DQnznR5hQ,Domnique,Zetterburn,Sawstep,Fleet,CORE VALUES VI,Winners Semifinals,2025-02-26 20:30:01+00:00
https://www.youtube.com/watch?v=6aUpanHvS7c,Domnique,Zetterburn,Gengur,Clairen,CORE VALUES VI,Winners Finals,2025-02-26 20:45:00+00:00
https://www.youtube.com/watch?v=YJrJOzpilrE,Furret,Ranno,ianology,Wrastor,CORE VALUES VI,Losers Quarterfinals,2025-02-26 21:00:33+00:00
https://www.youtube.com/watch?v=RKKBLEHdxwk,Domnique,Zetterburn,Gengur,Clairen,CORE VALUES VI,Grand Finals,2025-02-26 21:45:00+00:00
https://www.youtube.com/watch?v=Byv9fQHPHWQ,Comona,Ranno,rei wolf,Fleet,Smashed to Pieces #76,Winners Quarterfinals,2025-02-26 22:15:00+00:00
https://www.youtube.com/watch?v=xlndXJygr40,Comona,Ranno,TS | JoJoDaHoBo,Zetterburn,Smashed to Pieces #76,Winners Semis,2025-02-26 22:30:15+00:00
https://www.youtube.com/watch?v=S15Q5hxxSqE,maya,Orcane,Xena,Fleet,Smashed to Pieces #76,Winners Semifinals,2025-02-26 22:45:00+00:00
https://www.youtube.com/watch?v=xUrfwZB3thE,maya,Orcane,TS | JoJoDaHoBo,Zetterburn,Smashed to Pieces #76,Winners Finals,2025-02-26 23:01:00+00:00
https://www.youtube.com/watch?v=slTQc2YtXKQ,Comona,Ranno,Blank Mauser,Fleet,Smashed to Pieces #76,Losers Quarterfinals,2025-02-26 23:15:03+00:00
https://www.youtube.com/watch?v=-kW_A7uxyt8,Comona,Ranno,Xena,Fleet,Smashed to Pieces #76,Losers Semifinals,2025-02-26 23:30:00+00:00
https://www.youtube.com/watch?v=IUl5Y8JqRgs,maya,Orcane,TS | JoJoDaHoBo,Zetterburn,Smashed to Pieces #76,Grand Finals,2025-02-27 00:00:15+00:00
https://www.youtube.com/watch?v=Dxd_vAD0mwI,Darai,Ranno,FD,Orcane,Genesis X2,,2025-02-27 02:16:53+00:00
https://www.youtube.com/watch?v=DNTDyKHXYmk,ZeeBee,Kragg,Ryzuul,Maypul,Genesis X2,,2025-02-27 02:16:53+00:00
https://www.youtube.com/watch?v=AcHME8Pk_xk,Asashi,Zetterburn,SoulRifle211,Forsburn,Genesis X2,,2025-02-27 02:16:53+00:00
https://www.youtube.com/watch?v=6OdjKDud6wY,elkiies,Maypul,Lucius,Ranno,Genesis X2,,2025-02-27 02:16:53+00:00
https://www.youtube.com/watch?v=-J2EFqXSF18,Seelder,Fleet,Asashi,Clairen,Genesis X2,,2025-02-27 02:16:53+00:00
https://www.youtube.com/watch?v=4-OiFDrm3o8,Junebug,Ranno,Ivayne,Zetterburn,Genesis X2,,2025-02-27 02:16:53+00:00
https://www.youtube.com/watch?v=KXP-zxb6h4Q,BBatts,Fleet,Marlon,Orcane,Genesis X2,,2025-02-27 02:16:53+00:00
https://www.youtube.com/watch?v=1pAGXkS6n0I,Gengur,Clairen,Beastly,Zetterburn,Genesis X2,,2025-02-27 02:16:53+00:00
https://www.youtube.com/watch?v=AZgR-GiiRAM,ThrownOrc,Wrastor,Glum,Clairen,Genesis X2,,2025-02-27 02:16:53+00:00
https://www.youtube.com/watch?v=HCvDzOMKzQU,BBatts,Fleet,CheesyPotato,Kragg,Genesis X2,,2025-02-27 02:16:53+00:00
https://www.youtube.com/watch?v=WEI_FhVyk04,Darai,Ranno,ZeeBee,Kragg,Genesis X2,,2025-02-27 02:16:55+00:00
https://www.youtube.com/watch?v=doZcCfzmBuk,Junebug,Ranno,SoulRifle211,Forsburn,Genesis X2,,2025-02-27 02:16:55+00:00
https://www.youtube.com/watch?v=QSQfOUOwFso,HKP,Zetterburn,CakeAssault,Forsburn,Genesis X2,,2025-02-27 02:16:55+00:00
https://www.youtube.com/watch?v=Nk4-1-JFPTs,Gengur,Clairen,Lucio,Zetterburn,Genesis X2,,2025-02-27 02:16:55+00:00
https://www.youtube.com/watch?v=kGmvBat4qcw,BioBirb,Wrastor,PKay,Kragg,Genesis X2,,2025-02-27 02:16:55+00:00
https://www.youtube.com/watch?v=pFrd6NvipUg,SolarBeam,Loxodont,Potatoes,Loxodont,Genesis X2,,2025-02-27 02:16:55+00:00
https://www.youtube.com/watch?v=hasa-Pp2oIo,Rakai,Forsburn,Beastly,Zetterburn,Genesis X2,,2025-02-27 02:16:55+00:00
https://www.youtube.com/watch?v=RD1W0ToiY5U,BBatts,Fleet,Beastly,Zetterburn,Genesis X2,,2025-02-27 02:16:55+00:00
https://www.youtube.com/watch?v=YHAWVkX5_G0,Seelder,Fleet,I0N,Kragg,Genesis X2,,2025-02-27 02:16:55+00:00
https://www.youtube.com/watch?v=S134iMEpu9o,Plup,Maypul,SoulRifle211,Forsburn,Genesis X2,,2025-02-27 02:16:55+00:00
https://www.youtube.com/watch?v=ti81WJSgt54,Pkay,Kragg,Glum,Clairen,Genesis X2,,2025-02-27 02:16:56+00:00
https://www.youtube.com/watch?v=vLvZ6hvxMzU,Stango,Zetterburn,Evil Nardwuar,Loxodont,Genesis X2,,2025-02-27 02:16:56+00:00
https://www.youtube.com/watch?v=zrxRCwcK7Sc,Rakai,Wrastor,Asashi,Clairen,Genesis X2,,2025-02-27 02:16:57+00:00
https://www.youtube.com/watch?v=8NyzWSJoe14,StarvingCube,Loxodont,Edmund,Zetterburn,Eagle&#39;s Nest 10,Winners Round 2,2025-02-27 03:51:42+00:00
https://www.youtube.com/watch?v=d74rK1eJsnk,Logo,Clairen,jBoneX,Kragg,Eagle&#39;s Nest 10,Winners Round 2,2025-02-27 03:51:45+00:00
https://www.youtube.com/watch?v=KLl4F-byFSE,mrwalkemdowntobrinstar,Wrastor,Logo,Clairen,Eagle&#39;s Nest 10,Losers Round 1,2025-02-27 03:51:48+00:00
https://www.youtube.com/watch?v=a88GXclINTI,jBoneX,Kragg,Edmund,Zetterburn,Eagle&#39;s Nest 10,Winners Finals,2025-02-27 03:51:53+00:00
https://www.youtube.com/watch?v=uEM7Vbpiy2Y,Magno,Forsburn,Logo,Clairen,Eagle&#39;s Nest 10,Losers Round 2,2025-02-27 03:51:56+00:00
https://www.youtube.com/watch?v=2Yx_UMyFhqQ,jBoneX,Kragg,Logo,Clairen,Eagle&#39;s Nest 10,Losers Finals,2025-02-27 03:51:59+00:00
https://www.youtube.com/watch?v=8956iVx10l8,Jiggy,Kragg,StarvingCube,Loxodont,Rali Rumble 2,Round Robin,2025-02-27 05:22:31+00:00
https://www.youtube.com/watch?v=Mu1n1cDKNTw,StarvingCube,Loxodont,Miller,Zetterburn,Rali Rumble 2,Round Robin,2025-02-27 05:22:36+00:00
https://www.youtube.com/watch?v=ItlvOaQprIs,Ant,Loxodont,Lucky,Orcane,Rali Rumble 2,Round Robin,2025-02-27 05:22:40+00:00
https://www.youtube.com/watch?v=NTk0X6o0OhQ,fletcher,Forsburn,Jiggy,Kragg,Rali Rumble 2,Round Robin,2025-02-27 05:22:43+00:00
https://www.youtube.com/watch?v=WqHP_Cs9OTQ,Ant,Loxodont,StarvingCube,Loxodont,Rali Rumble 2,Round Robin,2025-02-27 05:24:39+00:00
https://www.youtube.com/watch?v=tSMVJFgf3Jk,ybm,Wrastor,Grunk,Zetterburn,Immortal Fight Night #213 Wnrs Qrts,,2025-02-27 21:24:31+00:00
https://www.youtube.com/watch?v=7OO7dILqQLQ,sqibbo,Clairen,Virgo,Orcane,Immortal Fight Night #213,Wnrs Rd 1,2025-02-27 21:24:33+00:00
https://www.youtube.com/watch?v=Do1GmtWRmIc,Watherum,Ranno,Grunk,Zetterburn,Immortal Fight Night #213,Lsrs Semi,2025-02-27 21:24:42+00:00
https://www.youtube.com/watch?v=NClr5LQY0SU,Reaper,Etalus,Watherum,Ranno,Immortal Fight Night #213,Lsrs Final,2025-02-27 21:24:45+00:00
https://www.youtube.com/watch?v=vbp7UQchrv4,Average Alex,Kragg,Reaper,Etalus,Immortal Fight Night #213,Grand Final,2025-02-27 21:24:47+00:00
https://www.youtube.com/watch?v=hGJegldsPAQ,Magno,Forsburn,jBoneX,Kragg,Eagle&#39;s Nest 11,Winners Round 2,2025-02-28 03:44:47+00:00
https://www.youtube.com/watch?v=X1yvY1x-iDg,Edmund,Zetterburn,Logo,Clairen,Eagle&#39;s Nest 11,Winners Round 2,2025-02-28 03:44:52+00:00
https://www.youtube.com/watch?v=NA9KsQYfErs,Fortnite90,Zetterburn,jBoneX,Kragg,Eagle&#39;s Nest 11,Winners Round 3,2025-02-28 03:44:55+00:00
https://www.youtube.com/watch?v=AElLc24yZwk,Monthu,Ranno,Logo,Clairen,Eagle&#39;s Nest 11,Losers Round 2,2025-02-28 03:44:57+00:00
https://www.youtube.com/watch?v=kip4ZV6NGZw,Fortnite90,Zetterburn,Monthu,Ranno,Eagle&#39;s Nest 11,Losers Round 3,2025-02-28 03:45:00+00:00
https://www.youtube.com/watch?v=Y-eh9iqB5y4,jBoneX,Kragg,Edmund,Zetterburn,Eagle&#39;s Nest 11,Winners Finals,2025-02-28 03:45:06+00:00
https://www.youtube.com/watch?v=tdYVCLnyPtk,Fortnite90,Zetterburn,Magno,Forsburn,Eagle&#39;s Nest 11,Losers Semis,2025-02-28 03:45:09+00:00
https://www.youtube.com/watch?v=SyFBW3YNmvs,jBoneX,Kragg,Fortnite90,Zetterburn,Eagle&#39;s Nest 11,Losers Finals,2025-02-28 03:45:12+00:00
https://www.youtube.com/watch?v=9xwYy0t4idE,Tandori,Maypul,TBGG,Fleet,Genesis X2,,2025-02-28 07:18:30+00:00
https://www.youtube.com/watch?v=bbe1_sjhSjs,Tandori,Maypul,MKBigBoss,Ranno,Genesis X2,,2025-02-28 07:19:27+00:00
https://www.youtube.com/watch?v=XT9WXdceal4,ColeChel,Maypul,Wisely,Forsburn,Genesis X2,,2025-02-28 07:23:14+00:00
https://www.youtube.com/watch?v=s3PXoBEEIyY,Brosa,Clairen,Elkiies,Maypul,Genesis X2,,2025-02-28 07:24:10+00:00
https://www.youtube.com/watch?v=IX63fjASCjY,MTEB,Clairen,Goatcheese,Kragg,Genesis X2,,2025-02-28 07:26:25+00:00
https://www.youtube.com/watch?v=33mRjb5hUJ0,Urf,Forsburn,CalmChowder,Kragg,Genesis X2,,2025-02-28 07:31:09+00:00
https://www.youtube.com/watch?v=gucqygQwUDo,Tummy,Ranno,Setho,Orcane,Genesis X2,,2025-02-28 07:35:03+00:00
https://www.youtube.com/watch?v=cxX85L68cgk,Monchie,Loxodont,CheesyPotato,Kragg,Genesis X2,,2025-02-28 07:36:51+00:00
https://www.youtube.com/watch?v=Vy0Ia_IL4zk,CheesyPotato,Kragg,Garreyy,Forsburn,Genesis X2,,2025-02-28 07:38:47+00:00
https://www.youtube.com/watch?v=DjM3sHhmqR0,Dr. Fizz,Ranno,Lucky,Forsburn,Genesis X2,Pools,2025-02-28 07:41:20+00:00
https://www.youtube.com/watch?v=eBYte6ACF3c,Both Players,Loxodont,ICE | Sacto Style,Kragg,Genesis X2,Pools,2025-02-28 07:42:59+00:00
https://www.youtube.com/watch?v=DcUwNcbzQ8s,Spyker,Forsburn,d4nace,Maypul,Genesis X2,,2025-02-28 07:44:42+00:00
https://www.youtube.com/watch?v=ypQfQI0ZBhg,Potion,Loxodont,Gonzo,Maypul,Genesis X2,,2025-02-28 07:45:37+00:00
https://www.youtube.com/watch?v=c3JM1twcMc8,Goose,Zetterburn,d4nace,Maypul,Genesis X2,,2025-02-28 07:47:59+00:00
https://www.youtube.com/watch?v=JO0H0NskU9w,Goose,Zetterburn,Baninawi,Kragg,Genesis X2,,2025-02-28 07:48:56+00:00
https://www.youtube.com/watch?v=YqcVdc_ZQ4k,Rocky,Wrastor,Salt,Zetterburn,Genesis X2,,2025-02-28 07:50:39+00:00
https://www.youtube.com/watch?v=R0uCnEWqXXc,KONG | Kantrip,Loxodont,FOX | Fureox,Maypul,Genesis X2,Pools,2025-02-28 07:51:12+00:00
https://www.youtube.com/watch?v=LB7PEvD6KXs,Ryse,Zetterburn,AM | Shk Shk,Loxodont,Genesis X2,Pools,2025-02-28 07:52:36+00:00
https://www.youtube.com/watch?v=E0aHLMPHDV0,Rocky,Wrastor,AM | Shk Shk,Loxodont,Genesis X2,Pools,2025-02-28 07:53:22+00:00
https://www.youtube.com/watch?v=v5ETisPhAyQ,Sophilo,Zetterburn,SpookyGhost,Kragg,Genesis X2,,2025-02-28 07:53:51+00:00
https://www.youtube.com/watch?v=XJc1xtv8obo,Wylie,Ranno,Ryacat | Mir4ge,Forsburn,Genesis X2,Pools,2025-02-28 07:58:51+00:00
https://www.youtube.com/watch?v=S2t0BBHkljo,EWA | Ergonomics,Zetterburn,PAR | Ion,Kragg,Genesis X2,Pools,2025-02-28 08:01:16+00:00
https://www.youtube.com/watch?v=H0OzBJsSKEg,ThreeLeggedDog,Kragg,Wizlore,Zetterburn,Genesis X2,,2025-02-28 08:04:17+00:00
https://www.youtube.com/watch?v=PHSrihwSw54,Wizlore,Zetterburn,Bones!,Maypul,Genesis X2,Pools,2025-02-28 08:05:10+00:00
https://www.youtube.com/watch?v=MHsBmvz2rho,Dauzen,Ranno,Clockwork,Clairen,Genesis X2,,2025-02-28 08:06:28+00:00
https://www.youtube.com/watch?v=W4ZnOS1YWDs,Qwil,Ranno,Clockwork,Clairen,Genesis X2,,2025-02-28 08:07:49+00:00
https://www.youtube.com/watch?v=qADKSqOGIK4,Tarul,Kragg,Always,Clairen,Genesis X2,,2025-02-28 08:08:58+00:00
https://www.youtube.com/watch?v=MPRvJhKufpY,Samasicus,Wrastor,Always,Ranno,Genesis X2,,2025-02-28 08:10:10+00:00
https://www.youtube.com/watch?v=xsNW__l2lzY,Jeeemt,Zetterburn,Clockwork,Clairen,Genesis X2,,2025-02-28 08:11:07+00:00
https://www.youtube.com/watch?v=xjvnkyGqhmo,LIL | Salt,Zetterburn,Tummy,Ranno,Genesis X2,Pools,2025-02-28 08:13:34+00:00
https://www.youtube.com/watch?v=tgrxx5q6hyo,VGY | Kopter,Wrastor,Tummy,Ranno,Genesis X2,Pools,2025-02-28 08:14:20+00:00
https://www.youtube.com/watch?v=Qj_qUHZsY2w,Potatoes,Loxodont,PKAY,Kragg,Genesis X2,,2025-02-28 08:17:12+00:00
https://www.youtube.com/watch?v=j-Z4wgUZVAg,Pikmon,Forsburn,CheesyPotato,Kragg,Genesis X2,,2025-02-28 08:18:53+00:00
https://www.youtube.com/watch?v=5XbZ2B0oIKs,Wylie,Ranno,Potatoes,Loxodont,Genesis X2,,2025-02-28 08:19:17+00:00
https://www.youtube.com/watch?v=8a1G_XcxJkw,NNG | Evil Nardwuar,Loxodont,NE | ZeeBee,Kragg,Genesis X2,Top 32,2025-02-28 08:20:47+00:00
https://www.youtube.com/watch?v=F_z8kfZn6iI,PKAY,Kragg,Elkiies,Maypul,Genesis X2,,2025-02-28 08:21:59+00:00
https://www.youtube.com/watch?v=0diC62DMULw,Shadowhawke,Wrastor,Sophilo,Zetterburn,Straight Into The Abyss #9,Wnrs Final,2025-02-28 17:00:03+00:00
https://www.youtube.com/watch?v=0gXyHLUbcWU,Sophilo,Zetterburn,Humanlime,Wrastor,Straight Into The Abyss #9,Wnrs Semi,2025-02-28 17:00:04+00:00
https://www.youtube.com/watch?v=6M8C_ZByZrU,Sophilo,Zetterburn,Average Alex,Kragg,Straight Into The Abyss #9,Grand Finals,2025-02-28 17:00:08+00:00
https://www.youtube.com/watch?v=Fn_OCGnrN1g,Shadowhawke,Wrastor,Monocle Gentlesir,Maypul,Straight Into The Abyss #9,Wnrs Semi,2025-02-28 17:00:15+00:00
https://www.youtube.com/watch?v=NN1hZy2BjcQ,Humanlime,Wrastor,Reaper,Etalus,Straight Into The Abyss #9,Wnrs Qrts,2025-02-28 17:00:25+00:00
https://www.youtube.com/watch?v=PsLoo186vLo,Humanlime,Wrastor,Average Alex,Kragg,Straight Into The Abyss #9,Lsrs Semi,2025-02-28 17:00:35+00:00
https://www.youtube.com/watch?v=dUq5Kre005M,Shadowhawke,Wrastor,Average Alex,Kragg,Straight Into The Abyss #9,Lsrs Final,2025-02-28 17:00:49+00:00
https://www.youtube.com/watch?v=khoZHvFhiyY,Air | Juno,Maypul,Zranzax,Etalus,Double Dunk #20,Round Robin - Pool 1,2025-02-28 21:47:05+00:00
https://www.youtube.com/watch?v=xlZ4xh0eEY8,Zranzax,Etalus,MoonBear,Orcane,Double Dunk #20,Round Robin - Pool 1,2025-02-28 21:55:04+00:00
https://www.youtube.com/watch?v=4j_Agsb595o,Tammy~,Zetterburn,Ubergronk,Maypul,Double Dunk #20,Round Robin - Pool 2,2025-02-28 22:03:52+00:00
https://www.youtube.com/watch?v=xuQp1DX-2Js,benny,Kragg,OatmealTime,Clairen,Rali Rumble 4,Winners Round 1,2025-03-01 06:02:00+00:00
https://www.youtube.com/watch?v=yUf0aSd-zD4,Monthu,Ranno,fletcher,Forsburn,Rali Rumble 4,Winners Round 2,2025-03-01 06:02:10+00:00
https://www.youtube.com/watch?v=EFBapuSgJTQ,BACKPACK?,Ranno,Fritze,Wrastor,Rali Rumble 4,Winners Round 3,2025-03-01 06:02:14+00:00
https://www.youtube.com/watch?v=CAyarWcRqlA,Fritze,Wrastor,GENV,Forsburn,Rali Rumble 4,Losers Quarters,2025-03-01 06:02:25+00:00
https://www.youtube.com/watch?v=nU4qgDG4FkI,BACKPACK?,Ranno,fletcher,Forsburn,Rali Rumble 4,Winners Finals,2025-03-01 06:02:29+00:00
https://www.youtube.com/watch?v=PlF5suj5KtY,Fritze,Wrastor,fletcher,Forsburn,Rali Rumble 4,Losers Finals,2025-03-01 06:02:35+00:00
https://www.youtube.com/watch?v=eC4NDRkvDRI,Brogan,Clairen,Jimbly,Etalus,Unc Frozen's Icebox 2,Grand Finals,2025-03-02 17:09:50+00:00
https://www.youtube.com/watch?v=rAM0SiBQpuY,bloge,Kragg,Jimbly,Etalus,Unc Frozen's Icebox 2,Losers Finals,2025-03-02 18:01:20+00:00
https://www.youtube.com/watch?v=N0DU8xjJm18,jBoneX,Kragg,StarvingCube,Loxodont,Eagle&#39;s Nest #12,Winners Round 1,2025-03-02 19:42:55+00:00
https://www.youtube.com/watch?v=_LmC7ZGHgYk,mrwalkemdowntobrinstar,Wrastor,Logo,Clairen,Eagle&#39;s Nest #12,Winners Round 1,2025-03-02 19:43:03+00:00
https://www.youtube.com/watch?v=HQCMFMFowrY,Magno,Etalus,StarvingCube,Loxodont,Eagle&#39;s Nest 12,Losers Round 1,2025-03-02 19:43:06+00:00
https://www.youtube.com/watch?v=XIXWy0D0ReY,Logo,Clairen,Edmund,Zetterburn,Eagle&#39;s Nest #12,Winners Round 2,2025-03-02 19:43:09+00:00
https://www.youtube.com/watch?v=Inc6rRlkkCY,StarvingCube,Loxodont,Logo,Clairen,Eagle&#39;s Nest #12,Losers Round 2,2025-03-02 19:43:13+00:00
https://www.youtube.com/watch?v=lhUxy3oyQY4,jBoneX,Kragg,Fortnite90,Zetterburn,Eagle&#39;s Nest #12,Winners Round 2,2025-03-02 19:43:16+00:00
https://www.youtube.com/watch?v=preYeg6vtAw,jBoneX,Kragg,Edmund,Zetterburn,Eagle&#39;s Nest #12,Winners Finals,2025-03-02 19:43:19+00:00
https://www.youtube.com/watch?v=JlKAopH3Cl4,StarvingCube,Loxodont,Fortnite90,Zetterburn,Eagle&#39;s Nest #12,Losers Round 3,2025-03-02 19:43:22+00:00
https://www.youtube.com/watch?v=AEUxZ8Qz8GM,Fortnite90,Zetterburn,jBoneX,Kragg,Eagle&#39;s Nest #12,Losers Finals,2025-03-02 19:43:25+00:00
https://www.youtube.com/watch?v=ch2cKnio16Y&t=687,Risas,Etalus,ZeusDahGoose,Kragg,The Hungry Games,,2025-03-03 00:00:00+00:00
https://www.youtube.com/watch?v=ch2cKnio16Y&t=1342,RAggy,Kragg,Hungrybox,Loxodont,The Hungry Games,,2025-03-03 00:00:00+00:00
https://www.youtube.com/watch?v=ch2cKnio16Y&t=3040,Hungrybox,Loxodont,Snickerdoodle,Orcane,The Hungry Games,,2025-03-03 00:00:00+00:00
https://www.youtube.com/watch?v=ch2cKnio16Y&t=4647,Lulius,Clairen,Stango,Etalus,The Hungry Games,,2025-03-03 00:00:00+00:00
https://www.youtube.com/watch?v=ch2cKnio16Y&t=6000,Ca$htro,Zetterburn,MkLeo,Zetterburn,The Hungry Games,,2025-03-03 00:00:00+00:00
https://www.youtube.com/watch?v=ch2cKnio16Y&t=6670,Hyperflame,Etalus,Nogh,Zetterburn,The Hungry Games,,2025-03-03 00:00:00+00:00
https://www.youtube.com/watch?v=ch2cKnio16Y&t=7320,Sparg0,Clairen,vibe,Clairen,The Hungry Games,,2025-03-03 00:00:00+00:00
https://www.youtube.com/watch?v=ch2cKnio16Y&t=8003,Cody Schwab,Zetterburn,CheesyPotato,Kragg,The Hungry Games,,2025-03-03 00:00:00+00:00
https://www.youtube.com/watch?v=ch2cKnio16Y&t=9573,Marlon,Wrastor,lota,Orcane,The Hungry Games,,2025-03-03 00:00:00+00:00
https://www.youtube.com/watch?v=ch2cKnio16Y&t=10380,Okzz,Loxodont,Beastly,Zetterburn,The Hungry Games,,2025-03-03 00:00:00+00:00
https://www.youtube.com/watch?v=ch2cKnio16Y&t=11227,I0N,Kragg,StrikeyDaBeast,Ranno,The Hungry Games,,2025-03-03 00:00:00+00:00
https://www.youtube.com/watch?v=ch2cKnio16Y&t=12195,Sparg0,Clairen,Barking_Frog,Ranno,The Hungry Games,,2025-03-03 00:00:00+00:00
https://www.youtube.com/watch?v=ch2cKnio16Y&t=12840,Lucio,Zetterburn,Frosty,Loxodont,The Hungry Games,,2025-03-03 00:00:00+00:00
https://www.youtube.com/watch?v=ch2cKnio16Y&t=13585,Sparg0,Clairen,StrikeyDaBeast,Ranno,The Hungry Games,,2025-03-03 00:00:00+00:00
https://www.youtube.com/watch?v=ch2cKnio16Y&t=14185,CheesyPotato,Kragg,I0N,Kragg,The Hungry Games,,2025-03-03 00:00:00+00:00
https://www.youtube.com/watch?v=ch2cKnio16Y&t=15360,Marlon,Orcane,Beastly,Zetterburn,The Hungry Games,,2025-03-03 00:00:00+00:00
https://www.youtube.com/watch?v=ch2cKnio16Y&t=16860,Lucio,Zetterburn,I0N,Kragg,The Hungry Games,,2025-03-03 00:00:00+00:00
https://www.youtube.com/watch?v=ch2cKnio16Y&t=17660,Acorn,Zetterburn,Beastly,Zetterburn,The Hungry Games,,2025-03-03 00:00:00+00:00
https://www.youtube.com/watch?v=ch2cKnio16Y&t=18840,I0N,Kragg,Marlon,Orcane,The Hungry Games,,2025-03-03 00:00:00+00:00
https://www.youtube.com/watch?v=ch2cKnio16Y&t=19930,Beastly,Zetterburn,ZeusDahGoose,Kragg,The Hungry Games,,2025-03-03 00:00:00+00:00
https://www.youtube.com/watch?v=ch2cKnio16Y&t=20750,I0N,Kragg,ZeusDahGoose,Kragg,The Hungry Games,,2025-03-03 00:00:00+00:00
https://www.youtube.com/watch?v=ch2cKnio16Y&t=21820,Marlon,Orcane,ZeusDahGoose,Kragg,The Hungry Games,,2025-03-03 00:00:00+00:00
https://www.youtube.com/watch?v=oZr0M3hbaKI,Brogan,Clairen,Jimbly,Ranno,Unc Frozen's Icebox 2,Winners Finals,2025-03-03 00:04:54+00:00
https://www.youtube.com/watch?v=EUonbF0WcmU,PG$W Vaporeon,Maypul,Aurora,Ranno,FoaS #175,Winners Quarters,2025-03-03 01:09:59+00:00
https://www.youtube.com/watch?v=a49BhVBxjiE,Okzz,Loxodont,Clementine,Clairen,FoaS #175,Losers Quarters,2025-03-03 01:09:59+00:00
https://www.youtube.com/watch?v=uvB0VrfgxJo,PG$W Vaporeon,Clairen,Vv,Orcane,FoaS #175,Grand Finals,2025-03-03 01:09:59+00:00
https://www.youtube.com/watch?v=6q2smW8FxHA,Aurora,Ranno,transgenderstreetlegend,Zetterburn,FoaS #175,Winners Round 1,2025-03-03 01:09:59+00:00
https://www.youtube.com/watch?v=bODbqq_Aj9Y,MarkyFresh,Loxodont,SaberLink0,Orcane,FoaS #175,Losers Round 2,2025-03-03 01:09:59+00:00
https://www.youtube.com/watch?v=zofQ8ocijLM,Clementine,Clairen,Aurora,Ranno,FoaS #175,Losers Round 2,2025-03-03 01:09:59+00:00
https://www.youtube.com/watch?v=wNZS2Lh6FMw,PG$W Vaporeon,Clairen,Vv,Orcane,FoaS #175,Winners Finals,2025-03-03 01:09:59+00:00
https://www.youtube.com/watch?v=fBFYVaFHaJg,Mr. Y?,Zetterburn,PG$W Vaporeon,Clairen,FoaS #175,Winners Semis,2025-03-03 01:09:59+00:00
https://www.youtube.com/watch?v=-4lccQgIv1Y,Clementine,Clairen,Jen,Fleet,FoaS #175,Losers Round 1,2025-03-03 01:09:59+00:00
https://www.youtube.com/watch?v=aamxCGeDnDM,- Mr. Y?,Zetterburn,Clementine,Clairen,FoaS #175,Winners Quarters,2025-03-03 01:09:59+00:00
https://www.youtube.com/watch?v=BrmfFVyxN-s,MarkyFresh,Loxodont,Okzz,Loxodont,FoaS #175,Losers Semis,2025-03-03 01:09:59+00:00
https://www.youtube.com/watch?v=8p3fqrc-GYU,Vv,Orcane,Okzz,Forsburn,FoaS #175,Losers Finals,2025-03-03 01:09:59+00:00
https://www.youtube.com/watch?v=Z3GsREncyeY,Peter Darker,Fleet,Franchise,Clairen,Fusion # 241,Winners Round 1,2025-03-03 04:20:34+00:00
https://www.youtube.com/watch?v=HrhgE5h3XhY,Nexplosion,Zetterburn,Ilike21Pancakes,Orcane,Fusion # 241,Winners Round 2,2025-03-03 04:21:21+00:00
https://www.youtube.com/watch?v=No20h2vLfl0,HazyMoss,Wrastor,AubreyClo,Maypul,Fusion # 241,Winners Round 2,2025-03-03 04:21:50+00:00
https://www.youtube.com/watch?v=hQAYhR02ukY,Mr.Watch&amp;Learn,Forsburn,JorG,Maypul,Fusion # 241,Winners Round 3,2025-03-03 04:22:34+00:00
https://www.youtube.com/watch?v=zNLZ-MAZUig,Solarbeam,Loxodont,Fenn,Fleet,Fusion # 241,Winners Round 3,2025-03-03 04:23:18+00:00
https://www.youtube.com/watch?v=r607_dCWiWY,Bbatts,Fleet,Toothbrush,Ranno,Fusion # 241,Winners Quarter-Finals,2025-03-03 04:24:37+00:00
https://www.youtube.com/watch?v=1_cHZjlWRPI,CakeAssault,Forsburn,Nard,Clairen,Fusion # 241,Winners Semi,2025-03-03 04:25:11+00:00
https://www.youtube.com/watch?v=eDeMYVP4Gm0,Bbatts,Fleet,CheesyPotato,Kragg,Fusion # 241,Winners Semi-Finals,2025-03-03 04:26:22+00:00
https://www.youtube.com/watch?v=ifbd6T8jpG0,Bbatts,Fleet,CakeAssault,Forsburn,Fusion # 241,Winners Final,2025-03-03 04:26:50+00:00
https://www.youtube.com/watch?v=0_86VfEokfU,Musiq,Clairen,Toothbrush,Ranno,Fusion # 241,Losers Semi,2025-03-03 04:27:11+00:00
https://www.youtube.com/watch?v=xQZYgQClLnI,Bbatts,Fleet,Toothbrush,Ranno,Fusion # 241,Losers Final,2025-03-03 04:27:55+00:00
https://www.youtube.com/watch?v=OxxXrBQBlMQ,CakeAssault,Fleet,Toothbrush,Ranno,Fusion # 241,Grand Finals,2025-03-03 04:28:13+00:00
https://www.youtube.com/watch?v=wpHxskcqYtY,vanbungle,Maypul,MeraMera,Ranno,Run The Rivals #4,Winners R1,2025-03-04 03:34:11+00:00
https://www.youtube.com/watch?v=YlXDVMKr4Lw,Mastronarde,Forsburn,ADDICT,Zetterburn,Run The Rivals #4,Winners Quarters,2025-03-04 03:34:37+00:00
https://www.youtube.com/watch?v=B66fZ4dzoHM,Failbot,Kragg,ADDICT,Zetterburn,Run The Rivals #4,Winners Semis,2025-03-04 03:34:56+00:00
https://www.youtube.com/watch?v=vnHoUQ1AOMU,Landon,Clairen,Hunter,Maypul,Run The Rivals #4,Winners Semis,2025-03-04 03:35:13+00:00
https://www.youtube.com/watch?v=QokUN_7gUEM,Hunter,Maypul,Mastronarde,Forsburn,Run The Rivals #4,Losers Quarters,2025-03-04 03:35:29+00:00
https://www.youtube.com/watch?v=iuq_kx-xeUk,Landon,Clairen,Failbot,Kragg,Run The Rivals #4,Winners Finals,2025-03-04 03:36:05+00:00
https://www.youtube.com/watch?v=OsxXD2hV55w,Hunter,Maypul,sans.,Wrastor,Run The Rivals #4,Losers Semis,2025-03-04 03:36:21+00:00
https://www.youtube.com/watch?v=Wdja4DfpraY,Hunter,Maypul,Landon,Clairen,Run The Rivals #4,Losers Finals,2025-03-04 03:36:43+00:00
https://www.youtube.com/watch?v=J96OhDz97j8,Failbot,Kragg,Landon,Clairen,Run The Rivals #4,Grand Finals,2025-03-04 03:37:07+00:00
https://www.youtube.com/watch?v=8B1TynrVg0Y,sans.,Wrastor,ADDICT,Zetterburn,Run The Rivals #4,Losers Quarters,2025-03-04 03:42:41+00:00
https://www.youtube.com/watch?v=3T7gJTD80DU,Mrperson,Fleet,Air Gordon,Fleet,Fusion # 242 ,LR1,2025-03-04 04:32:50+00:00
https://www.youtube.com/watch?v=2TJeVg7XdjQ,Splash,Maypul,niranoha,Fleet,Champions of Asia #12,Winners Semi-Final,2025-03-04 16:58:10+00:00
https://www.youtube.com/watch?v=q-L1o42A9I8,JM Eros,Clairen,asthma,Kragg,Champions of Asia #12,Winners Semi-Final,2025-03-04 16:58:10+00:00
https://www.youtube.com/watch?v=vFJQSzObVZM,niranoha,Fleet,asthma,Kragg,Champions of Asia #12,Winners Final,2025-03-04 16:58:10+00:00
https://www.youtube.com/watch?v=qyJvKqJqSU0,JM Eros,Clairen,asthma,Kragg,Champions of Asia #12,Losers Final,2025-03-04 16:58:10+00:00
https://www.youtube.com/watch?v=J_eHTTalpVA,niranoha,Fleet,JM Eros,Clairen,Champions of Asia #12,Grand Final,2025-03-04 16:58:10+00:00
https://www.youtube.com/watch?v=p1JbKugYO2Q,Juno,Maypul,flatline,Ranno,Crosse Up 2025,Winners Semis,2025-03-05 01:21:02+00:00
https://www.youtube.com/watch?v=UyxX2Jk2PHQ,Anakin Skinwalker,Zetterburn,SeggoAhmet,Forsburn,Crosse Up 2025,Winners Semis,2025-03-05 01:21:05+00:00
https://www.youtube.com/watch?v=xYZDm5PRHoI,Juno,Maypul,Dream,Fleet,Crosse Up 2025,Winners Quarters,2025-03-05 01:21:07+00:00
https://www.youtube.com/watch?v=oNxxKY467aE,Flatline,Ranno,Dash,Loxodont,Crosse Up 2025,Winners Quarters,2025-03-05 01:21:09+00:00
https://www.youtube.com/watch?v=aJgkGpQDS3A,Tammy~,Zetterburn,SeggoAhmet,Forsburn,Crosse Up 2025,Winners Quarters,2025-03-05 01:21:12+00:00
https://www.youtube.com/watch?v=wY8hfdv4uSI,Watermint,Kragg,Anakin Skinwalker,Zetterburn,Crosse Up 2025,Winners Quarters,2025-03-05 01:21:14+00:00
https://www.youtube.com/watch?v=lmXZ2J0k2-U,Flatline,Ranno,Politude,Clairen,Crosse Up 2025,Winners Round 2,2025-03-05 01:21:17+00:00
https://www.youtube.com/watch?v=OJEMD6bnPO0,Tapsu,Zetterburn,Watermint,Kragg,Crosse Up 2025,Winners Round 2,2025-03-05 01:21:20+00:00
https://www.youtube.com/watch?v=cBtvo2a1bzk,Juno,Maypul,D34D_M4N14C,Clairen,Crosse Up 2025,Winners Round 2,2025-03-05 01:21:23+00:00
https://www.youtube.com/watch?v=aHKafFgvM24,Tammy~,Zetterburn,Shiny,Clairen,Crosse Up 2025,Winners Round 1,2025-03-05 01:21:25+00:00
https://www.youtube.com/watch?v=AycN0memIL0,erickson,Zetterburn,D34D_M4N14C,Clairen,Crosse Up 2025,Winners Round 1,2025-03-05 01:21:27+00:00
https://www.youtube.com/watch?v=KGKzsjFH5Sk,Tammy~,Zetterburn,Watermint,Kragg,Crosse Up 2025,Losers Round 5,2025-03-05 01:21:32+00:00
https://www.youtube.com/watch?v=E7rUdmaPfec,Tammy~,Zetterburn,flatline,Ranno,Crosse Up 2025,Losers Quarters,2025-03-05 01:21:35+00:00
https://www.youtube.com/watch?v=Jr3jml6ggu8,Juno,Maypul,SeggoAhmet,Kragg,Crosse Up 2025,Winners Finals,2025-03-05 01:21:37+00:00
https://www.youtube.com/watch?v=Hyysn3Rl7Qk,Juno,Maypul,Anakin Skinwalker,Zetterburn,Crosse Up 2025,Losers Finals,2025-03-05 01:21:40+00:00
https://www.youtube.com/watch?v=VOq_rL1Jb-k,Anakin Skinwalker,Zetterburn,Tapsu,Zetterburn,Crosse Up 2025,Losers Quarters,2025-03-05 01:21:43+00:00
https://www.youtube.com/watch?v=QXWvjOi4ACQ,Anakin Skinwalker,Zetterburn,SeggoAhmet,Forsburn,Crosse Up 2025,Grand Finals,2025-03-05 01:21:48+00:00
https://www.youtube.com/watch?v=-titQizhYDo,Anakin Skinwalker,Zetterburn,Tammy~,Zetterburn,Crosse Up 2025,Losers Semis,2025-03-05 01:21:48+00:00
https://www.youtube.com/watch?v=ZiMwD1S8QxA,TimeGear,Wrastor,Scoops,Forsburn,Tuesday Trials 178,Winners Final,2025-03-05 04:28:31+00:00
https://www.youtube.com/watch?v=kWulLQgE1Gs,fourside,Ranno,HamirTime,Clairen,Tuesday Trials 178,Losers Semis,2025-03-05 04:28:33+00:00
https://www.youtube.com/watch?v=8_Srq3eHgm0,Scoops,Forsburn,HamirTime,Clairen,Tuesday Trials 178,Losers Final,2025-03-05 04:28:35+00:00
https://www.youtube.com/watch?v=qzA6iPQxNFA,Scoops,Forsburn,TimeGear,Wrastor,Tuesday Trials 178,Grand Final,2025-03-05 04:28:37+00:00
https://www.youtube.com/watch?v=0Ufsy9X5ITg,Gengur,Clairen,Cody Schwab,Zetterburn,Beak Bonk 2025,Losers Finals,2025-03-05 12:45:00+00:00
https://www.youtube.com/watch?v=hYWz8eooO8I,Mystery Sol,Fleet,Cody Schwab,Zetterburn,Beak Bonk 2025,Grand Finals,2025-03-05 13:01:04+00:00
https://www.youtube.com/watch?v=6u6ShBebN0Q,toothbrush,Ranno,nard,Clairen,The Monthly March 2025,WSF,2025-03-05 16:43:41+00:00
https://www.youtube.com/watch?v=rlADFyZ9X5I,toothbrush,Ranno,Archangel,Clairen,The Monthly March 2025,WFs,2025-03-05 16:44:20+00:00
https://www.youtube.com/watch?v=jJhS5HBnr90,toothbrush,Ranno,CheesyPotato,Clairen,The Monthly March 2025,LFs,2025-03-05 16:44:46+00:00
https://www.youtube.com/watch?v=NLZZrsSwlEA,IamGhost,Zetterburn,Nerito,Maypul,Liga E-Tamp 6,LF,2025-03-07 02:39:16+00:00
https://www.youtube.com/watch?v=KxfTkwUayE0,Nerito,Maypul,Star,Clairen,Liga E-Tamp 6,GF,2025-03-07 02:39:18+00:00
https://www.youtube.com/watch?v=QCRpsFm6wiM,Many,Wrastor,Star,Clairen,Liga E-Tamp 6,WQF,2025-03-07 02:39:24+00:00
https://www.youtube.com/watch?v=Hx6BYdBY0KU,IamGhost,Maypul,Dosus,Clairen,Liga E-Tamp 6,WQF,2025-03-07 02:39:26+00:00
https://www.youtube.com/watch?v=-jG1naYxebc,O.R.O,Loxodont,Roby,Loxodont,Liga E-Tamp 6,LR1,2025-03-07 02:39:29+00:00
https://www.youtube.com/watch?v=6DpNv39amio,Tenthi,Clairen,Star,Clairen,Liga E-Tamp 6,WSF,2025-03-07 02:39:31+00:00
https://www.youtube.com/watch?v=BoZzm0vXugQ,Nerito,Maypul,Star,Clairen,Liga E-Tamp 6,WF,2025-03-07 02:39:34+00:00
https://www.youtube.com/watch?v=hiEXypioMHs,O.R.O,Loxodont,IamGhost,Zetterburn,Liga E-Tamp 6,LSF,2025-03-07 02:39:37+00:00
https://www.youtube.com/watch?v=f62C39-R9gI,Nerito,Maypul,Roby,Loxodont,Liga E-Tamp 6,WQF,2025-03-07 02:41:03+00:00
https://www.youtube.com/watch?v=DYgN6Zgcxfo,HF | Nemmy,Kragg,Bleu,Zetterburn,Bay State Beatdown 145,Winners Round 1,2025-03-07 15:00:27+00:00
https://www.youtube.com/watch?v=C-L4cU00Qh4,CyberHex,Maypul,HF | Nemmy,Kragg,Bay State Beatdown 145,Winners Semis,2025-03-07 15:15:01+00:00
https://www.youtube.com/watch?v=3mcZXJPDE0I,XaviBun,Forsburn,KRU | Robber,Fleet,Bay State Beatdown 145,Winners Round 1,2025-03-07 15:30:04+00:00
https://www.youtube.com/watch?v=IXn9lwJVyog,XaviBun,Forsburn,Exciled,Ranno,Bay State Beatdown 145,Winners Semis,2025-03-07 15:45:01+00:00
https://www.youtube.com/watch?v=HmoYfgADi2c,CyberHex,Clairen,XaviBun,Forsburn,Bay State Beatdown 145,Winners Finals,2025-03-07 16:00:29+00:00
https://www.youtube.com/watch?v=U1n-y25zhyE,Exciled,Ranno,HF | Nemmy,Loxodont,Bay State Beatdown 145,Losers Semis,2025-03-07 16:15:02+00:00
https://www.youtube.com/watch?v=xBqIjW6mcxY,XaviBun,Forsburn,Exciled,Ranno,Bay State Beatdown 145,Losers Finals,2025-03-07 16:30:13+00:00
https://www.youtube.com/watch?v=hpImB8C_JXo,CyberHex,Clairen,XaviBun,Forsburn,Bay State Beatdown 145,Grand Finals,2025-03-07 16:45:03+00:00
https://www.youtube.com/watch?v=Dj4QW6xFY-I,Bbatts,Fleet,Beastly,Zetterburn,Monthly of Aether #4,Winners Finals,2025-03-09 20:34:38+00:00
https://www.youtube.com/watch?v=4MbHH6ye-7Y,PiggyG,Clairen,Sothe,Wrastor,Monthly of Aether #4,Pools,2025-03-09 20:34:38+00:00
https://www.youtube.com/watch?v=9Pg3-Aqfej8,NNG | Evil Nardwuar,Loxodont,Beastly,Zetterburn,Monthly of Aether #4,Winners Semifinals,2025-03-09 20:34:38+00:00
https://www.youtube.com/watch?v=5zoG5Y_3XCY,NNG | Evil Nardwuar,Loxodont,Sophilo,Zetterburn,Monthly of Aether #4,Winners Quarterfinals,2025-03-09 20:34:38+00:00
https://www.youtube.com/watch?v=9YlkQcf4WPM,T00nbink,Kragg,soulcinder,Orcane,Monthly of Aether #4,EU Winners Quarterfinals,2025-03-09 20:34:38+00:00
https://www.youtube.com/watch?v=6NxAutCarQs,Soda,Kragg,AoC | Acorn,Zetterburn,Monthly of Aether #4,Pools,2025-03-09 20:34:38+00:00
https://www.youtube.com/watch?v=6RUSv3FCOtY,Verdigri,Kragg,Sho,Zetterburn,Monthly of Aether #4,EU Winners Quarterfinals,2025-03-09 20:34:38+00:00
https://www.youtube.com/watch?v=4UQlPTBxCvo,Cone,Clairen,Flamberik,Loxodont,Monthly of Aether #4,EU Grand Finals,2025-03-09 20:34:38+00:00
https://www.youtube.com/watch?v=gNLZlAe4qP4,Revilo2112,Forsburn,Humanlime,Wrastor,Monthly of Aether #4,Pools,2025-03-09 20:34:40+00:00
https://www.youtube.com/watch?v=ePVFxZL-hV8,Bbatts,Fleet,Beastly,Zetterburn,Monthly of Aether #4,Grand Finals,2025-03-09 20:34:40+00:00
https://www.youtube.com/watch?v=MgCldGZALuk,AoC | Acorn,Zetterburn,Bbatts,Fleet,Monthly of Aether #4,Winners Semifinals,2025-03-09 20:34:40+00:00
https://www.youtube.com/watch?v=QPSBdI4jSUU,NNG | Evil Nardwuar,Loxodont,Revilo2112,Forsburn,Monthly of Aether #4,Losers Quarterfinals,2025-03-09 20:34:40+00:00
https://www.youtube.com/watch?v=UituG2eEud8,Flamberik,Loxodont,Cone,Clairen,Monthly of Aether #4,EU Winners Finals,2025-03-09 20:34:40+00:00
https://www.youtube.com/watch?v=GXQsQ63G_WE,~Domi,Kragg,Flamberik,Loxodont,Monthly of Aether #4,EU Pools,2025-03-09 20:34:40+00:00
https://www.youtube.com/watch?v=PmAh_W6Yeus,Flamberik,Loxodont,soulcinder,Orcane,Monthly of Aether #4,EU Winners Semifinals,2025-03-09 20:34:40+00:00
https://www.youtube.com/watch?v=FG_CyFScVwQ,Sho,Zetterburn,Cone,Clairen,Monthly of Aether #4,EU Winners Semifinals,2025-03-09 20:34:40+00:00
https://www.youtube.com/watch?v=YWzMpgZdUSQ,FULLY NAKED @ THE URINAL,Zetterburn,Mask,Etalus,Monthly of Aether #4,Pools,2025-03-09 20:34:40+00:00
https://www.youtube.com/watch?v=HlZRl_CwkW8,Sho,Zetterburn,Flamberik,Loxodont,Monthly of Aether #4,EU Losers Finals,2025-03-09 20:34:40+00:00
https://www.youtube.com/watch?v=y7iDfnkdotk,Bbatts,Fleet,Humanlime,Wrastor,Monthly of Aether #4,Losers Finals,2025-03-09 20:34:43+00:00
https://www.youtube.com/watch?v=xYHMw2QFsI4,NNG | Evil Nardwuar,Loxodont,Humanlime,Wrastor,Monthly of Aether #4,Losers Semifinals,2025-03-09 20:34:43+00:00
https://www.youtube.com/watch?v=vrLzWl-cmD0,Hukon,Orcane,Sho,Zetterburn,Monthly of Aether #4,EU Losers Semifinals,2025-03-09 20:34:43+00:00
https://www.youtube.com/watch?v=nD3lxWBzQK8,soulcinder,Orcane,Picotera,Zetterburn,Monthly of Aether #4,EU Pools,2025-03-09 20:34:43+00:00
https://www.youtube.com/watch?v=BpVvHk6oKyw,Toiler,Loxodont,John Fortnite,Ranno,Immortal Fight Night #214,Wnrs Rd 1,2025-03-09 20:58:39+00:00
https://www.youtube.com/watch?v=f-a2h8-sVN4,NibbyNibbyNub,Zetterburn,Grunk,Kragg,Immortal Fight Night #214,Wnrs Qrts,2025-03-09 20:58:42+00:00
https://www.youtube.com/watch?v=DZ-nteion2U,Grunk,Kragg,Monocle Gentlesir,Maypul,Immortal Fight Night #214,Wnrs Semi,2025-03-09 20:58:44+00:00
https://www.youtube.com/watch?v=eYv_xH89Sf0,Average Alex,Etalus,Sh-Awe,Clairen,Immortal Fight Night #214,Wnrs Semi,2025-03-09 20:58:46+00:00
https://www.youtube.com/watch?v=aFD474-Wp_Q,Grunk,Kragg,Average Alex,Etalus,Immortal Fight Night #214,Wnrs Final,2025-03-09 20:58:48+00:00
https://www.youtube.com/watch?v=1nUseFvDro0,Monocle Gentlesir,Maypul,Sh-Awe,Clairen,Immortal Fight Night #214,Lsrs Semi,2025-03-09 20:58:52+00:00
https://www.youtube.com/watch?v=OX_b_ollibM,Grunk,Zetterburn,Monocle Gentlesir,Maypul,Immortal Fight Night #214,Lsrs Final,2025-03-09 20:58:54+00:00
https://www.youtube.com/watch?v=KX2bCzWkfLk,Average Alex,Kragg,Grunk,Zetterburn,Immortal Fight Night #214,Grand Final,2025-03-09 20:58:56+00:00
https://www.youtube.com/watch?v=s7RVWJrkmu0,Nobuds,Ranno,bert,Maypul,Strawberry&#39;s Invitational 2025,Losers Round 2,2025-03-09 23:03:09+00:00
https://www.youtube.com/watch?v=wi0Qx42HStU,Strawberry,Loxodont,bert,Maypul,Strawberry&#39;s Invitational 2025,Losers Quarter-Finals,2025-03-09 23:03:14+00:00
https://www.youtube.com/watch?v=dAe85DpP7pY,KingKade,Orcane,Lark,Forsburn,Strawberry&#39;s Invitational 2025,Winners Finals,2025-03-09 23:03:18+00:00
https://www.youtube.com/watch?v=P-sLl_JZk1s,Mr Y?,Zetterburn,Okzz,Loxodont,FoaS #176,Grand Finals,2025-03-11 00:00:00+00:00
https://www.youtube.com/watch?v=Du7rS6pXC-o,Sky,Kragg,Okzz,Loxodont,FoaS #176,Losers Finals,2025-03-11 00:00:00+00:00
https://www.youtube.com/watch?v=s2eajB8HLz4,Sky,Kragg,Mr Y?,Zetterburn,FoaS #176,Winners Finals,2025-03-11 00:00:00+00:00
https://www.youtube.com/watch?v=5SdC9VsjBSk,MarkyFresh,Loxodont,Okzz,Loxodont,FoaS #176,Losers Semis,2025-03-11 00:00:00+00:00
https://www.youtube.com/watch?v=xF2-94cCFbM,Sky,Kragg,Okzz,Loxodont,FoaS #176,Winners Semis,2025-03-11 00:00:00+00:00
https://www.youtube.com/watch?v=HnAMPxzXUpg,MarkyFresh,Loxodont,Mr Y?,Zetterburn,FoaS #176,Winners Semis,2025-03-11 00:00:00+00:00
https://www.youtube.com/watch?v=MPSkPRHJJSo,transgenderstreetlegend,Zetterburn,Okzz,Loxodont,FoaS #176,Losers Quarters,2025-03-11 00:00:00+00:00
https://www.youtube.com/watch?v=VsLHqM2FQaE,MarkyFresh,Loxodont,Clementine,Clairen,FoaS #176,Losers Quarters,2025-03-11 00:00:00+00:00
https://www.youtube.com/watch?v=HOQeXV2wKDU,SaberLink0,Orcane,Clementine,Clairen,FoaS #176,Losers Round 2,2025-03-11 00:00:00+00:00
https://www.youtube.com/watch?v=Z0uRrUBeSzE,Aurora,Ranno,Mr Y?,Zetterburn,FoaS #176,Winners Quarters,2025-03-11 00:00:00+00:00
https://www.youtube.com/watch?v=frEX3G8KHRo,SaberLink0,Orcane,Okzz,Loxodont,FoaS #176,Winners Quarters,2025-03-11 00:00:00+00:00
https://www.youtube.com/watch?v=yOETD59gugc,Sky,Kragg,Clementine,Clairen,FoaS #176,Winners Quarters,2025-03-11 00:00:00+00:00
https://www.youtube.com/watch?v=LeEDxYNqJh0,Bop GOT EM,Etalus,soh,Forsburn,TomorrowLAN 2025,Grand Finals,2025-03-11 01:26:25+00:00
https://www.youtube.com/watch?v=FChd2O_u79o,soh,Forsburn,Bop GOT EM,Etalus,TomorrowLAN 2025,Winners Semis,2025-03-11 01:26:25+00:00
https://www.youtube.com/watch?v=MReDYBoFggo,GDL,Kragg,soh,Forsburn,TomorrowLAN 2025,Losers Finals,2025-03-11 01:26:25+00:00
https://www.youtube.com/watch?v=NaEl2IKB5jQ,GDL,Kragg,Fray,Wrastor,TomorrowLAN 2025,Winners Semis,2025-03-11 01:26:25+00:00
https://www.youtube.com/watch?v=FXAQqVwgm5Q,M1das,Ranno,Bogmire,Loxodont,TomorrowLAN 2025,Losers Top 8,2025-03-11 01:26:25+00:00
https://www.youtube.com/watch?v=ngJVpU0jZqc,GDL,Kragg,Bop GOT EM,Etalus,TomorrowLAN 2025,Winners Finals,2025-03-11 01:26:25+00:00
https://www.youtube.com/watch?v=2dTWnCQb0AQ,soh,Forsburn,Catalyst,Clairen,TomorrowLAN 2025,Losers Quarters,2025-03-11 01:26:26+00:00
https://www.youtube.com/watch?v=NrGjoU8k0lc,soh,Forsburn,Bogmire,Loxodont,TomorrowLAN 2025,Losers Semis,2025-03-11 01:26:26+00:00
https://www.youtube.com/watch?v=9vBCnmxrcWs,Catalyst,Clairen,Jar,Zetterburn,TomorrowLAN 2025,Losers Top 8,2025-03-11 01:26:26+00:00
https://www.youtube.com/watch?v=YZGYUeX5eHE,Fray,Wrastor,Bogmire,Loxodont,TomorrowLAN 2025,Losers Semis,2025-03-11 01:26:26+00:00
https://www.youtube.com/watch?v=GBxpokyiTn8,sans.,Wrastor,Mastronarde,Forsburn,Run The Rivals #5,Winners Semis,2025-03-11 02:42:51+00:00
https://www.youtube.com/watch?v=jXiVvWnZBGg,Failbot,Kragg,Hunter,Maypul,Run The Rivals #5,Winners Semis,2025-03-11 02:43:16+00:00
https://www.youtube.com/watch?v=RaXTYAOzfKs,Hunter,Maypul,Franzwa,Maypul,Run The Rivals #5,Winners Quarters,2025-03-11 02:43:27+00:00
https://www.youtube.com/watch?v=yKsAZxQOfHs,Failbot,Kragg,Landon,Clairen,Run The Rivals #5,Losers Quarters,2025-03-11 02:44:39+00:00
https://www.youtube.com/watch?v=CqREcTbNmdQ,Hunter,Maypul,Mastronarde,Forsburn,Run The Rivals #5,Winners Finals,2025-03-11 02:45:10+00:00
https://www.youtube.com/watch?v=tIR0aIW9JMY,Wisely,Forsburn,Clarity,Ranno,Run The Rivals #5,Winners R1,2025-03-11 02:45:54+00:00
https://www.youtube.com/watch?v=7r-R5-fNWrg,Landon,Clairen,Mastronarde,Forsburn,Run The Rivals #5,Grand Finals,2025-03-11 02:46:13+00:00
https://www.youtube.com/watch?v=xqL3HHn_THs,Landon,Clairen,Hunter,Maypul,Run The Rivals #5,Losers Finals,2025-03-11 02:46:33+00:00
https://www.youtube.com/watch?v=LD4Criu00fo,Landon,Clairen,Franzwa,Wrastor,Run The Rivals #5,Losers Semis,2025-03-11 02:46:47+00:00
https://www.youtube.com/watch?v=s9DvkVUEBrY,sans.,Wrastor,Franzwa,Maypul,Run The Rivals #5,Losers Quarters,2025-03-11 03:07:11+00:00
https://www.youtube.com/watch?v=tRmc8wVsqHk,Sh-Awe,Clairen,ybm,Wrastor,Immortal Fight Night #215,Wnrs Qrts,2025-03-11 04:05:00+00:00
https://www.youtube.com/watch?v=7WGIB7cfeaA,Reaper,Etalus,Watherum,Ranno,Immortal Fight Night #215,Wnrs Semi,2025-03-11 04:05:01+00:00
https://www.youtube.com/watch?v=x7FSOqRpIms,Zeebee,Etalus,ybm,Wrastor,Immortal Fight Night #215,Wnrs Semi,2025-03-11 04:05:03+00:00
https://www.youtube.com/watch?v=8mq71UBF7PQ,Watherum,Ranno,ybm,Wrastor,Immortal Fight Night #215,Lsrs Semi,2025-03-11 04:05:07+00:00
https://www.youtube.com/watch?v=vwnieGcvW3w,Watherum,Ranno,Reaper,Etalus,Immortal Fight Night #215,Lsrs Final,2025-03-11 04:05:09+00:00
https://www.youtube.com/watch?v=8nVwkOqcedk,GKO,Loxodont,DuoScythe,Clairen,Blazing Battlefield #1,Round 1,2025-03-11 14:30:03+00:00
https://www.youtube.com/watch?v=j0zrgPy2tqg,Xena,Fleet,maya,Orcane,Blazing Battlefield #1,Winners Quarterfinals,2025-03-11 15:30:18+00:00
https://www.youtube.com/watch?v=1iEZ8YPNaSM,DonCascone,Loxodont,Impasse,Zetterburn,Aether Reborn #2,Winners Final,2025-03-11 15:57:36+00:00
https://www.youtube.com/watch?v=APEd98kwTow,bertoleo,Ranno,firmiggio,Orcane,Aether Reborn #2,Winners Round 2,2025-03-11 15:57:37+00:00
https://www.youtube.com/watch?v=Eo030DSWj_U,firmiggio,Orcane,Genarog,Fleet,Aether Reborn #2,Losers Semi-Final,2025-03-11 15:57:37+00:00
https://www.youtube.com/watch?v=PrjdkyR1S4k,Sofi,Ranno,Alpha,Zetterburn,Aether Reborn #2,Top 8 Qualifier (W),2025-03-11 15:57:37+00:00
https://www.youtube.com/watch?v=IsOAiH419Dc,DonCascone,Loxodont,firmiggio,Orcane,Aether Reborn #2,Top 8 Qualifier (W),2025-03-11 15:57:37+00:00
https://www.youtube.com/watch?v=6BsLhgzwpkA,DonCascone,Loxodont,Genarog,Fleet,Aether Reborn #2,Winners Semi-Final,2025-03-11 15:57:37+00:00
https://www.youtube.com/watch?v=3kJw98mzpis,Gallax,Maypul,Dav,Wrastor,Aether Reborn #2,Winners Round 2,2025-03-11 15:57:37+00:00
https://www.youtube.com/watch?v=574oGp3bBCM,bertoleo,Ranno,Alpha,Zetterburn,Aether Reborn #2,Top 8 Qualifier (L),2025-03-11 15:57:37+00:00
https://www.youtube.com/watch?v=8GjsvGMfteI,Gallax,Maypul,Mia Nonna,Loxodont,Aether Reborn #2,Top 8 Qualifier (L),2025-03-11 15:57:37+00:00
https://www.youtube.com/watch?v=IkhXEwN4htE,Gallax,Maypul,Alpha,Zetterburn,Aether Reborn #2,Loser Eights,2025-03-11 15:57:37+00:00
https://www.youtube.com/watch?v=w0IjKatsVeM,DonCascone,Loxodont,Genarog,Fleet,Aether Reborn #2,Losers Final,2025-03-11 15:57:38+00:00
https://www.youtube.com/watch?v=wb7O7Tjt1f4,Genarog,Fleet,Gallax,Maypul,Aether Reborn #2,Losers Quarter-Final,2025-03-11 15:57:38+00:00
https://www.youtube.com/watch?v=shZhS_EqOJE,Genarog,Fleet,Impasse,Zetterburn,Aether Reborn #2,Grand Final,2025-03-11 15:57:38+00:00
https://www.youtube.com/watch?v=feJN_ykJSXg,firmiggio,Orcane,Alexo,Kragg,Aether Reborn #2,Loser Eights,2025-03-11 15:57:38+00:00
https://www.youtube.com/watch?v=qzmZcgRowvo,Xena,Fleet,Re:Cupid,Zetterburn,Blazing Battlefield #1,Winners Semifinals,2025-03-11 16:01:03+00:00
https://www.youtube.com/watch?v=sXef5QOc_pM,awesomenick,Kragg,Mystery Sol,Fleet,Blazing Battlefield #1,Winners Semifinals,2025-03-11 16:15:04+00:00
https://www.youtube.com/watch?v=bw4JSR4q8Tg,Mystery Sol,Fleet,Re:Cupid,Zetterburn,Blazing Battlefield #1,Winners Finals,2025-03-11 16:30:07+00:00
https://www.youtube.com/watch?v=nyCigulD2Lo,Mystery Sol,Etalus,Re:Cupid,Zetterburn,Blazing Battlefield #1,Grand Finals,2025-03-11 17:15:03+00:00
https://www.youtube.com/watch?v=wMRoNA2lEwg,Air | Juno,Maypul,popcorn,Zetterburn,Double Dunk #21,RR Pools,2025-03-11 18:39:49+00:00
https://www.youtube.com/watch?v=yt93dTulunU,ms. horrible,Clairen,popcorn,Zetterburn,Double Dunk #21,RR Pools,2025-03-11 18:44:25+00:00
https://www.youtube.com/watch?v=1KUR1aHEIrI,Ubergronk,Maypul,Gooshi | Veil,Loxodont,Double Dunk #21,RR Pools,2025-03-11 18:46:39+00:00
https://www.youtube.com/watch?v=aA7cEN_nIEU,Gooshi | Veil,Loxodont,Swamish,Kragg,Double Dunk #21,RR Pools,2025-03-11 18:49:31+00:00
https://www.youtube.com/watch?v=GS4DrWzShhY,Fischnt,Fleet,Zranzax,Etalus,Double Dunk #21,RR Pools,2025-03-11 18:51:39+00:00
https://www.youtube.com/watch?v=WspFskYf7nE,Zranzax,Etalus,Air | Juno,Maypul,Double Dunk #21,RR Pools,2025-03-11 18:54:34+00:00
https://www.youtube.com/watch?v=qAcwzcvoGhY,Swamish,Kragg,Air | Juno,Maypul,Double Dunk #21,Winners Semis,2025-03-11 18:56:58+00:00
https://www.youtube.com/watch?v=7cIvLumvxA8,Gooshi | Veil,Loxodont,popcorn,Zetterburn,Double Dunk #21,Winners Semis,2025-03-11 18:58:58+00:00
https://www.youtube.com/watch?v=I4MNt4B3RLk,Gooshi | Veil,Loxodont,Air | Juno,Maypul,Double Dunk #21,Winners Finals,2025-03-11 19:02:21+00:00
https://www.youtube.com/watch?v=8FzO9znCT88,popcorn,Zetterburn,Zranzax,Etalus,Double Dunk #21,Losers Quarters,2025-03-11 19:03:56+00:00
https://www.youtube.com/watch?v=TUj-Fs424fA,Fischnt,Fleet,popcorn,Zetterburn,Double Dunk #21,Losers Semis,2025-03-11 19:10:13+00:00
https://www.youtube.com/watch?v=wcHwIPzfeOI,Fischnt,Fleet,Gooshi | Veil,Loxodont,Double Dunk #21,Losers Finals,2025-03-11 19:18:27+00:00
https://www.youtube.com/watch?v=8nb9elqqIl8,Air | Juno,Etalus,Gooshi | Veil,Loxodont,Double Dunk #21,Grand Finals,2025-03-11 19:23:37+00:00
https://www.youtube.com/watch?v=vfz1f1UOlrY,cspan,Ranno,Gamer LatAm | Connie Kins,Kragg,Soul Melter Smash #39,,2025-03-11 22:44:44+00:00
https://www.youtube.com/watch?v=pqO1mOXewZ8,GOATcheese,Kragg,cspan,Ranno,Soul Melter Smash #39,Winners Semis,2025-03-11 23:00:57+00:00
https://www.youtube.com/watch?v=p2CrKdoTUpQ,GOATcheese,Kragg,Viridian,Ranno,Soul Melter Smash #39,Winners FinalS,2025-03-11 23:02:25+00:00
https://www.youtube.com/watch?v=WO4p7LX6nnc,ZetaDiamind,Clairen,cspan,Ranno,Soul Melter Smash #39,Losers Semis,2025-03-11 23:03:15+00:00
https://www.youtube.com/watch?v=spDTctahpaA,cspan,Ranno,Viridian,Ranno,Soul Melter Smash #39,Losers Finals,2025-03-11 23:17:42+00:00
https://www.youtube.com/watch?v=Osq2-X5h1_w,GOATcheese,Kragg,Viridian,Ranno,Soul Melter Smash #39,Grand Finals,2025-03-11 23:21:16+00:00
https://www.youtube.com/watch?v=XE3tzIxnPRU,Frosty,Kragg,Star,Clairen,Tripoint 270,Winners Finals,2025-03-12 01:08:02+00:00
https://www.youtube.com/watch?v=4jFwZd6K5QU,Frosty,Loxodont,Star,Clairen,Tripoint 270,Grand Finals,2025-03-12 01:08:02+00:00
https://www.youtube.com/watch?v=cZnY72kbpWE,Sir Dank,Forsburn,Ravenking,Wrastor,Tripoint 270,Losers Semis,2025-03-12 01:08:02+00:00
https://www.youtube.com/watch?v=wMZrFkNFAqM,RosiYY,Kragg,Sir Dank,Forsburn,Tripoint 270,Winners Quarters,2025-03-12 01:08:02+00:00
https://www.youtube.com/watch?v=ssOeMEiNyPc,Ravenking,Wrastor,Star,Clairen,Tripoint 270,Losers Final,2025-03-12 01:08:02+00:00
https://www.youtube.com/watch?v=37bzfRvORbY,HamirTime,Clairen,DaveBot,Clairen,Tuesday Trials 179,Losers Final,2025-03-12 03:42:00+00:00
https://www.youtube.com/watch?v=oFDOD6osb5E,HamirTime,Clairen,TimeGear,Wrastor,Tuesday Trials 179,Grand Final,2025-03-12 03:42:02+00:00
https://www.youtube.com/watch?v=HnqYaOBDBJw,Elu,Ranno,nard,Clairen,Fusion #243,WR1,2025-03-12 06:47:40+00:00
https://www.youtube.com/watch?v=et_F4y1IUuA,Mr Y?,Zetterburn,MarkyFresh,Loxodont,FoaS #177,WSF,2025-03-13 05:18:49+00:00
https://www.youtube.com/watch?v=H1YQdcpUBfA,Aurora,Ranno,Clementine,Clairen,FoaS #177,LQF,2025-03-13 05:18:49+00:00
https://www.youtube.com/watch?v=0aGAITJ_aaQ,Mr Y?,Zetterburn,Okzz,Loxodont,FoaS #177,GF,2025-03-13 05:18:49+00:00
https://www.youtube.com/watch?v=aipitGSz72M,MarkyFresh,Loxodont,Okzz,Loxodont,FoaS #177,LF,2025-03-13 05:18:49+00:00
https://www.youtube.com/watch?v=dxf8iYIYGfE,MarkyFresh,Loxodont,Clementine,Clairen,FoaS #177,LSF,2025-03-13 05:18:49+00:00
https://www.youtube.com/watch?v=eWlP9Mj-lKc,Okzz,Loxodont,Mr Y?,Zetterburn,FoaS #177,WF,2025-03-13 05:18:49+00:00
https://www.youtube.com/watch?v=77sU4odgyS4,Okzz,Loxodont,Clementine,Clairen,FoaS #177,WSF,2025-03-13 05:18:49+00:00
https://www.youtube.com/watch?v=lmMJXkBx3_4,MarkyFresh,Loxodont,Aurora,Ranno,FoaS #177,WQF,2025-03-13 05:18:49+00:00
https://www.youtube.com/watch?v=FykUoZBeNek,transgenderstreetlegend,Zetterburn,Mr Y?,Zetterburn,FoaS #177,WQF,2025-03-13 05:18:49+00:00
https://www.youtube.com/watch?v=qbfU-JqdljM,transgenderstreetlegend,Zetterburn,Pebble,Clairen,FoaS #177,WR1,2025-03-13 05:18:49+00:00
https://www.youtube.com/watch?v=6ycPnhO8964,Dougsauce,Orcane,DEKURAW43,Zetterburn,Bay State Beatdown 138,Winners Round 1,2025-03-13 14:00:12+00:00
https://www.youtube.com/watch?v=_usj8u6dJe8,Takkun,Wrastor,omar,Orcane,Bay State Beatdown 138,Winners Round 1,2025-03-13 14:22:00+00:00
https://www.youtube.com/watch?v=BieQHHck5Ds,yc | Pip,Maypul,FP | The Grustler,Ranno,Bay State Beatdown 138,Winners Round 2,2025-03-13 14:30:11+00:00
https://www.youtube.com/watch?v=gQE9efuGV2M,Exciled,Ranno,NEU | saucymain,Clairen,Bay State Beatdown 138,Winners Round 2,2025-03-13 14:37:00+00:00
https://www.youtube.com/watch?v=iQk7ozU3mgQ,Winters,Maypul,OUG | Abruzaza,Loxodont,Bay State Beatdown 138,Winners Round 2,2025-03-13 14:52:00+00:00
https://www.youtube.com/watch?v=ybHRsehRWzE,VCent,Maypul,Eden,Kragg,Bay State Beatdown 138,Winners Round 2,2025-03-13 15:01:15+00:00
https://www.youtube.com/watch?v=-x1fYn6EI94,hexjo,Ranno,XaviBun,Ranno,Bay State Beatdown 138,Winners Round 2,2025-03-13 15:07:00+00:00
https://www.youtube.com/watch?v=67YeaUtZmz0,yc | Pip,Maypul,XaviBun,Ranno,Bay State Beatdown 138,Winners Quarters,2025-03-13 15:30:06+00:00
https://www.youtube.com/watch?v=waMpIn1h8YU,FC | Vidad,Clairen,Exciled,Ranno,Bay State Beatdown 138,Winners Quarters,2025-03-13 15:37:00+00:00
https://www.youtube.com/watch?v=LYQct-0NrPo,Dougsauce,Orcane,Takkun,Wrastor,Bay State Beatdown 138,Losers Round 3,2025-03-13 15:45:01+00:00
https://www.youtube.com/watch?v=Wdv40WSwugI,Winters,Maypul,Takkun,Wrastor,Bay State Beatdown 138,Losers Top 12,2025-03-13 15:52:00+00:00
https://www.youtube.com/watch?v=527yKlkaqYQ,Benoit &quot;McDonald&quot; Blanc,Maypul,hexjo,Ranno,Bay State Beatdown 138,Losers Top 12,2025-03-13 16:00:06+00:00
https://www.youtube.com/watch?v=hn84wdClalE,VCent,Maypul,EXL | Prince Fluff,Loxodont,Bay State Beatdown 138,Winners Semis,2025-03-13 16:07:00+00:00
https://www.youtube.com/watch?v=kuQu3X_iang,yc | Pip,Maypul,FC | Vidad,Clairen,Bay State Beatdown 138,Winners Semis,2025-03-13 16:15:03+00:00
https://www.youtube.com/watch?v=TDTfuVq-ZxQ,Takkun,Wrastor,Benoit &quot;McDonald&quot; Blanc,Maypul,Bay State Beatdown 138,Losers Top 8,2025-03-13 16:22:00+00:00
https://www.youtube.com/watch?v=6GcCmwsztEI,yc | Pip,Maypul,Takkun,Wrastor,Bay State Beatdown 138,Losers Quarters,2025-03-13 16:30:01+00:00
https://www.youtube.com/watch?v=7zAIY16shLs,VCent,Maypul,Vidad,Clairen,Bay State Beatdown 138,Winners Finals,2025-03-13 16:37:01+00:00
https://www.youtube.com/watch?v=TShNZQxBL2w,Exciled,Ranno,WriteGrammar,Kragg,Bay State Beatdown 138,Losers Top 12,2025-03-13 16:45:04+00:00
https://www.youtube.com/watch?v=io2p5tBPtJw,Exciled,Ranno,DEKURAW43,Zetterburn,Bay State Beatdown 138,Losers Top 8,2025-03-13 16:52:00+00:00
https://www.youtube.com/watch?v=rS3jEqc6vKU,yc | Pip,Maypul,EXL | Prince Fluff,Loxodont,Bay State Beatdown 138,Losers Semis,2025-03-13 17:07:00+00:00
https://www.youtube.com/watch?v=0MvOnUoEfVU,VCent,Maypul,yc | Pip,Maypul,Bay State Beatdown 138,Losers Finals,2025-03-13 17:15:00+00:00
https://www.youtube.com/watch?v=bGMs0Vwg2uc,FC | Vidad,Clairen,yc | Pip,Maypul,Bay State Beatdown 138,Grand Finals,2025-03-13 17:22:00+00:00
https://www.youtube.com/watch?v=7OjkFPf-_cQ,Mkok,Zetterburn,Reaper,Etalus,Straight Into The Abyss #10,Lsrs Semi,2025-03-14 16:00:08+00:00
https://www.youtube.com/watch?v=6ISy8F-3AtE,Mkok,Zetterburn,Average Alex,Kragg,Straight Into The Abyss #10,Lsrs Final,2025-03-14 16:00:15+00:00
https://www.youtube.com/watch?v=MWxXZGQn3Sg,Suture,Ranno,Monocle Gentlesir,Maypul,Straight Into The Abyss #10,Wnrs Rd 1,2025-03-14 16:00:33+00:00
https://www.youtube.com/watch?v=ZOeJz5LKdYc,Reaper,Etalus,Mkok,Zetterburn,Straight Into The Abyss #10,Wnrs Qrts,2025-03-14 16:00:41+00:00
https://www.youtube.com/watch?v=cBbdhb-1DsQ,Average Alex,Kragg,Monocle Gentlesir,Maypul,Straight Into The Abyss #10,Wnrs Semi,2025-03-14 16:00:47+00:00
https://www.youtube.com/watch?v=kvACIVHwjYo,Sophilo,Zetterburn,Average Alex,Kragg,Straight Into The Abyss #10,Grand Finals,2025-03-14 16:00:58+00:00
https://www.youtube.com/watch?v=m_dKVYDmR4o,Sophilo,Zetterburn,Mkok,Zetterburn,Straight Into The Abyss #10,Wnrs Semi,2025-03-14 16:01:04+00:00
https://www.youtube.com/watch?v=tmDitNS3cL4,sans.,Wrastor,Landon,Clairen,Run The Rivals #5,Winners Quarters,2025-03-14 22:24:16+00:00
https://www.youtube.com/watch?v=tWBuNLjjscg,Delm,Ranno,Samu,Clairen,Gran Aether T1 #1,R1,2025-03-17 12:13:24+00:00
https://www.youtube.com/watch?v=aMP9T16K_KU,Kohza,Kragg,Kratogans,Orcane,Gran Aether T1 #1,R3,2025-03-17 12:14:34+00:00
https://www.youtube.com/watch?v=XIh2mrFrCJY,MegaAng,Orcane,WhatIsAHitbox,Maypul,Gran Aether T1 #1,R2,2025-03-17 12:15:02+00:00
https://www.youtube.com/watch?v=XfldUs8BIpA,ButaneroPutero73,Kragg,WhatIsAHitbox,Maypul,Gran Aether T1 #1,LQF,2025-03-17 13:02:13+00:00
https://www.youtube.com/watch?v=Tok83gu4G7U,ButaneroPutero73,Kragg,Mik,Kragg,Gran Aether T1 #1,LSF,2025-03-17 13:02:14+00:00
https://www.youtube.com/watch?v=XHw9eeE6vT4,ButaneroPutero73,Kragg,Flamberik,Loxodont,Gran Aether T1 #1,WSF,2025-03-17 13:05:37+00:00
https://www.youtube.com/watch?v=alQXYXi57Ws,Sand,Zetterburn,Kohza,Kragg,Gran Aether T1 #1,WSF,2025-03-17 13:06:09+00:00
https://www.youtube.com/watch?v=fkrUAOYel3U,Sand,Zetterburn,Flamberik,Loxodont,Gran Aether T1 #1,WF,2025-03-17 13:08:48+00:00
https://www.youtube.com/watch?v=ndW5wVNz5KM,Mik,Kragg,Kohza,Kragg,Gran Aether T1 #1,LQF,2025-03-17 13:13:03+00:00
https://www.youtube.com/watch?v=BWeTa8RECMg,Flamberik,Loxodont,Sand,Zetterburn,Gran Aether T1 #1,GF,2025-03-17 13:17:16+00:00
https://www.youtube.com/watch?v=D2RCjwhE2xw,Flamberik,Loxodont,Mik,Kragg,Gran Aether - T1 #1,LF,2025-03-17 13:26:34+00:00
https://www.youtube.com/watch?v=xwAeSwNJj1s,Sawstep,Fleet,FD,Orcane,EugeneBound 3,Losers Quarterfinals,2025-03-17 16:15:08+00:00
https://www.youtube.com/watch?v=MPLVR_dV4zI,Jett the Jenga God,Kragg,FD,Orcane,EugeneBound 3,Losers Semifinals,2025-03-17 16:30:05+00:00
https://www.youtube.com/watch?v=UGHopUeqUOQ,sans.,Wrastor,Superdog,Clairen,Run The Rivals #6,Winners Quarters,2025-03-18 02:38:53+00:00
https://www.youtube.com/watch?v=ToVd8nY2xuE,Hunter,Maypul,sans.,Wrastor,Run The Rivals #6,Winners Semis,2025-03-18 02:39:10+00:00
https://www.youtube.com/watch?v=z3OBXHNKvMs,Landon,Clairen,Wisely,Maypul,Run The Rivals #6,Winners Semis,2025-03-18 02:39:32+00:00
https://www.youtube.com/watch?v=JuD3bKYauAY,sans.,Wrastor,Joseph,Orcane,Run The Rivals #6,Losers Quarters,2025-03-18 02:39:46+00:00
https://www.youtube.com/watch?v=cmKYyRfFroE,Wisely,Maypul,Superdog,Clairen,Run The Rivals #6,Losers Quarters,2025-03-18 02:40:02+00:00
https://www.youtube.com/watch?v=rvjsu7l2uf8,Landon,Clairen,Hunter,Maypul,Run The Rivals #6,Winners Finals,2025-03-18 02:40:16+00:00
https://www.youtube.com/watch?v=ZCcxQzaP4f8,sans.,Ranno,Superdog,Clairen,Run The Rivals #6,Losers Semis,2025-03-18 02:40:31+00:00
https://www.youtube.com/watch?v=4YsdYLJ-yjk,Landon,Clairen,sans.,Wrastor,Run The Rivals #6,Losers Finals,2025-03-18 02:41:21+00:00
https://www.youtube.com/watch?v=s4qEmLGV4dQ,Hunter,Maypul,Landon,Clairen,Run The Rivals #6,Grand Finals,2025-03-18 02:41:36+00:00
https://www.youtube.com/watch?v=bLnkL-cf1hA,Panic! at the Goonsesh,Zetterburn,magicsnax1984,Maypul,Run The Rivals #6,Winners R1,2025-03-18 02:41:54+00:00
https://www.youtube.com/watch?v=Ic5GHYRWluQ,Tenant,Kragg,DaveBot,Clairen,Tuesday Trials 180,Winners Final,2025-03-19 03:44:32+00:00
https://www.youtube.com/watch?v=6Q2-BQqDC7E,DaveBot,Clairen,Nido,Zetterburn,Tuesday Trials 180,Losers Final,2025-03-19 03:44:34+00:00
https://www.youtube.com/watch?v=0vwv4B1KtWA,Gamer LatAm | Connie Kins,Kragg,SL | Rald,Clairen,Soul Melter Smash #40,,2025-03-19 06:28:56+00:00
https://www.youtube.com/watch?v=nyawuAKJAu4,GOATcheese,Kragg,Ahntye,Etalus,Soul Melter Smash #40,Winners Semis,2025-03-19 06:32:30+00:00
https://www.youtube.com/watch?v=ctGGXP2OMio,Seelder,Clairen,Gamer LatAm | Connie Kins,Zetterburn,Soul Melter Smash #40,Winners Semis,2025-03-19 06:38:04+00:00
https://www.youtube.com/watch?v=v4_8Sp1Tbns,Seelder,Fleet,GOATcheese,Kragg,Soul Melter Smash #40,Winners FinalS,2025-03-19 06:46:34+00:00
https://www.youtube.com/watch?v=EMVpoazQ9Uc,GOATcheese,Kragg,Ahntye,Etalus,Soul Melter Smash #40,Losers Finals,2025-03-19 06:47:01+00:00
https://www.youtube.com/watch?v=GRa2LHQhy8U,GOATcheese,Kragg,Seelder,Fleet,Soul Melter Smash #40,Grand Finals,2025-03-19 06:49:37+00:00
https://www.youtube.com/watch?v=n9V7QmmVH0I,Okzz,Loxodont,PG$W Vaporeon,Clairen,3RR 143,GF,2025-03-21 16:50:32+00:00
https://www.youtube.com/watch?v=KnS1mO8HSNQ,Vv,Orcane,PG$W Vaporeon,Clairen,3RR 143,LF,2025-03-21 16:50:32+00:00
https://www.youtube.com/watch?v=Sd5wEocDU6I,MarkyFresh,Loxodont,Vv,Orcane,3RR 143,LSF,2025-03-21 16:50:32+00:00
https://www.youtube.com/watch?v=DqRQk8lOvdI,PG$W Vaporeon,Clairen,Okzz,Loxodont,3RR 143,WF,2025-03-21 16:50:32+00:00
https://www.youtube.com/watch?v=0L5WZ1w09aw,PG$W Vaporeon,Clairen,Vv,Orcane,3RR 143,WSF,2025-03-21 16:50:32+00:00
https://www.youtube.com/watch?v=Xy-dy20KNWw,Okzz,Loxodont,MarkyFresh,Loxodont,3RR 143,WSF,2025-03-21 16:50:32+00:00
https://www.youtube.com/watch?v=6jOe5DZv3wg,MarkyFresh,Loxodont,SENTRY squatch$,Ranno,3RR 143,LQF,2025-03-21 16:50:32+00:00
https://www.youtube.com/watch?v=BFEvcCH7ZtY,squatch$,Ranno,PG$W Vaporeon,Clairen,3RR 143,WQF,2025-03-21 16:50:32+00:00
https://www.youtube.com/watch?v=ZvRgk2GsdYY,Vv,Clairen,transgenderstreetlegend,Zetterburn,3RR 143,LQF,2025-03-21 16:50:32+00:00
https://www.youtube.com/watch?v=gf4RlD7hJFA,IcyMist,Ranno,transgenderstreetlegend,Zetterburn,3RR 143,LR3,2025-03-21 16:50:32+00:00
https://www.youtube.com/watch?v=h1zFgxE7JRA,SENTRY squatch$,Ranno,SaberLink0,Orcane,3RR 143,LR3,2025-03-21 16:50:32+00:00
https://www.youtube.com/watch?v=QXxrYUBqH_I,Okzz,Loxodont,transgenderstreetlegend,Zetterburn,3RR 143,WQF,2025-03-21 16:50:32+00:00
https://www.youtube.com/watch?v=ej5g79YTq3g,Vv,Orcane,CoK Stuffy,Forsburn,3RR 143,WQF,2025-03-21 16:50:32+00:00
https://www.youtube.com/watch?v=aMqvj1JwvbA,MarkyFresh,Loxodont,Aurora,Ranno,3RR 143,WQF,2025-03-21 16:50:32+00:00
https://www.youtube.com/watch?v=3U9TxSRf1vY,SaberLink0,Orcane,transgenderstreetlegend,Zetterburn,3RR 143,WR1,2025-03-21 16:50:32+00:00
https://www.youtube.com/watch?v=eTpyrb9_l84,Nathaniel,Ranno,Aurora,Ranno,3RR 143,WR1,2025-03-21 16:50:32+00:00
https://www.youtube.com/watch?v=-znftuG_B2o,squatch$,Ranno,IcyMist,Ranno,3RR 143,WR1,2025-03-21 16:50:32+00:00
https://www.youtube.com/watch?v=g_fWhRLc1E0,Infiknight,Clairen,MarkyFresh,Loxodont,3RR 143,WR1,2025-03-21 16:50:32+00:00
https://www.youtube.com/watch?v=yVm6Tl20K08,Rey Rata,Fleet,Francokiwi,Zetterburn,Rivalito CharrÃºa #10,Winners Quarters,2025-03-22 23:07:15+00:00
https://www.youtube.com/watch?v=nV2Tar2Mqtg,Rey Rata,Fleet,Gerix,Clairen,Rivalito CharrÃºa #10,Winners Round 1,2025-03-22 23:20:44+00:00
https://www.youtube.com/watch?v=6c2qphek2Vk,Mitsu,Clairen,Vodokex,Forsburn,Rivalito CharrÃºa #10,Winners Quarters,2025-03-22 23:21:07+00:00
https://www.youtube.com/watch?v=5Ukzg69qFQM,Catwo,Etalus,Mint,Maypul,Rivalito CharrÃºa #10,Winners Quarters,2025-03-22 23:21:30+00:00
https://www.youtube.com/watch?v=lOHwZ6rP6Gg,Dieguix,Zetterburn,Vodokex,Forsburn,Rivalito CharrÃºa #10,Winners Round 1,2025-03-22 23:21:50+00:00
https://www.youtube.com/watch?v=y6pjfU_Xcuw,Pritah,Forsburn,Tatu8052,Clairen,Rivalito CharrÃºa #10,Winners Round 1,2025-03-23 02:58:44+00:00
https://www.youtube.com/watch?v=QCnrdz-Ijq4,Francokiwi,Zetterburn,Mitsu,Clairen,Rivalito CharrÃºa #10,Winners Semis,2025-03-23 03:37:43+00:00
https://www.youtube.com/watch?v=zsguUhNe0jg,Mint,Maypul,Gerix,Clairen,Rivalito CharrÃºa #10,Losers Round 2,2025-03-23 03:38:24+00:00
https://www.youtube.com/watch?v=RQ0sL-qAcYE,Mitsu,Clairen,Mint,Maypul,Rivalito CharrÃºa #10,Grand Finals,2025-03-23 03:39:08+00:00
https://www.youtube.com/watch?v=w6SStUTUSjo,Pritah,Forsburn,Catwo,Loxodont,Rivalito CharrÃºa #10,Winners Semis,2025-03-23 03:40:06+00:00
https://www.youtube.com/watch?v=Ti3FtZjmQoE,Mitsu,Clairen,Catwo,Etalus,Rivalito CharrÃºa #10,Winners Finals,2025-03-23 03:41:01+00:00
https://www.youtube.com/watch?v=RyUeE3hZn3I,Mint,Maypul,Francokiwi,Zetterburn,Rivalito CharrÃºa #10,Losers Quarters,2025-03-23 03:41:42+00:00
https://www.youtube.com/watch?v=riiZHybxsqc,Rey Rata,Fleet,Pritah,Forsburn,Rivalito CharrÃºa #10,Losers Quarters,2025-03-23 03:42:13+00:00
https://www.youtube.com/watch?v=NSnYsbEiVRk,Mint,Maypul,Rey Rata,Maypul,Rivalito CharrÃºa #10,Losers Semis,2025-03-23 03:42:32+00:00
https://www.youtube.com/watch?v=A7rmTJ6BXyE,Mint,Maypul,Catwo,Etalus,Rivalito CharrÃºa #10,Losers Finals,2025-03-23 03:42:51+00:00
https://www.youtube.com/watch?v=EE9KWDFoNk8,StarvingCube,Loxodont,Edmund,Zetterburn,Eagle&#39;s Nest 13,Winners Round 2,2025-03-23 05:07:22+00:00
https://www.youtube.com/watch?v=fJFQchsSmXg,jBoneX,Kragg,Fortnite90,Zetterburn,Eagle&#39;s Nest 13,Winners Round 2,2025-03-23 05:07:26+00:00
https://www.youtube.com/watch?v=4CnT4717V6M,jBoneX,Zetterburn,mrwalkemdowntobrinstar,Wrastor,Eagle&#39;s Nest 13,Losers Round 1,2025-03-23 05:07:28+00:00
https://www.youtube.com/watch?v=7XIrtc9_Ryc,Fortnite90,Zetterburn,Edmund,Zetterburn,Eagle&#39;s Nest 13,Winners Finals,2025-03-23 05:07:31+00:00
https://www.youtube.com/watch?v=ziLeKIm7xjY,jBoneX,Kragg,StarvingCube,Loxodont,Eagle&#39;s Nest 13,Losers Round 2,2025-03-23 05:07:34+00:00
https://www.youtube.com/watch?v=ihhf18dc2Z4,Edmund,Zetterburn,StarvingCube,Loxodont,Eagle&#39;s Nest 13,Losers Finals,2025-03-23 05:07:37+00:00
https://www.youtube.com/watch?v=DeedVdZzqNc,Watherum,Zetterburn,Chum,Loxodont,Immortal Fight Night #216,Wnrs Qrts,2025-03-24 15:21:53+00:00
https://www.youtube.com/watch?v=lYzAboUEGgk,Mr Y?,Zetterburn,Okzz,Loxodont,FoaS #178,GF,2025-03-24 16:44:04+00:00
https://www.youtube.com/watch?v=UU5sVKsIJl0,Aluminis,Maypul,Okzz,Loxodont,FoaS #178,LF,2025-03-24 16:44:04+00:00
https://www.youtube.com/watch?v=ORDse1OX2Zk,Vv,Orcane,Okzz,Loxodont,FoaS #178,LSF,2025-03-24 16:44:04+00:00
https://www.youtube.com/watch?v=L3yjTNW6r4k,Aluminis,Maypul,Mr Y?,Zetterburn,FoaS #178,WF,2025-03-24 16:44:04+00:00
https://www.youtube.com/watch?v=7WDqw5GTnTU,Okzz,Loxodont,Mr Y?,Zetterburn,FoaS #178,WSF,2025-03-24 16:44:04+00:00
https://www.youtube.com/watch?v=YnUlh3qFxVI,Aluminis,Maypul,Vv,Orcane,FoaS #178,WSF,2025-03-24 16:44:04+00:00
https://www.youtube.com/watch?v=GCX_hG0Dzfc,Aurora,Ranno,Okzz,Loxodont,FoaS #178,WQF,2025-03-24 16:44:04+00:00
https://www.youtube.com/watch?v=XfY3C0DVb-0,MarkyFresh,Loxodont,Vv,Orcane,FoaS #178,WQF,2025-03-24 16:44:04+00:00
https://www.youtube.com/watch?v=yQljUlCtVsU,PG$W Vaporeon,Maypul,MarkyFresh,Loxodont,FoaS #178,LR3,2025-03-24 16:44:04+00:00
https://www.youtube.com/watch?v=doyNIMa7PL0,MarkyFresh,Loxodont,transgenderstreetlegend,Zetterburn,FoaS #178,WR1,2025-03-24 16:44:04+00:00
https://www.youtube.com/watch?v=a2ZPEKf9HsY,Reaper,Etalus,Monocle Gentlesir,Maypul,Immortal Fight Night #217 Wnrs Qrts,,2025-03-26 01:43:40+00:00
https://www.youtube.com/watch?v=Q7CcGbvxVUA,Sh-Awe,Clairen,Average Alex,Etalus,Immortal Fight Night #217,Wnrs Qrts,2025-03-26 01:43:44+00:00
https://www.youtube.com/watch?v=qAiwTWC05Wk,ZeeBee,Kragg,Watherum,Ranno,Immortal Fight Night #217,Wnrs Semi,2025-03-26 01:43:52+00:00
https://www.youtube.com/watch?v=5A-0qlfsHxI,Average Alex,Kragg,ZeeBee,Kragg,Immortal Fight Night #217,Wnrs Final,2025-03-26 01:44:06+00:00
https://www.youtube.com/watch?v=e5Plsf9RP2k,Watherum,Ranno,Toiler,Loxodont,Immortal Fight Night #217,Lsrs Qrts,2025-03-26 01:44:09+00:00
https://www.youtube.com/watch?v=lrCo3iF4urc,ZeeBee,Kragg,Average Alex,Kragg,Immortal Fight Night #217,Grand Final,2025-03-26 01:44:15+00:00
https://www.youtube.com/watch?v=4Y4SI6ym7jA,Magno,Etalus,StarvingCube,Loxodont,Eagle&#39;s Nest 14,Winners Round 1,2025-03-26 04:43:49+00:00
https://www.youtube.com/watch?v=AQmb7VcjAvY,jBoneX,Kragg,Edmund,Zetterburn,Eagle&#39;s Nest 14,Winners Round 2,2025-03-26 04:44:05+00:00
https://www.youtube.com/watch?v=_Jdw6eaE2Co,Edmund,Zetterburn,Thieef,Zetterburn,Eagle&#39;s Nest 14,Winners Round 2,2025-03-26 04:44:18+00:00
https://www.youtube.com/watch?v=70z2lDaPeoE,StarvingCube,Loxodont,M,Maypul,Eagle&#39;s Nest 14,Losers Round 2,2025-03-26 04:44:27+00:00
https://www.youtube.com/watch?v=lChktxv0AM4,StarvingCube,Loxodont,jBoneX,Kragg,Eagle&#39;s Nest 14,Losers Semus,2025-03-26 04:44:34+00:00
https://www.youtube.com/watch?v=rrvDhaKzt3g,StarvingCube,Loxodont,Edmund,Zetterburn,Eagle&#39;s Nest 14,Losers Finals,2025-03-26 04:44:42+00:00
https://www.youtube.com/watch?v=r8e9SWAYgLM,Meechole,Ranno,Bicycle,Orcane,Hitfall 3.5,Losers Top 16,2025-03-26 23:00:37+00:00
https://www.youtube.com/watch?v=fMZztYGvI9E,Cheesypotato,Kragg,Bicycle,Orcane,Hitfall 3.5,Losers Top 12,2025-03-26 23:00:37+00:00
https://www.youtube.com/watch?v=wNO-Nr3wWu8,Ooda,Clairen,Jubilo,Zetterburn,Hitfall 3.5,Losers Top 12,2025-03-26 23:00:37+00:00
https://www.youtube.com/watch?v=TcH87Qg2yDo,Ramen,Ranno,Jubilo,Zetterburn,Hitfall 3.5,Losers Top 16,2025-03-26 23:00:38+00:00
https://www.youtube.com/watch?v=ha5wwEuV2Uo,Humanlime,Wrastor,Bicycle,Orcane,Hitfall 3.5,Losers Quarters,2025-03-26 23:00:38+00:00
https://www.youtube.com/watch?v=8LTGL2xxYzU,Lucius,Ranno,Humanlime,Wrastor,Hitfall 3.5,Winners Round 4,2025-03-27 00:55:43+00:00
https://www.youtube.com/watch?v=A2tmEjV62FM,Codek,Ranno,elkiies,Maypul,Hitfall 3.5,Winners Round 4,2025-03-27 00:55:43+00:00
https://www.youtube.com/watch?v=Nii1ubRA7_A,Barking_frog,Ranno,toothbrush,Ranno,Hitfall 3.5,Winners Round 4,2025-03-27 00:55:43+00:00
https://www.youtube.com/watch?v=HGxab11FwNc,Humanlime,Wrastor,toothbrush,Ranno,Hitfall 3.5,Losers Top 16,2025-03-27 00:55:43+00:00
https://www.youtube.com/watch?v=QBc-33UX5XE,Hyperflame,Zetterburn,nard,Clairen,Hitfall 3.5,Winners Round 4,2025-03-27 00:55:43+00:00
https://www.youtube.com/watch?v=6wY6SJtYXAM,CheesyPotato,Kragg,Vibe,Clairen,Hitfall 3.5,Winners Round 4,2025-03-27 00:55:43+00:00
https://www.youtube.com/watch?v=1jf8VdYWD7Y,Barking_frog,Ranno,T. Richard,Maypul,Hitfall 3.5,Winners Round 3,2025-03-27 00:55:43+00:00
https://www.youtube.com/watch?v=8lEVXYSuIDw,nard,Clairen,malk,Kragg,Hitfall 3.5,Losers Top 12,2025-03-27 00:55:43+00:00
https://www.youtube.com/watch?v=PUu5F6F_Amg,malk,Kragg,Codek,Ranno,Hitfall 3.5,Losers Top 16,2025-03-27 00:55:43+00:00
https://www.youtube.com/watch?v=PRp-ngg_IxY,Switch,Zetterburn,nard,Clairen,Hitfall 3.5,Losers Top 8,2025-03-27 00:55:43+00:00
https://www.youtube.com/watch?v=XhsJVLnyBl8,Jackie Peanuts,Kragg,Hyperflame,Zetterburn,Hitfall 3.5,Winners Round 3,2025-03-27 00:55:47+00:00
https://www.youtube.com/watch?v=XO2EGV3LJM0,Hyperflame,Zetterburn,toothbrush,Ranno,Hitfall 3.5,Losers Top 8,2025-03-27 00:55:47+00:00
https://www.youtube.com/watch?v=Z-jVUpNaaLk,Barking_frog,Ranno,toothbrush,Ranno,Hitfall 3.5,Losers Quarters,2025-03-27 00:55:47+00:00
https://www.youtube.com/watch?v=WAcHeR8h_BI,Hyperflame,Zetterburn,Dr. Fizz,Ranno,Hitfall 3.5,Losers Top 16,2025-03-27 00:55:47+00:00
https://www.youtube.com/watch?v=URBOOQW64Ho,Hyperflame,Zetterburn,Solarbeam,Loxodont,Hitfall 3.5,Losers Top 12,2025-03-27 00:55:47+00:00
https://www.youtube.com/watch?v=jBWXbWmTekM,Lucius,Ranno,Switch,Zetterburn,Hitfall 3.5,Losers Top 12,2025-03-27 00:55:47+00:00
https://www.youtube.com/watch?v=gfnaURW3SXU,CheesyPotato,Kragg,Switch,Zetterburn,Hitfall 3.5,Losers Top 16,2025-03-27 00:55:47+00:00
https://www.youtube.com/watch?v=24se9XD1tjA,Suture,Ranno,ybm,Wrastor,Straight Into The Abyss #11,Wnrs Rd 1,2025-03-28 16:00:02+00:00
https://www.youtube.com/watch?v=3cwf4k8ZxRo,Sophilo,Zetterburn,Monocle Gentlesir,Maypul,Straight Into The Abyss #11,Wnrs Semi,2025-03-28 16:00:06+00:00
https://www.youtube.com/watch?v=Aor4rveWtf4,Reaper,Etalus,JuanSolo,Loxodont,Straight Into The Abyss #11,Lsrs Semi,2025-03-28 16:00:11+00:00
https://www.youtube.com/watch?v=H0M-gv2kobw,Reaper,Etalus,Suture,Ranno,Straight Into The Abyss #11,Lsrs Final,2025-03-28 16:00:28+00:00
https://www.youtube.com/watch?v=oc8p_kiD0iQ,Sophilo,Zetterburn,Reaper,Etalus,Straight Into The Abyss #11,Grand Finals,2025-03-28 16:01:05+00:00
https://www.youtube.com/watch?v=or9VO3SuAjo,Sophilo,Zetterburn,Suture,Ranno,Straight Into The Abyss #11,Wnrs Final,2025-03-28 16:01:06+00:00
https://www.youtube.com/watch?v=x1SBTXfOq10,JuanSolo,Loxodont,Suture,Ranno,Straight Into The Abyss #11,Wnrs Semi,2025-03-28 16:01:15+00:00
https://www.youtube.com/watch?v=cLyOURDVpqQ,Anansi,Maypul,ShrUg,Forsburn,KML 5-Y,Losers Semis,2025-03-28 19:30:05+00:00
https://www.youtube.com/watch?v=KYaojnocJS0,PG$W Vaporeon,Clairen,Okzz,Loxodont,3RR 144,GF,2025-03-28 22:56:07+00:00
https://www.youtube.com/watch?v=aSjrwvidT_s,PG$W Vaporeon,Clairen,MarkyFresh,Loxodont,3RR 144,LF,2025-03-28 22:56:07+00:00
https://www.youtube.com/watch?v=lRuSv9k2Q9Q,PG$W Vaporeon ,Maypul,Okzz,Loxodont,3RR 144,WF,2025-03-28 22:56:07+00:00
https://www.youtube.com/watch?v=Ci4dzSaAnVA,BWEEG Sky,Kragg,MarkyFresh,Loxodont,3RR 144,LSF,2025-03-28 22:56:07+00:00
https://www.youtube.com/watch?v=qr4GddpKzqs,BWEEG Sky,Kragg,Okzz,Loxodont,3RR 144,WSF,2025-03-28 22:56:07+00:00
https://www.youtube.com/watch?v=IkJKZLWwmmc,MarkyFresh,Loxodont,PG$W Vaporeon ,Maypul,3RR 144,WSF,2025-03-28 22:56:07+00:00
https://www.youtube.com/watch?v=C7jlLl0YseY,BWEEG Sky,Kragg,transgenderstreetlegend,Zetterburn,3RR 144,LQF,2025-03-28 22:56:07+00:00
https://www.youtube.com/watch?v=ZahpdgZr17g,SENTRY squatch$,Ranno,transgenderstreetlegend,Zetterburn,3RR 144,LR2,2025-03-28 22:56:07+00:00
https://www.youtube.com/watch?v=hyAB8OSIsC4,SENTRY squatch$,Ranno,Linco,Clairen,3RR 144,LR1,2025-03-28 22:56:07+00:00
https://www.youtube.com/watch?v=T0X3RlBrADA,PG$W Vaporeon ,Maypul,transgenderstreetlegend,Zetterburn,3RR 144,WQF,2025-03-28 22:56:07+00:00
https://www.youtube.com/watch?v=B-E2MXhbcg4,Malk,Kragg,Jask,Zetterburn,KML 5-Y,Grand Finals,2025-03-29 02:44:18+00:00
https://www.youtube.com/watch?v=CV_OEp0QLy0,Malk,Kragg,Griddy4Ukraine,Orcane,KML 5-Y,Losers Finals,2025-03-29 02:44:18+00:00
https://www.youtube.com/watch?v=0yr9v4j7mW8,TAILSEP,Wrastor,ShrUg,Forsburn,KML 5-Y,Pools,2025-03-29 02:44:18+00:00
https://www.youtube.com/watch?v=3myv39JUIWs,Nemmy,Kragg,Rascal,Ranno,KML 5-Y,Pools,2025-03-29 02:44:18+00:00
https://www.youtube.com/watch?v=KkdNzaOBi7E,Tailstep,Wrastor,Jask,Zetterburn,KML 5-Y,Pools,2025-03-29 02:44:18+00:00
https://www.youtube.com/watch?v=GHE1LHmbYPc,Rascal,Ranno,Griddy4Ukraine,Orcane,KML 5-Y,Losers Semis,2025-03-29 02:44:18+00:00
https://www.youtube.com/watch?v=54MVyqzQk5Y,Rascal,Ranno,honk,Kragg,KML 5-Y,Losers Quarters,2025-03-29 02:44:18+00:00
https://www.youtube.com/watch?v=IUkZDZJGbI4,Rascal,Ranno,malk,Kragg,KML 5-Y,Winners Semis,2025-03-29 02:44:18+00:00
https://www.youtube.com/watch?v=151BL7om2y8,Rascal,Ranno,Shrug,Forsburn,KML 5-Y,Pools,2025-03-29 02:44:18+00:00
https://www.youtube.com/watch?v=5bTXyIvTCKA,honk,Kragg,Nemmy,Etalus,KML 5-Y,Losers Top 8,2025-03-29 02:44:18+00:00
https://www.youtube.com/watch?v=cwfMLe48yho,Griddy4Ukraine,Orcane,honk,Kragg,KML 5-Y,Pools,2025-03-29 02:44:21+00:00
https://www.youtube.com/watch?v=mSWkyS-NXcY,malk,Kragg,Griddy4Ukraine,Orcane,KML 5-Y,Pools,2025-03-29 02:44:21+00:00
https://www.youtube.com/watch?v=SyhjoVfJyJA,Zakc,Clairen,Griddy4Ukraine,Orcane,KML 5-Y,Losers Quarters,2025-03-29 02:44:21+00:00
https://www.youtube.com/watch?v=KpVTlxFqONk,aurph,Wrastor,honk,Kragg,KML 5-Y,Pools,2025-03-29 02:44:21+00:00
https://www.youtube.com/watch?v=OSqBxzMlDWo,Griddy4Ukraine,Orcane,aurph,Wrastor,KML 5-Y,Pools,2025-03-29 02:44:21+00:00
https://www.youtube.com/watch?v=jl1JywltyeE,Rascal,Ranno,Jask,Zetterburn,KML 5-Y,Pools,2025-03-29 02:44:21+00:00
https://www.youtube.com/watch?v=NIb5QYG5w8w,malk,Kragg,Jask,Zetterburn,KML 5-Y,Winners Finals,2025-03-29 02:44:21+00:00
https://www.youtube.com/watch?v=o-5MqI0q7Ss,Nemmy,Kragg,Jask,Zetterburn,KML 5-Y,Pools,2025-03-29 02:44:21+00:00
https://www.youtube.com/watch?v=WDctF9u0MbQ,Tailstep,Wrastor,Rascal,Ranno,KML 5-Y,Pools,2025-03-29 02:44:21+00:00
https://www.youtube.com/watch?v=UtCnAyvCJaY,Zakc,Clairen,ShrUg,Forsburn,KML 5-Y,Losers Top 8,2025-03-29 02:44:22+00:00
https://www.youtube.com/watch?v=v4jcvVyTPF4,aurph,Wrastor,Zakc,Clairen,KML 5-Y,Pools,2025-03-29 02:44:24+00:00
https://www.youtube.com/watch?v=vGa7q4ipcG8,honk,Kragg,Zakc,Kragg,KML 5-Y,Pools,2025-03-29 02:44:24+00:00
https://www.youtube.com/watch?v=xa90Zfh937E,Malk,Kragg,Aurph,Wrastor,KML 5-Y,Pools,2025-03-29 02:44:25+00:00
https://www.youtube.com/watch?v=vvo7_7pB_V8,Griddy4Ukraine,Orcane,Jask,Zetterburn,KML 5-Y,Winners Semis,2025-03-29 02:44:25+00:00
https://www.youtube.com/watch?v=0K6YupX1UtQ,KONG | CakeAssault,Forsburn,GGs | JayMasters,Maypul,Battle of BC 7 (BoBC7),Pools,2025-03-29 20:10:35+00:00
https://www.youtube.com/watch?v=52-KLo-Qi9Q,UWT | S7even,Fleet,Flamemaster,Orcane,Battle of BC 7 (BoBC7),Pools,2025-03-29 20:11:00+00:00
https://www.youtube.com/watch?v=EtpDKXWWsRY,Oneoutkast,Kragg,Saika,Maypul,Battle of BC 7 (BoBC7),Pools,2025-03-29 20:11:28+00:00
https://www.youtube.com/watch?v=xTt5F-37r44,KONG | Locus,Forsburn,Bullets,Etalus,Battle of BC 7 (BoBC7),Pools,2025-03-29 20:12:00+00:00
https://www.youtube.com/watch?v=-o6ssP911Bc,Fruitility,Kragg,Rubix Gen 2 | Redshells,Zetterburn,Battle of BC 7 (BoBC7),Pools,2025-03-29 20:12:33+00:00
https://www.youtube.com/watch?v=LF6a74I_q70,NE | Lord Bagel,Etalus,LG | Marlon,Orcane,Battle of BC 7 (BoBC7),Pools,2025-03-29 20:13:00+00:00
https://www.youtube.com/watch?v=-rRf4Pmeqak,TDawg,Zetterburn,Muxedo,Wrastor,Battle of BC 7 (BoBC7),Pools,2025-03-29 20:14:09+00:00
https://www.youtube.com/watch?v=Y09s6vWpQXo,SOS | PK Lemon,Fleet,DolphinBrick,Orcane,Battle of BC 7 (BoBC7),Pools,2025-03-29 20:15:04+00:00
https://www.youtube.com/watch?v=OosQSfQxB3M,Hyperflame,Zetterburn,Trash N&#39; Splash,Loxodont,Battle of BC 7 (BoBC7),Pools,2025-03-29 20:15:10+00:00
https://www.youtube.com/watch?v=XAWjaY2cPcQ,Walk,Maypul,Zipp,Zetterburn,Battle of BC 7 (BoBC7),Pools,2025-03-29 20:16:49+00:00
https://www.youtube.com/watch?v=6-gixbFLQ1k,DolphinBrick,Orcane,FizzyBraxNeNPG | Pikmon,Forsburn,Battle of BC 7 (BoBC7),Pools,2025-03-29 20:17:26+00:00
https://www.youtube.com/watch?v=ZERR7wBgn_A,Patience | Kasai,Maypul,FaZe | Sparg0,Clairen,Battle of BC 7 (BoBC7),Pools,2025-03-29 20:17:35+00:00
https://www.youtube.com/watch?v=G4pMveKKuxs,Botman,Zetterburn,Vortigon,Forsburn,Battle of BC 7 (BoBC7),Pools,2025-03-29 20:18:34+00:00
https://www.youtube.com/watch?v=MUyrPWA6hWg,NE | ZeeBee,Kragg,Walk,Wrastor,Battle of BC 7 (BoBC7),Pools,2025-03-29 20:18:52+00:00
https://www.youtube.com/watch?v=y_kXJLu0sz4,Beastly,Etalus,Glacien,Loxodont,Battle of BC 7 (BoBC7),Pools,2025-03-29 20:20:28+00:00
https://www.youtube.com/watch?v=8SBie0-ngn0,UBC | BlackBolt,Forsburn,TheGreenBastard,Loxodont,Battle of BC 7 (BoBC7),Pools,2025-03-29 20:20:32+00:00
https://www.youtube.com/watch?v=8Xw4a5Zm8pU,Gengur,Clairen,Comona,Ranno,Battle of BC 7 (BoBC7),Pools,2025-03-29 20:20:52+00:00
https://www.youtube.com/watch?v=_gJBLSSzLmk,Iota,Orcane,Elkiies,Maypul,Hitfall 3.5,Winners Semis,2025-03-30 19:47:07+00:00
https://www.youtube.com/watch?v=8DFLSj6pBWs,CakeAssault,Forsburn,Barking_Frog,Ranno,Hitfall 3.5,Winners Semis,2025-03-30 19:49:47+00:00
https://www.youtube.com/watch?v=XJWH5OY3m4Q,Iota,Orcane,SolarBeam,Loxodont,Hitfall 3.5,Winners Quarters,2025-03-30 19:55:02+00:00
https://www.youtube.com/watch?v=9qmVNfqjQcI,Elkiies,Maypul,Vibe,Clairen,Hitfall 3.5,Winners Quarters,2025-03-30 19:58:15+00:00
https://www.youtube.com/watch?v=L49J4JAgzo4,CakeAssault,Forsburn,Lucius,Ranno,Hitfall 3.5,Winners Quarters,2025-03-30 20:00:31+00:00
https://www.youtube.com/watch?v=h1pVDa8ivks,Barking_Frog,Ranno,Nard,Clairen,Hitfall 3.5,Winners Quarters,2025-03-30 20:02:41+00:00
https://www.youtube.com/watch?v=cmSFkgqPkII,CakeAssault,Forsburn,Iota,Orcane,Hitfall 3.5,Winners Finals,2025-03-30 20:03:51+00:00
https://www.youtube.com/watch?v=dw-jTQclZvw,Jett The Jenga God,Kragg,Karmaking16,Maypul,Battle of BC 7 (BoBC7),Pools,2025-03-30 20:04:00+00:00
https://www.youtube.com/watch?v=SDXsveSOixg,TG,Loxodont,mpos,Loxodont,Battle of BC 7 (BoBC7),Pools,2025-03-30 20:04:15+00:00
https://www.youtube.com/watch?v=YK6l4LllN2s,ceramic,Loxodont,Colslaw,Loxodont,Battle of BC 7 (BoBC7),Pools,2025-03-30 20:05:28+00:00
https://www.youtube.com/watch?v=He0xnhk99mw,Sawstep,Fleet,Randy,Orcane,Battle of BC 7 (BoBC7),Pools,2025-03-30 20:05:35+00:00
https://www.youtube.com/watch?v=ffoUlvCawn4,Switch,Zetterburn,Iota,Orcane,Hitfall 3.5,Pools,2025-03-30 20:05:37+00:00
https://www.youtube.com/watch?v=XhdH-vBDKmk,Nbad,Maypul,Jett The Jenga God,Kragg,Battle of BC 7 (BoBC7),Pools,2025-03-30 20:06:04+00:00
https://www.youtube.com/watch?v=nuWNjKEq_e0,Rongunshu,Clairen,Flux,Clairen,Battle of BC 7 (BoBC7),Pools,2025-03-30 20:06:40+00:00
https://www.youtube.com/watch?v=EhHkIML8DMI,SolarBeam,Loxodont,Malk,Kragg,Hitfall 3.5,Pools,2025-03-30 20:06:42+00:00
https://www.youtube.com/watch?v=y2O-lNdVAFk,Mystery Sol,Fleet,ceramic,Loxodont,Battle of BC 7 (BoBC7),Pools,2025-03-30 20:07:36+00:00
https://www.youtube.com/watch?v=Jdi-ygZB1g4,CakeAssault,Forsburn,OoDa,Clairen,Hitfall 3.5,Pools,2025-03-30 20:07:55+00:00
https://www.youtube.com/watch?v=5Qx09UOmar8,DuoBullKast | elkiies,Maypul,Mystery Sol,Fleet,Battle of BC 7 (BoBC7),Winners Top 32,2025-03-30 20:09:41+00:00
https://www.youtube.com/watch?v=phdZlSk0pcc,DuoBullKast | elkiies,Maypul,Sawstep,Fleet,Battle of BC 7 (BoBC7),Pools,2025-03-30 20:10:04+00:00
https://www.youtube.com/watch?v=A6ZCqMsRqU4,Nbad,Maypul,VGY | Kopter,Loxodont,Battle of BC 7 (BoBC7),Pools,2025-03-30 20:10:45+00:00
https://www.youtube.com/watch?v=LmW3nEAri4M,LG | Marlon,Orcane,Bullets,Etalus,Battle of BC 7 (BoBC7),Winners Top 32,2025-03-30 20:11:00+00:00
https://www.youtube.com/watch?v=Z9NlPGnJ_Ts,Vibe,Clairen,Toothbrush,Ranno,Hitfall 3.5,Losers Top 12,2025-03-30 20:11:37+00:00
https://www.youtube.com/watch?v=jvTumE-V410,KONG | CakeAssault,Forsburn,Oneoutkast,Kragg,Battle of BC 7 (BoBC7),Winners Top 32,2025-03-30 20:11:59+00:00
https://www.youtube.com/watch?v=-3lP3u3nx1k,NE | ZeeBee,Kragg,Gengur,Clairen,Battle of BC 7 (BobC7),Winners Top 32,2025-03-30 20:12:50+00:00
https://www.youtube.com/watch?v=KKFMOEOuml4,Toothbrush,Ranno,Elkiies,Maypul,Hitfall 3.5,Losers Semis,2025-03-30 20:13:14+00:00
https://www.youtube.com/watch?v=PpqzRFgcRQc,Rongunshu,Clairen,Nbad,Maypul,Battle of BC 7 (BoBC7),Winners Top 32,2025-03-30 20:13:18+00:00
https://www.youtube.com/watch?v=yg1-TxEw44g,Elkiies,Maypul,Switch,Zetterburn,Hitfall 3.5,Losers Quarters,2025-03-30 20:14:38+00:00
https://www.youtube.com/watch?v=9VCUs2iUbvc,Toothbrush,Ranno,Iota,Orcane,Hitfall 3.5,Losers Finals,2025-03-30 20:15:42+00:00
https://www.youtube.com/watch?v=TKt045x_Bi0,Toothbrush,Ranno,CakeAssault,Forsburn,Hitfall 3.5,Grand Finals,2025-03-30 20:17:29+00:00
https://www.youtube.com/watch?v=IH59TGRlQgY,SlightlyOffKilter,Clairen,Goose,Zetterburn,Battle of BC 7 (BoBC7),Pools,2025-03-30 20:18:59+00:00
https://www.youtube.com/watch?v=u72btipBodk,VGY | Kopter,Loxodont,Goose,Zetterburn,Battle of BC 7 (BoBC7),Pools,2025-03-30 20:19:28+00:00
https://www.youtube.com/watch?v=cgQrYT1J_Js,DuoBullKast | elkiies,Maypul,Emblemier,Kragg,Battle of BC 7 (BoBC7),Pools,2025-03-30 20:20:56+00:00
https://www.youtube.com/watch?v=KCFvZEKQ4ck,Flux,Clairen,esteak,Maypul,Battle of BC 7 (BoBC7),Pools,2025-03-30 20:21:26+00:00
https://www.youtube.com/watch?v=Vq8yYJrqnl8,Showbyz,Kragg,Mr.Homelesshobo,Orcane,Battle of BC 7 (BoBC7),Pools,2025-03-30 20:22:22+00:00
https://www.youtube.com/watch?v=vijxWKwgufo,srq | benny,Kragg,VGY | Kopter,Loxodont,Battle of BC 7 (BoBC7),Pools,2025-03-30 20:22:37+00:00
https://www.youtube.com/watch?v=zR2F3HDwfsw,srq | benny,Kragg,Mr.Homelesshobo,Orcane,Battle of BC 7 (BoBC7),Pools,2025-03-30 20:31:45+00:00
https://www.youtube.com/watch?v=kcmp_o6VSg4,PG! | Bird,Ranno,KONG | Locus,Forsburn,Battle of BC 7 (BoBC7),Losers Top 32,2025-03-30 20:32:17+00:00
https://www.youtube.com/watch?v=YdKROrxiRGA,Oneoutkast,Kragg,Glacien,Loxodont,Battle of BC 7 (BoBC7),Losers Top 32,2025-03-30 20:33:53+00:00
https://www.youtube.com/watch?v=IhCMRpDjUKc,DuoBullKast | elkiies,Maypul,DolphinBrick,Orcane,Battle of BC 7 (BoBC7),Losers Top 32,2025-03-30 20:34:27+00:00
https://www.youtube.com/watch?v=ZTc2pUEzt38,ceramic,Loxodont,FizzyBraxNeNPG | Pikmon,Forsburn,Battle of BC 7 (BoBC7),Losers Top 32,2025-03-30 20:35:15+00:00
https://www.youtube.com/watch?v=V_h_UaMQsJw,Beastly,Zetterburn,FaZe | Sparg0,Clairen,Battle of BC 7 (BoBC7),Winners Quarter Finals,2025-03-30 20:36:09+00:00
https://www.youtube.com/watch?v=lBsUFDY6cQQ,LG | Marlon,Orcane,Mystery Sol,Fleet,Battle of BC 7 (BoBC7),Winners Quarter Finals,2025-03-30 20:36:53+00:00
https://www.youtube.com/watch?v=JFAOZVgrPwg,Rongunshu,Clairen,KONG | CakeAssault,Forsburn,Battle of BC 7 (BoBC7),Winners Quarter Finals,2025-03-30 20:38:54+00:00
https://www.youtube.com/watch?v=JLBj9UnCJgQ,DuoBullKast | elkiies,Maypul,Bullets,Etalus,Battle of BC 7 (BoBC7),Losers Top 16,2025-03-30 20:39:29+00:00
https://www.youtube.com/watch?v=BLv9jQsoMXE,Mystery Sol,Fleet,Oneoutkast,Kragg,Battle of BC 7 (BoBC7),Losers Top 16,2025-03-30 20:40:00+00:00
https://www.youtube.com/watch?v=vBh_szCq9go,Gengur,Clairen,FizzyBraxNeNPG | Pikmon,Forsburn,Battle of BC 7 (BoBC7),Losers Top 16,2025-03-30 20:41:34+00:00
https://www.youtube.com/watch?v=Nrdgrye-0ho,VIBE SDD | CheesyPotato,Kragg,FaZe | Sparg0,Clairen,Battle of BC 7 (BoBC7),Losers Top 16,2025-03-30 20:42:08+00:00
https://www.youtube.com/watch?v=4sW2NqErU_Y,DuoBullKast | elkiies,Maypul,Rongunshu,Clairen,Battle of BC 7 (BoBC7),Losers Top 16,2025-03-30 20:42:44+00:00
https://www.youtube.com/watch?v=YbEfZ34HbyE,LG | Marlon,Orcane,NE | ZeeBee,Kragg,Battle of BC 7 (BobC7),Winners Semi Finals,2025-03-31 20:18:42+00:00
https://www.youtube.com/watch?v=Aj9odGhgkx0,KONG | CakeAssault,Forsburn,Beastly,Zetterburn,Battle of BC 7 (BobC7),Winners Semi Finals,2025-03-31 20:19:15+00:00
https://www.youtube.com/watch?v=LuaC9x-DXHk,Rongunshu,Clairen,FaZe | Sparg0,Clairen,Battle of BC 7 (BobC7),Losers Top 8,2025-03-31 20:21:23+00:00
https://www.youtube.com/watch?v=D78_Faa9Km0,FaZe | Sparg0,Clairen,Beastly,Zetterburn,Battle of BC 7 (BobC7),Losers Semi Finals,2025-03-31 20:24:00+00:00
https://www.youtube.com/watch?v=E_35xe5km3Y,NE | ZeeBee,Kragg,FaZe | Sparg0,Clairen,Battle of BC 7 (BobC7),Losers Quarter Finals,2025-03-31 20:26:02+00:00
https://www.youtube.com/watch?v=Nt9my2hfWz8,KONG | CakeAssault,Forsburn,LG | Marlon,Orcane,Battle of BC 7 (BobC7),Winners Finals,2025-03-31 20:26:56+00:00
https://www.youtube.com/watch?v=jQa8g4fX21k,LG | Marlon,Orcane,Beastly,Zetterburn,Battle of BC 7 (BobC7),Grand Finals,2025-03-31 20:27:42+00:00
https://www.youtube.com/watch?v=AERgaYEnWTY,Tas,Maypul,Sixbux,Ranno,PSG 21: SFL Monthly,WQF,2025-03-31 21:48:11+00:00
https://www.youtube.com/watch?v=RsZMZVs88C8,Renzo,Orcane,edgintheledge,Maypul,PSG 21: SFL Monthly,WQF,2025-03-31 21:48:23+00:00
https://www.youtube.com/watch?v=yjvyzmCk35I,ROK | Surehyper,Zetterburn,Shiv,Loxodont,PSG 21: SFL Monthly,WQF,2025-03-31 21:48:34+00:00
https://www.youtube.com/watch?v=qmfJ6SyB0tE,Tas,Maypul,ROK | Surehyper,Zetterburn,PSG 21: SFL Monthly,WSF,2025-03-31 21:48:55+00:00
https://www.youtube.com/watch?v=nPjpp9asIcc,Renzo,Orcane,SLIME | AppleWiz,Wrastor,PSG 21: SFL Monthly,WSF,2025-03-31 21:49:05+00:00
https://www.youtube.com/watch?v=2rPXf6Q9IiQ,SLIME | AppleWiz,Wrastor,Shiv,Loxodont,PSG 21: SFL Monthly,LF,2025-03-31 21:49:40+00:00
https://www.youtube.com/watch?v=n1KxUavD5Gw,Cheat,Etalus,Wisely,Maypul,Run The Rivals #7,Winners R1,2025-04-01 02:45:12+00:00
https://www.youtube.com/watch?v=3DUjpDKhzmA,Landon,Clairen,wish,Loxodont,Run The Rivals #7,Winners Quarters,2025-04-01 02:45:29+00:00
https://www.youtube.com/watch?v=fxH5Ef932Nw,Hunter,Maypul,Cheat,Etalus,Run The Rivals #7,Winners Semis,2025-04-01 02:45:47+00:00
https://www.youtube.com/watch?v=HRVPCaru8MA,Landon,Clairen,Franzwa,Etalus,Run The Rivals #7,Winners Semis,2025-04-01 02:46:14+00:00
https://www.youtube.com/watch?v=yrGAwogV2io,Franzwa,Etalus,Wisely,Maypul,Run The Rivals #7,Losers Quarters,2025-04-01 02:46:26+00:00
https://www.youtube.com/watch?v=VMsI7eudhZs,Hunter,Maypul,Mastronarde,Forsburn,Run The Rivals #7,Losers Finals,2025-04-01 02:46:46+00:00
https://www.youtube.com/watch?v=G2pze8R3Qsw,Landon,Clairen,Mastronarde,Forsburn,Run The Rivals #7,Grand Finals,2025-04-01 02:46:57+00:00
https://www.youtube.com/watch?v=kNKC-i0UoPQ,Landon,Clairen,Hunter,Maypul,Run The Rivals #7,Winners Finals,2025-04-01 02:47:15+00:00
https://www.youtube.com/watch?v=-vM5rxgkZRs,Franzwa,Etalus,Mastronarde,Forsburn,Run The Rivals #7,Losers Semis,2025-04-01 02:47:32+00:00
https://www.youtube.com/watch?v=pgHBaV7wxI4,y0lT,Zetterburn,Jix,Wrastor,Molten Merendero II,Winners Quarter-Final,2025-04-03 19:05:35+00:00
https://www.youtube.com/watch?v=M24bq9pkpdw,Mapiz,Zetterburn,Ccactuss!,Kragg,Molten Merendero II,Losers Round 2,2025-04-03 19:16:37+00:00
https://www.youtube.com/watch?v=PJiLKF00H70,Solid,Zetterburn,Mapiz,Zetterburn,Molten Merendero II,Winners Quarter-Final,2025-04-03 19:20:48+00:00
https://www.youtube.com/watch?v=2Hhbqexd0gE,LegendDario,Etalus,Jix,Wrastor,Molten Merendero II,Losers Round 3,2025-04-03 19:26:01+00:00
https://www.youtube.com/watch?v=q9IBJIagCV0,Bura,Kragg,Mapiz,Zetterburn,Molten Merendero II,Losers Round 3,2025-04-03 19:28:46+00:00
https://www.youtube.com/watch?v=psbFe2Xscgg,Genarog,Fleet,y0lT,Zetterburn,Molten Merendero II,Winners Semi-Final,2025-04-03 19:29:24+00:00
https://www.youtube.com/watch?v=FKZKe59OX6A,Solid,Zetterburn,DonCascone,Loxodont,Molten Merendero II,Winners Semi-Final,2025-04-03 19:31:17+00:00
https://www.youtube.com/watch?v=FT70Ppcs3QM,Jix,Wrastor,Solid,Zetterburn,Molten Merendero II,Losers Quarter-Final,2025-04-03 19:31:47+00:00
https://www.youtube.com/watch?v=TD_drtSC-Q8,Solid,Zetterburn,Mapiz,Zetterburn,Molten Merendero II,Losers Semi-Final,2025-04-03 19:34:01+00:00
https://www.youtube.com/watch?v=6xBYh246ELg,Mapiz,Zetterburn,y0lT,Zetterburn,Molten Merendero II,Losers Quarter-Final,2025-04-03 19:34:31+00:00
https://www.youtube.com/watch?v=SeLNIWDti-4,Solid,Zetterburn,DonCascone,Loxodont,Molten Merendero II,Grand Final,2025-04-03 19:37:55+00:00
https://www.youtube.com/watch?v=VjnI3C8x3yg,DonCascone,Loxodont,Genarog,Fleet,Molten Merendero II,Winners Final,2025-04-03 19:37:56+00:00
https://www.youtube.com/watch?v=JawYQOzcDy8,Solid,Zetterburn,Genarog,Fleet,Molten Merendero II,Losers Final,2025-04-03 19:39:42+00:00
https://www.youtube.com/watch?v=5WC8jzgRZEk,ybm,Wrastor,Average Alex,Forsburn,Immortal Fight Night #218 Wnrs Semi,Wnrs Semi,2025-04-04 21:36:36+00:00
https://www.youtube.com/watch?v=2v8Kd66tg5U,Watherum,Ranno,ybm,Wrastor,Immortal Fight Night #218 Lsrs Semi,,2025-04-04 21:36:41+00:00
https://www.youtube.com/watch?v=hJVx0Eqv7qw,Grunk,Zetterburn,Watherum,Clairen,Immortal Fight Night #218 Lsrs Final,,2025-04-04 21:36:43+00:00
https://www.youtube.com/watch?v=FxhFKwlTa8o,Average Alex,Loxodont,Grunk,Zetterburn,Immortal Fight Night #218 Grand Final,Grand Final,2025-04-04 21:36:45+00:00
https://www.youtube.com/watch?v=Tv__hQag-LY,Air | Juno,Maypul,Dream,Fleet,Double Dunk #22,Grand Finals,2025-04-04 22:01:00+00:00
https://www.youtube.com/watch?v=zfEPQpWLmZk,erickson,Zetterburn,Dream,Fleet,Double Dunk #22,Losers Finals,2025-04-04 22:06:23+00:00
https://www.youtube.com/watch?v=yUU_n_oDGQg,Ubergronk,Maypul,Dream,Fleet,Double Dunk #22,Losers Semis,2025-04-04 22:15:08+00:00
https://www.youtube.com/watch?v=sVcb5jDOSOE,Air | Juno,Maypul,erickson,Zetterburn,Double Dunk #22,Winners Finals,2025-04-04 22:16:26+00:00
https://www.youtube.com/watch?v=-WukT1BMZmo,SSBMVegeta | Politude,Clairen,erickson,Zetterburn,Double Dunk #22,Winners Semis,2025-04-04 22:21:44+00:00
https://www.youtube.com/watch?v=gbaGsRmEN8I,Air | Juno,Maypul,Ubergronk,Maypul,Double Dunk #22,Winners Semis,2025-04-04 22:24:00+00:00
https://www.youtube.com/watch?v=57SR6PbBdJw,Morio,Loxodont,Pool,Maypul,Town Hall #1,3rd Place Tiebreaker,2025-04-05 02:14:43+00:00
https://www.youtube.com/watch?v=PoJHP8qpxWk,C3PO,Zetterburn,Risas,Etalus,Town Hall #1,Grand Final,2025-04-05 02:15:47+00:00
https://www.youtube.com/watch?v=VnDh5Dk7Wrg,Awer,Clairen,JuanSolo,Loxodont,Town Hall #1,Round Robin Pools,2025-04-05 02:16:49+00:00
https://www.youtube.com/watch?v=WMyXkMAuX4g,C3PO,Zetterburn,RedGooruh,Forsburn,Town Hall #1,Round Robin Pools,2025-04-05 02:17:29+00:00
https://www.youtube.com/watch?v=kfdzUh2VjMk,JuanSolo,Loxodont,MAD Myk,Forsburn,Town Hall #1,Round Robin Pools,2025-04-05 02:19:24+00:00
https://www.youtube.com/watch?v=KqDCvDDvNRI,Morio,Loxodont,Reynoso,Wrastor,Town Hall #1,Round Robin Pools,2025-04-05 02:20:02+00:00
https://www.youtube.com/watch?v=7w4lRenWHIQ,Ozyroth,Loxodont,C3PO,Zetterburn,Town Hall #1,Round Robin Pools,2025-04-05 02:20:39+00:00
https://www.youtube.com/watch?v=NMVJJDvzjNc,Ozyroth,Clairen,RedGooruh,Forsburn,Town Hall #1,Round Robin Pools,2025-04-05 02:22:05+00:00
https://www.youtube.com/watch?v=nIoCoIYhQws,Pool,Maypul,Awer,Clairen,Town Hall #1,Round Robin Pools,2025-04-05 02:22:52+00:00
https://www.youtube.com/watch?v=ygoPy6AWZQA,Pool,Maypul,MAD Myk,Forsburn,Town Hall #1,Round Robin Pools,2025-04-05 02:23:27+00:00
https://www.youtube.com/watch?v=IHqogBWXEXs,Risas,Etalus,Zaikor,Clairen,Town Hall #1,Round Robin Pools,2025-04-05 02:24:35+00:00
https://www.youtube.com/watch?v=GZXfALdiLTs,Ahntye,Etalus,ZetaDiamond,Clairen,Soul Melter Smash #42,,2025-04-05 08:48:35+00:00
https://www.youtube.com/watch?v=bMh0nIsX6vI,Gamer LatAm | Connie Kins,Kragg,Ahntye,Etalus,Soul Melter Smash #42,,2025-04-05 08:50:27+00:00
https://www.youtube.com/watch?v=4a-mZtpLJ2I,Strikey,Ranno,toothbrush,Clairen,Monthly of Aether #5,Winners Finals,2025-04-05 21:29:49+00:00
https://www.youtube.com/watch?v=4niaLqC4TpA,Lancelot,Wrastor,Sho,Zetterburn,Monthly of Aether #5,EU Pools,2025-04-05 21:29:49+00:00
https://www.youtube.com/watch?v=Gz520SmNhWA,Mioxon,Wrastor,Genarog,Fleet,Monthly of Aether #5,EU Pools,2025-04-05 21:29:49+00:00
https://www.youtube.com/watch?v=5_hRECuklSg,Sino,Zetterburn,Hyperflame,Zetterburn,Monthly of Aether #5,Losers Eighths,2025-04-05 21:29:49+00:00
https://www.youtube.com/watch?v=JJBRPxVHsZQ,Fidel Ca$htro,Zetterburn,Bin,Maypul,Monthly of Aether #5,Pools,2025-04-05 21:29:49+00:00
https://www.youtube.com/watch?v=BNGAuMVplVs,Sophilo,Zetterburn,Strikey,Ranno,Monthly of Aether #5,Grand Finals,2025-04-05 21:29:49+00:00
https://www.youtube.com/watch?v=2AV_r3YeYhU,Impasse,Zetterburn,Spider,Zetterburn,Monthly of Aether #5,EU Winners Finals,2025-04-05 21:29:49+00:00
https://www.youtube.com/watch?v=Zcj39Ji7PYE,Genarog,Fleet,crustaceanman,Kragg,Monthly of Aether #5,EU Winners Quarterfinals,2025-04-05 21:29:51+00:00
https://www.youtube.com/watch?v=Vbg2M3WSkNg,Soda,Kragg,Mkok,Zetterburn,Monthly of Aether #5,Pools,2025-04-05 21:29:51+00:00
https://www.youtube.com/watch?v=eW6mJ36rhC0,Sho,Zetterburn,Spider,Zetterburn,Monthly of Aether #5,EU Grand Finals,2025-04-05 21:29:51+00:00
https://www.youtube.com/watch?v=fe9wY9ivjfE,Xaria,Orcane,GirthwormJim,Forsburn,Monthly of Aether #5,Pools,2025-04-05 21:29:51+00:00
https://www.youtube.com/watch?v=L8NlpF2OCFU,crustaceanman,Kragg,Spider,Zetterburn,Monthly of Aether #5,EU Winners Semifinals,2025-04-05 21:29:51+00:00
https://www.youtube.com/watch?v=MNPlnImxX7I,Shadowhawke,Wrastor,YTG,Maypul,Monthly of Aether #5,Winners Quarterfinals,2025-04-05 21:29:51+00:00
https://www.youtube.com/watch?v=atnKZKqgB0E,Sophilo,Zetterburn,Shadowhawke,Wrastor,Monthly of Aether #5,Losers Quarterfinals,2025-04-05 21:29:51+00:00
https://www.youtube.com/watch?v=K_BdCTzEYc0,Cabbage,Orcane,Edmund,Zetterburn,Monthly of Aether #5,Pools,2025-04-05 21:29:51+00:00
https://www.youtube.com/watch?v=hDwsxI5egTU,Sophilo,Zetterburn,Hyperflame,Zetterburn,Monthly of Aether #5,Losers Semifinals,2025-04-05 21:29:52+00:00
https://www.youtube.com/watch?v=cqRmJmfFWlI,Impasse,Zetterburn,Sho,Zetterburn,Monthly of Aether #5,EU Winners Semifinals,2025-04-05 21:29:52+00:00
https://www.youtube.com/watch?v=llKmYUI4Ev8,Sho,Zetterburn,Impasse,Zetterburn,Monthly of Aether #5,EU Losers Finals,2025-04-05 21:29:54+00:00
https://www.youtube.com/watch?v=vGkU76ai_vI,Shadowhawke,Wrastor,toothbrush,Clairen,Monthly of Aether #5,Winners Semifinals,2025-04-05 21:29:54+00:00
https://www.youtube.com/watch?v=ukNlt9Ag92o,Sophilo,Zetterburn,toothbrush,Clairen,Monthly of Aether #5,Losers Finals,2025-04-05 21:29:54+00:00
https://www.youtube.com/watch?v=iwGa52pvF3M,crustaceanman,Kragg,Sho,Zetterburn,Monthly of Aether #5,EU Losers Semifinals,2025-04-05 21:29:54+00:00
https://www.youtube.com/watch?v=jc9Jw11wncA,DonCascone,Loxodont,Hukon,Orcane,Monthly of Aether #5,EU Pools,2025-04-05 21:29:54+00:00
https://www.youtube.com/watch?v=o3l8ku3gS9I,Hyperflame,Zetterburn,Iota,Orcane,Monthly of Aether #5,Pools,2025-04-05 21:29:54+00:00
https://www.youtube.com/watch?v=nLmmWKX-SqY,DLV,Olympia,Squiggles,Zetterburn,Saturday Trials 5,Winners Quarters,2025-04-06 01:58:28+00:00
https://www.youtube.com/watch?v=otuYohnux7s,Cornball,Olympia,Kafonn,Olympia,Saturday Trials 5,Winners Quarters,2025-04-06 01:58:30+00:00
https://www.youtube.com/watch?v=qdMyoPjQuP4,Carrot,Ranno,Kafonn,Olympia,Saturday Trials 5,Winners Semis,2025-04-06 01:58:32+00:00
https://www.youtube.com/watch?v=vPT-bqjzySM,TimeGear,Olympia,DLV,Olympia,Saturday Trials 5,Winners Semis,2025-04-06 01:58:33+00:00
https://www.youtube.com/watch?v=lStiiYccec0,TimeGear,Olympia,Kafonn,Olympia,Saturday Trials 5,Winners Final,2025-04-06 01:58:36+00:00
https://www.youtube.com/watch?v=LA0u9JlgYKo,TimeGear,Olympia,Kafonn,Olympia,Saturday Trials 5,Grand Final,2025-04-06 01:58:39+00:00
https://www.youtube.com/watch?v=6qZQ7wRWG78,Artorias,Clairen,PlatiniumK,Loxodont,Super Smash Master,WR1,2025-04-06 23:46:56+00:00
https://www.youtube.com/watch?v=ndNp-JfMhRc,PKPK,Zetterburn,Dosus,Clairen,Super Smash Master,WR1,2025-04-06 23:55:10+00:00
https://www.youtube.com/watch?v=EU0gJp9l1Ic,edd0126,Loxodont,Spogy,Clairen,Super Smash Master,WR1,2025-04-07 00:01:19+00:00
https://www.youtube.com/watch?v=bXzzr-4P7kE,PKPK,Zetterburn,IamGhost,Zetterburn,Super Smash Master,WQF,2025-04-07 00:26:35+00:00
https://www.youtube.com/watch?v=XYtNZV1HXao,Artorias,Clairen,Nerito,Olympia,Super Smash Master,WQF,2025-04-07 00:30:08+00:00
https://www.youtube.com/watch?v=2QKaf2cUUaQ,edd0126,Loxodont,Star,Clairen,Super Smash Master,WSF,2025-04-07 00:33:59+00:00
https://www.youtube.com/watch?v=rqMdC_hZVw8,Artorias,Loxodont,Spogy,Clairen,Super Smash Master,LR2,2025-04-07 00:36:06+00:00
https://www.youtube.com/watch?v=qF_yTaQmwtA,PKPK,Zetterburn,Spogy,Clairen,Super Smash Master,LR3,2025-04-07 00:40:55+00:00
https://www.youtube.com/watch?v=CKJ8X0RHh7M,Dosus,Ranno,PlatiniumK,Loxodont,Super Smash Master,LR3,2025-04-07 00:46:02+00:00
https://www.youtube.com/watch?v=Q0kTBKEPslg,Nerito,Olympia,IamGhost,Zetterburn,Super Smash Master,WSF,2025-04-07 00:47:07+00:00
https://www.youtube.com/watch?v=Wq95EXce2qY,PKPK,Zetterburn,edd0126,Loxodont,Super Smash Master,LQF,2025-04-07 00:50:28+00:00
https://www.youtube.com/watch?v=29Z3Gd6PfpQ,Nerito,Maypul,Dosus,Ranno,Super Smash Master,LQF,2025-04-07 00:57:08+00:00
https://www.youtube.com/watch?v=vRqUskDnMpA,edd0126,Loxodont,Nerito,Olympia,Super Smash Master,LSF,2025-04-07 01:02:17+00:00
https://www.youtube.com/watch?v=RSd6zvcZET4,IamGhost,Zetterburn,Star,Clairen,Super Smash Master,WF,2025-04-07 01:06:14+00:00
https://www.youtube.com/watch?v=V9C7D8oP-0s,IamGhost,Zetterburn,Nerito,Olympia,Super Smash Master,LF,2025-04-07 01:09:18+00:00
https://www.youtube.com/watch?v=NpzB7H2aUZA,IamGhost,Zetterburn,Star,Clairen,Super Smash Master,GF,2025-04-07 01:12:21+00:00
https://www.youtube.com/watch?v=98hpGr4ccY0,Dream,Fleet,Zranzax,Clairen,Double Dunk #23,Winners Round 2,2025-04-07 20:55:36+00:00
https://www.youtube.com/watch?v=cM6jdizJZfo,Ubergronk,Maypul,RLS | Alruna,Ranno,Double Dunk #23,Winners Round 2,2025-04-07 20:56:47+00:00
https://www.youtube.com/watch?v=dU8HEZNKVs4,Tammy~,Zetterburn,Dream,Fleet,Double Dunk #23,Winners Quarters,2025-04-07 20:58:23+00:00
https://www.youtube.com/watch?v=HmL7jiQsa7U,Tammy~,Zetterburn,Air | Juno,Maypul,Double Dunk #23,Winners Semis,2025-04-07 21:00:28+00:00
https://www.youtube.com/watch?v=UaXDeOlQg-E,SQUAWK! | BioBirb,Wrastor,Luca,Maypul,Double Dunk #23,Winners Semis,2025-04-07 21:01:31+00:00
https://www.youtube.com/watch?v=Rgrkv_M5fxE,Tammy~,Zetterburn,Watermint,Kragg,Double Dunk #23,Losers Quarters,2025-04-07 21:02:52+00:00
https://www.youtube.com/watch?v=D-nrmrCT8Gg,Luca,Maypul,RLS | Alruna,Ranno,Double Dunk #23,Losers Quarters,2025-04-07 21:12:18+00:00
https://www.youtube.com/watch?v=CiMWQXPkuIk,Tammy~,Zetterburn,Luca,Maypul,Double Dunk #23,Losers Semis,2025-04-07 21:12:56+00:00
https://www.youtube.com/watch?v=_h-ibtzvSy4,Air | Juno,Maypul,SQUAWK! | BioBirb,Wrastor,Double Dunk #23,Winners Finals,2025-04-07 21:14:41+00:00
https://www.youtube.com/watch?v=2uzqarp3iAU,Air | Juno,Maypul,Luca,Maypul,Double Dunk #23,Losers Finals,2025-04-07 21:16:03+00:00
https://www.youtube.com/watch?v=Ow8Ty35yVB4,Air | Juno,Maypul,SQUAWK! | BioBirb,Wrastor,Double Dunk #23,Grand Finals,2025-04-07 21:17:27+00:00
https://www.youtube.com/watch?v=ul5IEi_ojhM,Failbot,Clairen,BIG WILL,Zetterburn,Run The Rivals #8,Round Robin,2025-04-08 02:15:20+00:00
https://www.youtube.com/watch?v=FK56tEPM1K4,Wafflez,Olympia,ADDICT,Olympia,Run The Rivals #8,Round Robin,2025-04-08 02:15:22+00:00
https://www.youtube.com/watch?v=0kw9d5lyZl8,Landon,Clairen,ADDICT,Zetterburn,Run The Rivals #8,Round Robin,2025-04-08 02:15:54+00:00
https://www.youtube.com/watch?v=EIMq2kharY8,Failbot,Clairen,ADDICT,Zetterburn,Run The Rivals #8,Round Robin,2025-04-08 02:16:15+00:00
https://www.youtube.com/watch?v=k5gpUELI9wA,Failbot,Clairen,Landon,Clairen,Run The Rivals #8,Round Robin,2025-04-08 02:16:50+00:00
https://www.youtube.com/watch?v=qf5i0tsqRsU,BIG WILL,Zetterburn,ADDICT,Zetterburn,Run The Rivals #8,Round Robin,2025-04-08 02:17:15+00:00
https://www.youtube.com/watch?v=OTOW9pB_aso,Ojo de Oro,Olympia,Lazerth,Fleet,Rivalito CharrÃºa #11,Winners Round 1,2025-04-09 01:35:37+00:00
https://www.youtube.com/watch?v=IMveExgfGGU,Rey Rata,Fleet,Nario,Etalus,Rivalito CharrÃºa #11,Winners Round 1,2025-04-09 01:36:01+00:00
https://www.youtube.com/watch?v=i120nqymNFo,Pritah,Forsburn,Robin,Fleet,Rivalito CharrÃºa #11,Winners Round 1,2025-04-09 01:36:34+00:00
https://www.youtube.com/watch?v=8nM0sgWDZsE,Mint,Maypul,Francokiwi,Olympia,Rivalito CharrÃºa #11,Winners Quarters,2025-04-09 01:37:25+00:00
https://www.youtube.com/watch?v=5YAOZg_iwqE,Yona,Olympia,Apa,Kragg,Rivalito CharrÃºa #11,Losers Round 1,2025-04-09 01:37:50+00:00
https://www.youtube.com/watch?v=hw1vWu69o8w,Catwo,Etalus,Pritah,Forsburn,Rivalito CharrÃºa #11,Winners Quarters,2025-04-09 01:38:12+00:00
https://www.youtube.com/watch?v=euTM-lDKqcw,Mitsu,Clairen,Rey Rata,Fleet,Rivalito CharrÃºa #11,Winners Semis,2025-04-09 01:38:36+00:00
https://www.youtube.com/watch?v=FiR7WTXovBY,Mint,Maypul,Catwo,Etalus,Rivalito CharrÃºa #11,Winners Semis,2025-04-09 01:39:20+00:00
https://www.youtube.com/watch?v=ecK2K2Nihg8,Mitsu,Clairen,Mint,Maypul,Rivalito CharrÃºa #11,Winners Finals,2025-04-09 01:43:43+00:00
https://www.youtube.com/watch?v=c6_wWzucvLE,Lazerth,Fleet,Vodokex,Forsburn,Rivalito CharrÃºa #11,Losers Round 3,2025-04-09 01:55:13+00:00
https://www.youtube.com/watch?v=Ldooq1MUP58,Catwo,Etalus,Lazerth,Fleet,Rivalito CharrÃºa #11,Losers Quarters,2025-04-09 01:55:53+00:00
https://www.youtube.com/watch?v=Ci5WXd8vUcY,Ojo de Oro,Olympia,Lazerth,Fleet,Rivalito CharrÃºa #11,Losers Semis,2025-04-09 02:06:26+00:00
https://www.youtube.com/watch?v=OnXZJjdGKRA,Mint,Maypul,Lazerth,Fleet,Rivalito CharrÃºa #11,Losers Finals,2025-04-09 02:26:43+00:00
https://www.youtube.com/watch?v=paO5rgg4iA4,Mitsu,Clairen,Mint,Maypul,Rivalito CharrÃºa #11,Grand Finals,2025-04-09 02:27:06+00:00
https://www.youtube.com/watch?v=YH5Dt_Swx_8,Rob Gucci,Olympia,DLV,Olympia,Tuesday Trials 183,Winners Final,2025-04-09 04:26:29+00:00
https://www.youtube.com/watch?v=LgA6HqarCAQ,DLV,Olympia,Cornball,Olympia,Tuesday Trials 183,Losers Final,2025-04-09 04:26:30+00:00
https://www.youtube.com/watch?v=GmX_aqf55IE,DLV,Olympia,Rob Gucci,Olympia,Tuesday Trials 183,Grand Final,2025-04-09 04:26:32+00:00
https://www.youtube.com/watch?v=2qWqOLqfefo,Patience | Kasai,Maypul,UBC|MSD | SLett,Loxodont,Slipstream Showd,Winners Round 1,2025-04-09 19:27:06+00:00
https://www.youtube.com/watch?v=nKczcWgru7A,YoRHa | Spikefire,Zetterburn,BMJ | Artemis,Forsburn,Slipstream Showdown 2,Winners Round 1,2025-04-09 19:28:59+00:00
https://www.youtube.com/watch?v=XJsEh4JcroQ,Oneoutkast,Kragg,Sir Quags?,Kragg,Slipstream Showdown 2,Losers Quater-Finals,2025-04-09 19:31:52+00:00
https://www.youtube.com/watch?v=rg3gmlM6-aI,KONG | Kantrip,Maypul,Wrackle,Fleet,Slipstream Showdown 2,Losers Top 8,2025-04-09 19:32:14+00:00
https://www.youtube.com/watch?v=h2H-DzwlI7s,Saika,Maypul,DolphinBrick,Orcane,Slipstream Showdown 2,Winners Round 2,2025-04-09 19:32:51+00:00
https://www.youtube.com/watch?v=Y8YM0r1rwWE,Oneoutkast,Kragg,KONG | Locus,Olympia,Slipstream Showdown 2,Winners Quarter-Finals,2025-04-09 19:34:36+00:00
https://www.youtube.com/watch?v=wPr0wrAoX7Q,Oneoutkast,Kragg,Patience | Kasai,Maypul,Slipstream Showdown 2,Losers Top 8,2025-04-09 19:35:14+00:00
https://www.youtube.com/watch?v=mLjZxDb1gnk,UBC | BlackBolt,Forsburn,Ayemstilindur!!,Wrastor,Slipstream Showdown 2,Winners Round 2,2025-04-09 19:37:08+00:00
https://www.youtube.com/watch?v=di1AnaK1Dlc,KONG | Kantrip,Maypul,DolphinBrick,Orcane,Slipstream Showdown 2,Losers Round 4,2025-04-09 19:46:41+00:00
https://www.youtube.com/watch?v=baqxFX1wZmA,ybm,Wrastor,Watherum,Ranno,Immortal Fight Night #219 Wnrs Qrts,,2025-04-09 20:59:23+00:00
https://www.youtube.com/watch?v=Cc7vfPPD7tg,Reaper,Etalus,Average Alex,Olympia,Immortal Fight Night #219,Wnrs Final,2025-04-09 20:59:30+00:00
https://www.youtube.com/watch?v=sOwpwTZxP84,Grunk,Olympia,Reaper,Etalus,Immortal Fight Night #219,Lsrs Final,2025-04-09 20:59:33+00:00
https://www.youtube.com/watch?v=zF7UykRIpQ0,Average Alex,Olympia,Grunk,Olympia,Immortal Fight Night #219 Grand Final,,2025-04-09 20:59:36+00:00
https://www.youtube.com/watch?v=EV7jkYGWvCk,KONG | Locus,Olympia,Ayemstilindur!!,Wrastor,Slipstream Showdown 2,Winners Semi-Finals,2025-04-09 21:31:59+00:00
https://www.youtube.com/watch?v=mw4OcujONcM,Oneoutkast,Kragg,Wrackle,Fleet,Slipstream Showdown 2,Losers Semi-Finals,2025-04-09 21:36:02+00:00
https://www.youtube.com/watch?v=oQAlNuPY3Kk,Zetru,Ranno,Vodokex,Forsburn,Rivalito CharrÃºa #11,Losers Round 2,2025-04-09 21:50:24+00:00
https://www.youtube.com/watch?v=0kLQmhLYIo0,Seelder,Olympia,Gamer LatAm | Connie Kins,Kragg,Soul Melter Smash #43,,2025-04-09 21:52:46+00:00
https://www.youtube.com/watch?v=i8KxYcYUUMU,Oneoutkast,Kragg,KONG | Locus,Olympia,Slipstream Showdown 2,Losers Finals,2025-04-09 21:53:42+00:00
https://www.youtube.com/watch?v=NGkuXP1vpMk,ZetaDiamond,Olympia,Gamer LatAm | Connie Kins,Olympia,Soul Melter Smash #43,,2025-04-09 21:55:02+00:00
https://www.youtube.com/watch?v=2GB5KsrO9UM,ZetaDiamond,Olympia,Seelder,Fleet,Soul Melter Smash #43,,2025-04-09 21:56:33+00:00
https://www.youtube.com/watch?v=rtvjgOtKJoE,KONG | Locus,Olympia,Mystery Sol,Maypul,Slipstream Showdown 2,Winners Finals,2025-04-10 02:39:47+00:00
https://www.youtube.com/watch?v=J8yLO8WwFC4,Oneoutkast,Kragg,Mystery Sol,Maypul,Slipstream Showdown 2,Grand Finals,2025-04-10 02:47:55+00:00
https://www.youtube.com/watch?v=niB9BsE59A4,Mystery Sol,Loxodont,Sir Quags?,Kragg,Slipstream Showdown 2,Winners Semi-Finals,2025-04-10 02:51:03+00:00
https://www.youtube.com/watch?v=dKnvvhji1VY,Wrackle,Fleet,Ayemstilindur!!,Wrastor,Slipstream Showdown,Losers Quarter-Finals,2025-04-10 03:20:36+00:00
https://www.youtube.com/watch?v=paDhX7wGxas,Craum,Wrastor,Edgar,Fleet,Town Hall #2,Round Robin Pools,2025-04-10 05:09:26+00:00
https://www.youtube.com/watch?v=PDF7bBg2NL8,Dart,Ranno,Lalo2$$,Fleet,Town Hall #2,Round Robin Pools,2025-04-10 05:20:36+00:00
https://www.youtube.com/watch?v=OFTnfN0uHFE,TimeStrong,Fleet,C3PO,Zetterburn,Town Hall #2,Round Robin Pools,2025-04-10 05:21:19+00:00
https://www.youtube.com/watch?v=BTbnjV3VRcQ,DartVsM8 Dart,Ranno,M8,Forsburn,Town Hall #2,Round Robin Pools,2025-04-10 05:22:30+00:00
https://www.youtube.com/watch?v=aS0udUQBUyw,Zoldyck,Orcane,MAD Myk,Forsburn,Town Hall #2,Round Robin Pools,2025-04-10 05:23:53+00:00
https://www.youtube.com/watch?v=g_79Zaxh-Mk,Morio,Loxodont,Edgar,Fleet,Town Hall #2,Round Robin Pools,2025-04-10 05:32:59+00:00
https://www.youtube.com/watch?v=BF2AJw1eHrI,Morio,Loxodont,C3PO,Zetterburn,Town Hall #2,Bracket,2025-04-10 05:33:39+00:00
https://www.youtube.com/watch?v=PFoIIX7avTs,Risas,Etalus,C3PO,Zetterburn,Town Hall #2,3rd Place Tiebreaker,2025-04-10 05:34:17+00:00
https://www.youtube.com/watch?v=fGV5QKIQERA,Pool,Maypul,Risas,Etalus,Town Hall #2,Bracket,2025-04-10 05:35:01+00:00
https://www.youtube.com/watch?v=mqvKT5vZgHw,Whisky,Maypul,Risas,Etalus,Town Hall #2,Round Robin Pools,2025-04-10 05:35:36+00:00
https://www.youtube.com/watch?v=oMb6vqF72Cw,Morio,Loxodont,Pool,Maypul,Town Hall #2,Grand Final,2025-04-10 05:36:21+00:00
https://www.youtube.com/watch?v=JaslMGFggcQ,Bird,Ranno,kapl,Clairen,Smashed to Pieces #77,Winners Semifinals,2025-04-10 07:52:43+00:00
https://www.youtube.com/watch?v=ieu7s0xndRA,Bird,Ranno,maya,Orcane,Smashed to Pieces #77,Losers Quarterfinals,2025-04-10 08:12:58+00:00
https://www.youtube.com/watch?v=VRbuD6NKj4s,Comona,Ranno,TS | JoJoDaHoBo,Zetterburn,Smashed to Pieces #77,Losers Quarterfinals,2025-04-10 08:14:52+00:00
https://www.youtube.com/watch?v=Tnxp_0gcO-E,UncleSatan,Clairen,TS | JoJoDaHoBo,Zetterburn,S2P #77,Losers Semifinals,2025-04-10 08:18:57+00:00
https://www.youtube.com/watch?v=NMcog4CfOvQ,Kyb,Fleet,bige been,Orcane,Blazing Battlefield #2,Winners Quarterfinals,2025-04-11 10:55:07+00:00
https://www.youtube.com/watch?v=aE2sEJV_IXo,Gengur,Clairen,BSC | Re:Cupid,Zetterburn,BBF #2,Winners Semifinals,2025-04-11 10:59:05+00:00
https://www.youtube.com/watch?v=dONu3m5jbeA,Kyb,Fleet,HKP,Zetterburn,Blazing Battlefield #2,Winners Semifinals,2025-04-11 11:00:01+00:00
https://www.youtube.com/watch?v=BHGnP-07WFI,Gengur,Clairen,HKP,Zetterburn,Blazing Battlefield #2,Winners Finals,2025-04-11 11:00:55+00:00
https://www.youtube.com/watch?v=-bW1XMKrkw4,BSC | Re:Cupid,Zetterburn,bige been,Orcane,BBF #2,Losers Quarterfinals,2025-04-11 11:01:29+00:00
https://www.youtube.com/watch?v=X7TuKXUkB5I,Kyb,Fleet,HKP,Zetterburn,Blazing Battlefield #2,Losers Finals,2025-04-11 11:07:59+00:00
https://www.youtube.com/watch?v=AOo58dsZQZk,Gengur,Clairen,HKP,Zetterburn,Blazing Battlefield #2,Grand Finals,2025-04-11 11:09:08+00:00
https://www.youtube.com/watch?v=yKOQbPJaQco,Chizi,Orcane,TREXsplode,Zetterburn,Reads by the River: The Finale,Winners Quarter-Final,2025-04-12 02:46:04+00:00
https://www.youtube.com/watch?v=ZoGBIV9kMqA,Frospher,Orcane,Chizi,Orcane,Reads by the River: The Finale,Grand Finals,2025-04-12 02:46:42+00:00
https://www.youtube.com/watch?v=ltv2_Vc9ud0,Ka0,Loxodont,Lupoii,Loxodont,Reads by the River: The Finale,Losers Round 1,2025-04-12 02:47:30+00:00
https://www.youtube.com/watch?v=XaRJ--ilSWk,Let&#39;s Go Joey,Zetterburn,Ka0,Loxodont,Reads by the River: The Finale,Losers Round 2,2025-04-12 02:48:05+00:00
https://www.youtube.com/watch?v=TKJ3muJKZl4,TREXsplode,Zetterburn,TVDinner,Forsburn,Reads by the River: The Finale,Winners Semi-Final,2025-04-12 02:49:44+00:00
https://www.youtube.com/watch?v=-nqiiIDmyFY,TVDinner,Forsburn,Chizi,Orcane,Reads by the River: The Finale,Losers Final,2025-04-12 02:50:43+00:00
https://www.youtube.com/watch?v=yosM2RZfuBU,TVDinner,Forsburn,Frospher,Orcane,Reads by the River: The Finale,Winners Final,2025-04-12 02:51:24+00:00
https://www.youtube.com/watch?v=MBDteKKMvWI,vEchoes,Loxodont,Mad_Taunter,Wrastor,Kent Combo: To Infinity,Grand Finals,2025-04-14 00:20:15+00:00
https://www.youtube.com/watch?v=GfQ3qTvOi4I,Capra,Clairen,vEchoes,Loxodont,Kent Combo: To Infinity,Losers Finals,2025-04-14 00:23:26+00:00
https://www.youtube.com/watch?v=JIKP8T6rAkk,Yeggy,Etalus,Potsy,Orcane,Kent Combo: To Infinity,LQFs,2025-04-14 00:26:19+00:00
https://www.youtube.com/watch?v=tkSeN3YELT0,KCD,Kragg,DATONA,Loxodont,Kent Combo: To Infinity,LR1,2025-04-14 00:31:56+00:00
https://www.youtube.com/watch?v=k9i1W2lNxhQ,Potsy,Orcane,Pork,Kragg,Kent Combo: To Infinity,LR2,2025-04-14 00:38:31+00:00
https://www.youtube.com/watch?v=WNxAaJxW_90,Potsy,Olympia,Happi,Maypul,Kent Combo: To Infinity,LR3,2025-04-14 00:52:10+00:00
https://www.youtube.com/watch?v=l66L5jOLcwo,vEchoes,Loxodont,Yeggy,Etalus,Kent Combo: To Infinity,LSFs,2025-04-14 01:02:46+00:00
https://www.youtube.com/watch?v=FqJYrALEWqU,Yeggy,Etalus,dosboxfalco,Zetterburn,Kent Combo 201,Grand Finals,2025-04-14 01:26:05+00:00
https://www.youtube.com/watch?v=O3m1hQDm7qA,vEchoes,Loxodont,Yeggy,Etalus,Kent Combo 201,LFs,2025-04-14 01:51:31+00:00
https://www.youtube.com/watch?v=FpmLj94goQo,Capra,Maypul,Fraven25,Forsburn,Kent Combo 201,LQFs,2025-04-14 01:58:28+00:00
https://www.youtube.com/watch?v=59RGrZz3gP0,Potsy,Orcane,Yeggy,Etalus,Kent Combo 201,LQFs,2025-04-14 18:56:04+00:00
https://www.youtube.com/watch?v=X2U4Xqfeb_0,Capra,Maypul,Yeggy,Etalus,Kent Combo 201,LSFs,2025-04-14 19:19:51+00:00
https://www.youtube.com/watch?v=xNnh8pB_7Gc,Sourkrout,Clairen,BGunn,Olympia,Immortal Fight Night #220,Wnrs Rd 1,2025-04-14 19:40:20+00:00
https://www.youtube.com/watch?v=Hk0LsMfJhoQ,Watherum,Ranno,Toiler,Loxodont,Immortal Fight Night #220,Wnrs Qrts,2025-04-14 19:40:23+00:00
https://www.youtube.com/watch?v=Jx7FSnSb8XA,Sh-Awe,Clairen,Grunk,Zetterburn,Immortal Fight Night #220,Wnrs Semi,2025-04-14 19:40:25+00:00
https://www.youtube.com/watch?v=lmPoXu2VOPM,Monocle Gentlesir,Maypul,Watherum,Ranno,Immortal Fight Night #220,Wnrs Semi,2025-04-14 19:40:27+00:00
https://www.youtube.com/watch?v=Z9wAOVh03H4,Grunk,Zetterburn,Monocle Gentlesir,Maypul,Immortal Fight Night #220,Wnrs Final,2025-04-14 19:40:29+00:00
https://www.youtube.com/watch?v=3dR5l-cKbJI,Watherum,Ranno,Sh-Awe,Clairen,Immortal Fight Night #220,Lsrs Semi,2025-04-14 19:40:31+00:00
https://www.youtube.com/watch?v=xGgVA5D9_MM,Watherum,Ranno,Monocle Gentlesir,Maypul,Immortal Fight Night #220,Lsrs Final,2025-04-14 19:40:33+00:00
https://www.youtube.com/watch?v=3XMclncqnjw,Grunk,Zetterburn,Watherum,Ranno,Immortal Fight Night #220,Grand Final,2025-04-14 19:40:35+00:00
https://www.youtube.com/watch?v=8ga9HorZUyU,Capra,Maypul,Potsy,Orcane,Kent Combo 201,WQFs,2025-04-14 19:51:30+00:00
https://www.youtube.com/watch?v=Alsl-hQ5gzs,vEchoes,Loxodont,Fraveh35,Forsburn,Kent Combo 201,WQFs,2025-04-14 20:02:39+00:00
https://www.youtube.com/watch?v=_RGxXScwTGw,Yeggy,Etalus,HoopMn,Olympia,Kent Combo 201,WQFs,2025-04-14 21:35:57+00:00
https://www.youtube.com/watch?v=W7ac_tViJtg,vEchoes,Loxodont,Yeggy,Etalus,Kent Combo 201,WSFs,2025-04-14 21:36:48+00:00
https://www.youtube.com/watch?v=XmssBVh9daU,Capra,Clairen,dosboxfalco,Zetterburn,Kent Combo 201,WSFs,2025-04-14 21:38:03+00:00
https://www.youtube.com/watch?v=3EF5sxpHKXg,sans.,Wrastor,Hunter,Maypul,Run The Rivals #9,Winners Semis,2025-04-15 02:24:35+00:00
https://www.youtube.com/watch?v=TP8RpE8FMm8,Landon,Clairen,Franzwa,Etalus,Run The Rivals #9,Winners Semis,2025-04-15 02:25:35+00:00
https://www.youtube.com/watch?v=X_M5x05gMRE,Landon,Clairen,The Football,Kragg,Run The Rivals #9,Winners R1,2025-04-15 02:25:43+00:00
https://www.youtube.com/watch?v=sYFgxAdZzyY,sans.,Wrastor,Wisely,Maypul,Run The Rivals #9,Winners R1,2025-04-15 02:26:18+00:00
https://www.youtube.com/watch?v=AftKOAL6icc,Hunter,Maypul,Landon,Clairen,Run The Rivals #9,Winners Finals,2025-04-15 02:26:49+00:00
https://www.youtube.com/watch?v=GZUOilmf1LY,Franzwa,Etalus,sans.,Wrastor,Run The Rivals #9,Losers Semis,2025-04-15 02:27:15+00:00
https://www.youtube.com/watch?v=mrhDUlO0Kbg,Franzwa,Etalus,Landon,Clairen,Run The Rivals #9,Losers Finals,2025-04-15 02:27:43+00:00
https://www.youtube.com/watch?v=OdSfxRqQyW8,Franzwa,Etalus,Phug,Kragg,Run The Rivals #9,Losers Quarters,2025-04-15 02:28:01+00:00
https://www.youtube.com/watch?v=ZY6I5lXa7zc,Hunter,Maypul,Landon,Clairen,Run The Rivals #9,Grand Finals,2025-04-15 02:28:17+00:00
https://www.youtube.com/watch?v=VPh55p5TXlk,TimeGear,Fleet,XYK,Olympia,Tuesday Trials 184,Grand Finals,2025-04-15 04:26:32+00:00
https://www.youtube.com/watch?v=lD8a8oo2p1Q,Flamberik,Loxodont,Mik,Kragg,Gran Aether - T1 #2,WSF,2025-04-15 13:27:36+00:00
https://www.youtube.com/watch?v=7eKjIJKmThQ,Mik,Kragg,Delm,Ranno,Gran Aether - T1 #2,LQF,2025-04-15 13:27:36+00:00
https://www.youtube.com/watch?v=vkTsA0NAfhg,Mik,Kragg,Sand,Zetterburn,Gran Aether - T1 #2,LF,2025-04-15 13:27:36+00:00
https://www.youtube.com/watch?v=KFkxVPsjyz0,Nyrane,Clairen,P.P.R.,Loxodont,Gran Aether - T1 #2,Losers R4,2025-04-15 13:27:36+00:00
https://www.youtube.com/watch?v=Erxy1gyB-lM,Sand,Zetterburn,Kerus,Olympia,Gran Aether - T1 #2,WSF,2025-04-15 13:27:36+00:00
https://www.youtube.com/watch?v=Hq9XloycH-0,P.P.R.,Loxodont,Kerus,Olympia,Gran Aether - T1 #2,LQF,2025-04-15 13:27:36+00:00
https://www.youtube.com/watch?v=dtZjlNFXkn8,Flamberik,Loxodont,Sand,Zetterburn,Gran Aether - T1 #2,GF,2025-04-15 13:27:36+00:00
https://www.youtube.com/watch?v=RFEZAwSQhgQ,P.P.R.,Loxodont,Mik,Kragg,Gran Aether - T1 #2,LSF,2025-04-15 13:27:36+00:00
https://www.youtube.com/watch?v=HSCmVhX4w_Y,Sand,Zetterburn,Flamberik,Loxodont,Gran Aether - T1 #2,WF,2025-04-15 13:27:36+00:00
https://www.youtube.com/watch?v=zKY7DaN8XLg,Flamberik,Loxodont,Sand,Zetterburn,Gran Aether - T1 #2,True Finals,2025-04-15 15:08:11+00:00
https://www.youtube.com/watch?v=5-QV4yrktVM,Gallax,Maypul,Lilie,Maypul,Aether Reborn #3,Winners Round 2,2025-04-18 21:49:39+00:00
https://www.youtube.com/watch?v=RrkPOko6dGQ,Sharpinfinity,Ranno,Solid,Zetterburn,Aether Reborn #3,Winners Quarter-Final,2025-04-18 21:50:17+00:00
https://www.youtube.com/watch?v=s3j7get4fmI,firmiggio,Orcane,DonCascone,Loxodont,Aether Reborn #3,Winners Quarter-Final,2025-04-18 21:52:03+00:00
https://www.youtube.com/watch?v=vwsipj8x_j0,Sharpinfinity,Ranno,Folstag,Maypul,Aether Reborn #3,Losers Round 3,2025-04-18 21:53:40+00:00
https://www.youtube.com/watch?v=KgTbVfqbE9c,Genarog,Fleet,Dav,Wrastor,Aether Reborn #3,Losers Round 3,2025-04-18 21:54:30+00:00
https://www.youtube.com/watch?v=0xI_FyLf-J4,Genarog,Fleet,Lilie,Maypul,Aether Reborn #3,Losers Eights,2025-04-18 21:55:56+00:00
https://www.youtube.com/watch?v=86zXRAHSIHE,DonCascone,Loxodont,Solid,Zetterburn,Aether Reborn #3,Winners Semi-Final,2025-04-18 21:58:17+00:00
https://www.youtube.com/watch?v=9_z1BzQJFzY,Sharpinfinity,Ranno,firmiggio,Orcane,Aether Reborn #3,Losers Eights,2025-04-18 22:00:43+00:00
https://www.youtube.com/watch?v=DBwxcXsFmFw,Genarog,Fleet,DonCascone,Loxodont,Aether Reborn #3,Losers Quarter-Final,2025-04-18 22:01:05+00:00
https://www.youtube.com/watch?v=R5mxn3mkPJc,Sofi,Ranno,Impasse,Zetterburn,Aether Reborn #3,Winners Semi-Final,2025-04-18 22:04:12+00:00
https://www.youtube.com/watch?v=9lMpx_YdMj0,Sofi,Ranno,Solid,Zetterburn,Aether Reborn #3,Losers Final,2025-04-18 22:05:27+00:00
https://www.youtube.com/watch?v=_ROHFrDE88U,Impasse,Zetterburn,Solid,Zetterburn,Aether Reborn #3,Grand Final,2025-04-18 22:07:20+00:00
https://www.youtube.com/watch?v=1xL4_aYcWMs,DonCascone,Loxodont,Sofi,Ranno,Aether Reborn #3,Losers Semi-Final,2025-04-18 22:07:36+00:00
https://www.youtube.com/watch?v=-oTnW7CgEME,Impasse,Zetterburn,Solid,Zetterburn,Aether Reborn #3,Winners Final,2025-04-18 22:07:40+00:00
https://www.youtube.com/watch?v=O07rN2AdVKI,Sofi,Ranno,firmiggio,Orcane,Aether Reborn #3,Losers Quarter-Final,2025-04-18 22:16:39+00:00
https://www.youtube.com/watch?v=omN4XY7a75U,StarvingCube,Loxodont,Fritze,Wrastor,Eagle&#39;s Nest 15,Winners Round 2,2025-04-19 04:35:08+00:00
https://www.youtube.com/watch?v=r9Sq-BqpFmM,mrwalkemdowntobrinstar,Wrastor,Marsh,Wrastor,Eagle&#39;s Nest 15,Winners Round 1,2025-04-19 04:35:10+00:00
https://www.youtube.com/watch?v=cg-9tB9dH5Y,mrwalkemdowntobrinstar,Wrastor,Thieef,Zetterburn,Eagle&#39;s Nest 15,Winners Round 2,2025-04-19 04:35:14+00:00
https://www.youtube.com/watch?v=pOix89uggjs,Edmund,Zetterburn,jBoneX,Kragg,Eagle&#39;s Nest 15,Winners Semis,2025-04-19 04:35:17+00:00
https://www.youtube.com/watch?v=_i-eaATeSPs,Thieef,Zetterburn,StarvingCube,Loxodont,Eagle&#39;s Nest 15,Winners Semis,2025-04-19 04:35:21+00:00
https://www.youtube.com/watch?v=zcnrAOYevjo,Thieef,Zetterburn,Edmund,Zetterburn,Eagle&#39;s Nest 15,Winners Finals,2025-04-19 04:35:23+00:00
https://www.youtube.com/watch?v=TybIBsyZ4nc,Fritze,Zetterburn,jBoneX,Zetterburn,Eagle&#39;s Nest 15,Losers Quarters,2025-04-19 04:35:27+00:00
https://www.youtube.com/watch?v=LwAErAatjJw,jBoneX,Kragg,Magno,Etalus,Eagle&#39;s Nest 15,Losers Semis,2025-04-19 04:35:30+00:00
https://www.youtube.com/watch?v=P6Y35UZdFEA,jBoneX,Kragg,Edmund,Zetterburn,Eagle&#39;s Nest 15,Losers Finals,2025-04-19 04:35:33+00:00
https://www.youtube.com/watch?v=9kNP3PQp9m4,Serris,Ranno,Rat,Zetterburn,Tripoint 276,Losers Round 1,2025-04-19 22:32:09+00:00
https://www.youtube.com/watch?v=36A_9vpK5I4,FPZ,Maypul,Frosty,Olympia,Tripoint 276,Winner Finals,2025-04-19 22:32:09+00:00
https://www.youtube.com/watch?v=Ib4HR7ewtek,Serris,Ranno,Star,Clairen,Tripoint 276,Losers Quarters,2025-04-19 22:32:09+00:00
https://www.youtube.com/watch?v=AxXz8z7WrNg,Rat,Zetterburn,Frosty,Olympia,Tripoint 276,Winners Quarters,2025-04-19 22:32:09+00:00
https://www.youtube.com/watch?v=pmZkXenFAYY,TPWolf,Etalus,FPZ,Maypul,Tripoint 276,Winners Quarters,2025-04-19 22:32:12+00:00
https://www.youtube.com/watch?v=utM_dURZem8,Sluggish,Loxodont,Doc,Ranno,PSG 22: SFL Monthly,WR1,2025-04-21 00:58:07+00:00
https://www.youtube.com/watch?v=ox1Br4bv8GU,SLIME | AppleWiz,Wrastor,Sixbux,Ranno,PSG 22: SFL Monthly, WQF,2025-04-21 01:00:55+00:00
https://www.youtube.com/watch?v=8McKC4RD7x4,Doc,Ranno,Renzo,Orcane,PSG 22: SFL Monthly,WSF,2025-04-21 01:03:27+00:00
https://www.youtube.com/watch?v=4QyEqlF3GmY,SLIME | AppleWiz,Wrastor,VIBE | Pity,Zetterburn,PSG 22: SFL Monthly,WSF,2025-04-21 01:05:05+00:00
https://www.youtube.com/watch?v=T3VJwRClxk0,Doc,Ranno,edgintheledge,Maypul,PSG 22: SFL Monthly,LQF,2025-04-21 01:06:51+00:00
https://www.youtube.com/watch?v=uwktfmS10dk,Renzo,Orcane,SLIME | AppleWiz,Wrastor,PSG 22: SFL Monthly,WF,2025-04-21 01:08:27+00:00
https://www.youtube.com/watch?v=uP0gM61DudE,edgintheledge,Maypul,VIBE | Pity,Zetterburn,PSG 22: SFL Monthly,LSF,2025-04-21 01:10:45+00:00
https://www.youtube.com/watch?v=oaPPRa865kU,Renzo,Orcane,VIBE | Pity,Zetterburn,PSG 22: SFL Monthly,LF,2025-04-21 01:12:35+00:00
https://www.youtube.com/watch?v=_YlQccg29HU,SLIME | AppleWiz,Wrastor,VIBE | Pity,Zetterburn,PSG 22: SFL Monthly,GF,2025-04-21 01:14:29+00:00
https://www.youtube.com/watch?v=XrLnVCJyz1I,Ant,Ranno,Darai,Ranno,Zeekly #1,Winners Semis,2025-04-21 02:06:28+00:00
https://www.youtube.com/watch?v=N4KTU2g4VmU,Lone,Olympia,Adam,Etalus,Zeekly #1,Winners Round 2,2025-04-21 02:08:12+00:00
https://www.youtube.com/watch?v=9u14anIO78s,Jorgulon,Olympia,MSB,Kragg,Zeekly #1,Winners Quarters,2025-04-21 02:12:27+00:00
https://www.youtube.com/watch?v=njtod-47j7k,Toothbrush,Ranno,Adam,Etalus,Zeekly #1,Winners Quarters,2025-04-21 02:14:13+00:00
https://www.youtube.com/watch?v=JkMPVub0294,Toothbrush,Ranno,Jorgulon,Olympia,Zeekly #1,Winners Semis,2025-04-21 02:15:17+00:00
https://www.youtube.com/watch?v=fanSnlB_wZM,Cody,Clairen,Archangel,Clairen,Zeekly #1,Learners Round 4,2025-04-21 02:16:58+00:00
https://www.youtube.com/watch?v=4YdYLMW50-0,Archangel,Clairen,Jorgulon,Olympia,Zeekly #1,Learners Quarters,2025-04-21 02:18:00+00:00
https://www.youtube.com/watch?v=Rz4b626Iu34,Archangel,Clairen,Seelder,Olympia,Zeekly #1,Learners Semis,2025-04-21 02:19:32+00:00
https://www.youtube.com/watch?v=xqGnB1GUH-s,Toothbrush,Ranno,Ant,Ranno,Zeekly #1,Winners Finals,2025-04-21 02:21:30+00:00
https://www.youtube.com/watch?v=eyPimE34wp0,Archangel,Clairen,Toothbrush,Ranno,Zeekly #1,Learners Finals,2025-04-21 02:23:15+00:00
https://www.youtube.com/watch?v=DJRRSk5XaGE,Ant,Ranno,Toothbrush,Ranno,Zeekly #1,Grand Finals,2025-04-21 02:24:19+00:00
https://www.youtube.com/watch?v=dNBEDbrVzbU,Iggy Ontario,Loxodont,dans undertale,Fleet,Chef&#39;s Choice #9,Winners Round 1,2025-04-21 14:00:54+00:00
https://www.youtube.com/watch?v=FNziDi8_g_E,XaviBun,Forsburn,Paradox,Orcane,Chef&#39;s Choice #9,Winners Round 1,2025-04-21 14:15:01+00:00
https://www.youtube.com/watch?v=cdjCgHtr6Xw,yc | Pip,Etalus,dans undertale,Fleet,Chef&#39;s Choice #9,Winners Semis,2025-04-21 14:30:22+00:00
https://www.youtube.com/watch?v=3sd9lhqYPUc,EXL | Prince Fluff,Loxodont,XaviBun,Forsburn,Chef&#39;s Choice #9,Winners Semis,2025-04-21 14:45:00+00:00
https://www.youtube.com/watch?v=LbVwjhYbvtk,EXL | Prince Fluff,Loxodont,yc | Pip,Etalus,Chef&#39;s Choice #9,Winners Finals,2025-04-21 15:00:28+00:00
https://www.youtube.com/watch?v=2UYMCR-6-zw,dans undertale,Fleet,Iggy Ontario,Loxodont,Chef&#39;s Choice #9,Losers Semis,2025-04-21 15:15:00+00:00
https://www.youtube.com/watch?v=1nTQpKpljfw,yc | Pip,Etalus,Iggy Ontario,Loxodont,Chef&#39;s Choice #9,Losers Finals,2025-04-21 15:30:03+00:00
https://www.youtube.com/watch?v=OP7iyjfkMWU,EXL | Prince Fluff,Loxodont,yc | Pip,Etalus,Chef&#39;s Choice #9,Grand Finals,2025-04-21 15:45:03+00:00
https://www.youtube.com/watch?v=k1DLILNec_Q,vEchoes,Loxodont,Potsy,Olympia,Kent Combo 202,WQFs,2025-04-22 01:31:50+00:00
https://www.youtube.com/watch?v=6rItqze5Nwc,Sean Sorey,Clairen,Love Tub,Etalus,Run The Rivals #10,Winners R1,2025-04-22 02:51:57+00:00
https://www.youtube.com/watch?v=nQoorEchHUo,The Football,Kragg,Superdog,Clairen,Run The Rivals #10,Winners R1,2025-04-22 02:52:19+00:00
https://www.youtube.com/watch?v=RbYFAWPXHBE,Sean Sorey,Clairen,Landon,Clairen,Run The Rivals #10,Winners Semis,2025-04-22 02:52:39+00:00
https://www.youtube.com/watch?v=qV0HntsyrIs,Hunter,Maypul,Superdog,Clairen,Run The Rivals #10,Winners Semis,2025-04-22 02:52:58+00:00
https://www.youtube.com/watch?v=ePwb0MrTAbI,Sean Sorey,Clairen,The Football,Kragg,Run The Rivals #10,Losers Quarters,2025-04-22 02:53:42+00:00
https://www.youtube.com/watch?v=jGFEp2goDTE,Superdog,Clairen,Love Tub,Etalus,Run The Rivals #10,Losers Quarters,2025-04-22 02:53:57+00:00
https://www.youtube.com/watch?v=7NQXX7zrl0A,Landon,Clairen,Hunter,Maypul,Run The Rivals #10,Winners Finals,2025-04-22 02:54:14+00:00
https://www.youtube.com/watch?v=7MFoAjNsPKQ,Sean Sorey,Clairen,Superdog,Clairen,Run The Rivals #10,Losers Semis,2025-04-22 02:54:40+00:00
https://www.youtube.com/watch?v=9QK9lu6rdmM,Sean Sorey,Clairen,Hunter,Maypul,Run The Rivals #10,Losers Finals,2025-04-22 02:54:54+00:00
https://www.youtube.com/watch?v=ZuMewLwdFZ4,Landon,Clairen,Hunter,Maypul,Run The Rivals #10,Grand Finals,2025-04-22 02:55:02+00:00
https://www.youtube.com/watch?v=yH77dVvMMcQ,Atondo,Clairen,Awer,Kragg,Town Hall #3,Round Robin,2025-04-22 05:55:35+00:00
https://www.youtube.com/watch?v=1uaX91KYzo4,Aztreus,Ranno,ChupetÃƒÆ’Ã†â€™Ãƒâ€ Ã¢â‚¬â„¢ÃƒÆ’Ã¢â‚¬Â ÃƒÂ¢Ã¢â€šÂ¬Ã¢â€žÂ¢ÃƒÆ’Ã†â€™ÃƒÂ¢Ã¢â€šÂ¬Ã‚Â ÃƒÆ’Ã‚Â¢ÃƒÂ¢Ã¢â‚¬Å¡Ã‚Â¬ÃƒÂ¢Ã¢â‚¬Å¾Ã‚Â¢ÃƒÆ’Ã†â€™Ãƒâ€ Ã¢â‚¬â„¢ÃƒÆ’Ã‚Â¢ÃƒÂ¢Ã¢â‚¬Å¡Ã‚Â¬ ÃƒÆ’Ã†â€™Ãƒâ€šÃ‚Â¢ÃƒÆ’Ã‚Â¢ÃƒÂ¢Ã¢â€šÂ¬Ã…Â¡Ãƒâ€šÃ‚Â¬ÃƒÆ’Ã‚Â¢ÃƒÂ¢Ã¢â€šÂ¬Ã…Â¾Ãƒâ€šÃ‚Â¢ÃƒÆ’Ã†â€™Ãƒâ€ Ã¢â‚¬â„¢ÃƒÆ’Ã¢â‚¬Â ÃƒÂ¢Ã¢â€šÂ¬Ã¢â€žÂ¢ÃƒÆ’Ã†â€™Ãƒâ€šÃ‚Â¢ÃƒÆ’Ã‚Â¢ÃƒÂ¢Ã¢â€šÂ¬Ã…Â¡Ãƒâ€šÃ‚Â¬ÃƒÆ’Ã¢â‚¬Â¦Ãƒâ€šÃ‚Â¡ÃƒÆ’Ã†â€™Ãƒâ€ Ã¢â‚¬â„¢ÃƒÆ’Ã‚Â¢ÃƒÂ¢Ã¢â‚¬Å¡Ã‚Â¬Ãƒâ€¦Ã‚Â¡ÃƒÆ’Ã†â€™ÃƒÂ¢Ã¢â€šÂ¬Ã…Â¡ÃƒÆ’Ã¢â‚¬Å¡Ãƒâ€šÃ‚Â­n,Ranno,Town Hall #3,Round Robin,2025-04-22 05:56:37+00:00
https://www.youtube.com/watch?v=SbpmGez3guM,Freyre,Zetterburn,Se SacÃƒÆ’Ã†â€™Ãƒâ€ Ã¢â‚¬â„¢ÃƒÆ’Ã¢â‚¬Â ÃƒÂ¢Ã¢â€šÂ¬Ã¢â€žÂ¢ÃƒÆ’Ã†â€™ÃƒÂ¢Ã¢â€šÂ¬Ã‚Â ÃƒÆ’Ã‚Â¢ÃƒÂ¢Ã¢â‚¬Å¡Ã‚Â¬ÃƒÂ¢Ã¢â‚¬Å¾Ã‚Â¢ÃƒÆ’Ã†â€™Ãƒâ€ Ã¢â‚¬â„¢ÃƒÆ’Ã‚Â¢ÃƒÂ¢Ã¢â‚¬Å¡Ã‚Â¬ ÃƒÆ’Ã†â€™Ãƒâ€šÃ‚Â¢ÃƒÆ’Ã‚Â¢ÃƒÂ¢Ã¢â€šÂ¬Ã…Â¡Ãƒâ€šÃ‚Â¬ÃƒÆ’Ã‚Â¢ÃƒÂ¢Ã¢â€šÂ¬Ã…Â¾Ãƒâ€šÃ‚Â¢ÃƒÆ’Ã†â€™Ãƒâ€ Ã¢â‚¬â„¢ÃƒÆ’Ã¢â‚¬Â ÃƒÂ¢Ã¢â€šÂ¬Ã¢â€žÂ¢ÃƒÆ’Ã†â€™Ãƒâ€šÃ‚Â¢ÃƒÆ’Ã‚Â¢ÃƒÂ¢Ã¢â€šÂ¬Ã…Â¡Ãƒâ€šÃ‚Â¬ÃƒÆ’Ã¢â‚¬Â¦Ãƒâ€šÃ‚Â¡ÃƒÆ’Ã†â€™Ãƒâ€ Ã¢â‚¬â„¢ÃƒÆ’Ã‚Â¢ÃƒÂ¢Ã¢â‚¬Å¡Ã‚Â¬Ãƒâ€¦Ã‚Â¡ÃƒÆ’Ã†â€™ÃƒÂ¢Ã¢â€šÂ¬Ã…Â¡ÃƒÆ’Ã¢â‚¬Å¡Ãƒâ€šÃ‚Â³ La Banana,Kragg,Town Hall #3,Bracket,2025-04-22 05:57:27+00:00
https://www.youtube.com/watch?v=DFT01FtsQy0,Lalo2$$,Loxodont,Zaikor,Zetterburn,Town Hall #3,Round Robin,2025-04-22 05:58:07+00:00
https://www.youtube.com/watch?v=DhDloyQM5ec,Morio,Loxodont,Se SacÃƒÆ’Ã†â€™Ãƒâ€ Ã¢â‚¬â„¢ÃƒÆ’Ã¢â‚¬Â ÃƒÂ¢Ã¢â€šÂ¬Ã¢â€žÂ¢ÃƒÆ’Ã†â€™ÃƒÂ¢Ã¢â€šÂ¬Ã‚Â ÃƒÆ’Ã‚Â¢ÃƒÂ¢Ã¢â‚¬Å¡Ã‚Â¬ÃƒÂ¢Ã¢â‚¬Å¾Ã‚Â¢ÃƒÆ’Ã†â€™Ãƒâ€ Ã¢â‚¬â„¢ÃƒÆ’Ã‚Â¢ÃƒÂ¢Ã¢â‚¬Å¡Ã‚Â¬ ÃƒÆ’Ã†â€™Ãƒâ€šÃ‚Â¢ÃƒÆ’Ã‚Â¢ÃƒÂ¢Ã¢â€šÂ¬Ã…Â¡Ãƒâ€šÃ‚Â¬ÃƒÆ’Ã‚Â¢ÃƒÂ¢Ã¢â€šÂ¬Ã…Â¾Ãƒâ€šÃ‚Â¢ÃƒÆ’Ã†â€™Ãƒâ€ Ã¢â‚¬â„¢ÃƒÆ’Ã¢â‚¬Â ÃƒÂ¢Ã¢â€šÂ¬Ã¢â€žÂ¢ÃƒÆ’Ã†â€™Ãƒâ€šÃ‚Â¢ÃƒÆ’Ã‚Â¢ÃƒÂ¢Ã¢â€šÂ¬Ã…Â¡Ãƒâ€šÃ‚Â¬ÃƒÆ’Ã¢â‚¬Â¦Ãƒâ€šÃ‚Â¡ÃƒÆ’Ã†â€™Ãƒâ€ Ã¢â‚¬â„¢ÃƒÆ’Ã‚Â¢ÃƒÂ¢Ã¢â‚¬Å¡Ã‚Â¬Ãƒâ€¦Ã‚Â¡ÃƒÆ’Ã†â€™ÃƒÂ¢Ã¢â€šÂ¬Ã…Â¡ÃƒÆ’Ã¢â‚¬Å¡Ãƒâ€šÃ‚Â³ La Banana,Kragg,Town Hall #3,Bracket,2025-04-22 05:58:45+00:00
https://www.youtube.com/watch?v=a2jyzEk-bh0,Pool,Maypul,Morio,Loxodont,Town Hall #3,Round Robin,2025-04-22 05:59:21+00:00
https://www.youtube.com/watch?v=zwrKRPiHCzk,Serk,Wrastor,DeltaKnightmare,Clairen,Town Hall #3,Round Robin,2025-04-22 05:59:56+00:00
https://www.youtube.com/watch?v=EukZBxDT6bc,Serk,Wrastor,Xan Darei,Clairen,Town Hall #3,Round Robin,2025-04-22 06:00:39+00:00
https://www.youtube.com/watch?v=PDKB8UJobcs,Whisky,Maypul,Mau,Kragg,Town Hall #3,Round Robin,2025-04-22 06:01:17+00:00
https://www.youtube.com/watch?v=UcuLCQwkyXY,Xan Darei,Clairen,Juan Solo,Loxodont,Town Hall #3,Round Robin,2025-04-22 06:02:00+00:00
https://www.youtube.com/watch?v=Bh7dbiZn-vg,Cass,Olympia,Furret,Ranno,CORE VALUES VII,Round 1,2025-04-22 10:33:45+00:00
https://www.youtube.com/watch?v=8W6wrCm9p0w,Terra,Zetterburn,Borin,Olympia,CORE VALUES VII,Winners Quarterfinals,2025-04-22 10:35:29+00:00
https://www.youtube.com/watch?v=95heS3XTzV4,Furret,Ranno,Sawstep,Fleet,CORE VALUES VII,Winners Quarterfinals,2025-04-22 10:37:15+00:00
https://www.youtube.com/watch?v=GWHFY6OiBk8,Azazel,Ranno,BSC | Re:Cupid,Zetterburn,CORE VALUES VII,Winners Quarterfinals,2025-04-22 10:39:22+00:00
https://www.youtube.com/watch?v=MRI9V9vHYcQ,Skips,Kragg,EC | Domnique,Zetterburn,CORE VALUES VII,Winners Quarterfinals,2025-04-22 10:41:59+00:00
https://www.youtube.com/watch?v=1RxbuwRPlio,Borin,Olympia,BSC | Re:Cupid,Zetterburn,CORE VALUES VII,Winners Semifinals,2025-04-22 10:44:07+00:00
https://www.youtube.com/watch?v=8MlpmQ6dbiA,Sawstep,Fleet,EC | Domnique,Zetterburn,CORE VALUES VII,Winners Semifinals,2025-04-22 10:46:54+00:00
https://www.youtube.com/watch?v=RxbfnC8y4bo,Sawstep,Fleet,Borin,Olympia,CORE VALUES VII,Losers Semifinals,2025-04-22 10:52:41+00:00
https://www.youtube.com/watch?v=pubE0XOtKHE,Sawstep,Fleet,BSC | Re:Cupid,Zetterburn,CORE VALUES VII,Losers Finals,2025-04-22 10:55:07+00:00
https://www.youtube.com/watch?v=bIrLW41ifj8,Capra,Maypul,meat!,Zetterburn,Kent Combo 202,LR1,2025-04-22 13:25:42+00:00
https://www.youtube.com/watch?v=v2sh0r4tyJ4,Yeggy,Etalus,Capra,Maypul,Kent Combo 202,WQFs,2025-04-22 13:25:59+00:00
https://www.youtube.com/watch?v=GdfbPj0kR8Q,dosboxfalco,Zetterburn,vEchoes,Loxodont,Kent Combo 202,WFs,2025-04-22 13:28:21+00:00
https://www.youtube.com/watch?v=WuS3jCgZXvo,Potsy,Olympia,Abyss,Zetterburn,Kent Combo 202,LR2,2025-04-22 13:36:56+00:00
https://www.youtube.com/watch?v=COXxJkctpUo,Potsy,Olympia,Yeggy,Etalus,Kent Combo 202,LQFs,2025-04-22 13:38:22+00:00
https://www.youtube.com/watch?v=GgXrtaRDqi4,Capra,Clairen,Yeggy,Etalus,Kent Combo 202,LSFs,2025-04-22 13:52:24+00:00
https://www.youtube.com/watch?v=TFcDWZPwaR8,vEchoes,Loxodont,Yeggy,Etalus,Kent Combo 202,LFs,2025-04-22 13:55:04+00:00
https://www.youtube.com/watch?v=94jginerWbE,Yeggy,Etalus,dosboxfalco,Zetterburn,Kent Combo 202,GFs,2025-04-22 13:57:59+00:00
https://www.youtube.com/watch?v=-gpSSo7V_CQ,CyberHex,Clairen,WDR | Triforce!,Forsburn,Chef&#39;s Choice #10,Winners Quraters,2025-04-22 15:30:00+00:00
https://www.youtube.com/watch?v=pFKq9ttZm8Y,EXL | Prince Fluff,Loxodont,WDR | Triforce!,Forsburn,Chef&#39;s Choice #10,Winners Semis,2025-04-22 15:45:12+00:00
https://www.youtube.com/watch?v=tkJMbWjngtE,darai,Ranno,Teri,Olympia,Monthly of Aether #6,Pools,2025-04-22 15:51:05+00:00
https://www.youtube.com/watch?v=u2sO9GSjy_c,Neylax,Olympia,Focus Miss,Ranno,Monthly of Aether #6,EU Winners Semifinals,2025-04-22 15:53:46+00:00
https://www.youtube.com/watch?v=Wr38d5ZyAVQ,Lulius,Clairen,Splippy,Forsburn,Chef&#39;s Choice #10,Winners Semis,2025-04-22 16:00:52+00:00
https://www.youtube.com/watch?v=W1U-WnSns5U,Splippy,Forsburn,EXL | Prince Fluff,Loxodont,Chef&#39;s Choice #10,Winners Finals,2025-04-22 16:15:05+00:00
https://www.youtube.com/watch?v=Ktan2t240uU,Lulius,Clairen,yc | Pip,Olympia,Chef&#39;s Choice #10,Losers Semis,2025-04-22 16:30:09+00:00
https://www.youtube.com/watch?v=7vJKyJgax8w,EXL | Prince Fluff,Loxodont,Lulius,Clairen,Chef&#39;s Choice #10,Losers Finals,2025-04-22 16:45:00+00:00
https://www.youtube.com/watch?v=fOiWu81H6vI,HamirTime,Clairen,Rob Gucci,Olympia,Tuesday Trials 185,Losers Semis,2025-04-24 03:09:59+00:00
https://www.youtube.com/watch?v=XD2SalhBc3Y,TimeGear,Fleet,fourside,Ranno,Tuesday Trials 185,Grand Final,2025-04-24 03:10:05+00:00
https://www.youtube.com/watch?v=VZSRpVva18E,Chum,Loxodont,ybm,Wrastor,Immortal Fight Night #221,Wnrs Rd 1,2025-04-24 14:48:00+00:00
https://www.youtube.com/watch?v=dngKZbY9JBY,Frostbite,Olympia,Watherum,Ranno,Immortal Fight Night #221,Wnrs Qrts,2025-04-24 14:48:03+00:00
https://www.youtube.com/watch?v=2vj-MEWyR1E,Reaper,Etalus,Grunk,Zetterburn,Immortal Fight Night #221 Wnrs Semi,,2025-04-24 14:48:06+00:00
https://www.youtube.com/watch?v=vsTwsRGFIK8,Grunk,Zetterburn,Average Alex,Olympia,Immortal Fight Night #221,Wnrs Final,2025-04-24 14:48:10+00:00
https://www.youtube.com/watch?v=O3ZzweNbTqo,Watherum,Ranno,Reaper,Etalus,Immortal Fight Night #221,Lsrs Qrts,2025-04-24 14:48:12+00:00
https://www.youtube.com/watch?v=Fbq7Mlkae_c,Watherum,Ranno,Frostbite,Olympia,Immortal Fight Night #221,Lsrs Semi,2025-04-24 14:48:15+00:00
https://www.youtube.com/watch?v=8Rmm-2O7DPc,Grunk,Zetterburn,Frostbite,Olympia,Immortal Fight Night #221,Lsrs Final,2025-04-24 14:48:17+00:00
https://www.youtube.com/watch?v=iennUKKNV3s,Akabird,Orcane,BLU-CHIPP,Ranno,Ōtautahi Onslaught 2025,Winners Round 1,2025-04-25 07:23:34+00:00
https://www.youtube.com/watch?v=zeFG8htCsyY,AlastairBL,Zetterburn,Akabird,Orcane,Ōtautahi Onslaught 2025,Winners Round 2,2025-04-25 07:26:46+00:00
https://www.youtube.com/watch?v=gaZzi3fDXm8,bigoldchub,Kragg,dragonlei1,Zetterburn,Ōtautahi Onslaught 2025,Winners Round 1,2025-04-25 07:27:19+00:00
https://www.youtube.com/watch?v=HAC08cCoTY0,desmo,Orcane,bigoldchub,Kragg,Ōtautahi Onslaught 2025,Losers Round 3,2025-04-25 07:28:55+00:00
https://www.youtube.com/watch?v=v1jk5jTWiho,desmo,Orcane,Shnurgle,Maypul,Ōtautahi Onslaught 2025,Winners Quarters,2025-04-25 07:29:21+00:00
https://www.youtube.com/watch?v=9zxvcTtUh6U,Fisic,Forsburn,Lilypad,Olympia,Ōtautahi Onslaught 2025,Winners Quarters,2025-04-25 07:30:47+00:00
https://www.youtube.com/watch?v=SgTNtCtvMjU,Fisic,Forsburn,Unladen,Fleet,Ōtautahi Onslaught 2025,Winners Round 2,2025-04-25 07:32:24+00:00
https://www.youtube.com/watch?v=HozIOCrTUXU,La_Lapin,Kragg,AlastairBL,Olympia,Ōtautahi Onslaught 2025,Winners Quarters,2025-04-25 07:35:52+00:00
https://www.youtube.com/watch?v=WqKosmqVI8w,Sharpy,Zetterburn,Sgt_Pepper,Loxodont,Ōtautahi Onslaught 2025,Winners Round 1,2025-04-25 07:36:46+00:00
https://www.youtube.com/watch?v=5cIlWAXXFtA,Viiv,Loxodont,iDeeKay,Zetterburn,Ōtautahi Onslaught 2025,Winners Quarters,2025-04-25 07:38:41+00:00
https://www.youtube.com/watch?v=lCovV2M76Jo,Viiv,Loxodont,Lilypad,Olympia,Ōtautahi Onslaught 2025,Winners Finals,2025-04-25 07:52:20+00:00
https://www.youtube.com/watch?v=yepTdNattFY,AlastairBL,Zetterburn,Lilypad,Olympia,Ōtautahi Onslaught 2025,Winners Semis,2025-04-25 07:52:20+00:00
https://www.youtube.com/watch?v=WLfvEC-mA44,Desmo,Orcane,Shnurgle,Maypul,Ōtautahi Onslaught 2025,Losers Semis,2025-04-25 07:52:20+00:00
https://www.youtube.com/watch?v=WZLN9NKKpww,Desmo,Orcane,Lilypad,Olympia,Ōtautahi Onslaught 2025,Losers Finals,2025-04-25 07:52:20+00:00
https://www.youtube.com/watch?v=ajyvuA6wIQQ,Desmo,Orcane,Viiv,Loxodont,Ōtautahi Onslaught 2025,Grand Finals,2025-04-25 07:52:20+00:00
https://www.youtube.com/watch?v=IfQd3WIOByY,Viiv,Loxodont,Shnurgle,Maypul,Ōtautahi Onslaught 2025,Winners Semis,2025-04-25 07:52:20+00:00
https://www.youtube.com/watch?v=hcb2YVKAmY4,Fisic,Forsburn,Shnurgle,Maypul,Ōtautahi Onslaught 2025,Losers Quarters,2025-04-25 07:52:20+00:00
https://www.youtube.com/watch?v=8uhjdvEYLGM,AlastairBL,Olympia,Desmo,Orcane,Ōtautahi Onslaught 2025,Losers Quarters,2025-04-25 07:52:20+00:00
https://www.youtube.com/watch?v=A0N5pGPA3_Y,iDeeKay,Zetterburn,Desmo,Orcane,Ōtautahi Onslaught 2025,Losers Top 8,2025-04-25 07:52:20+00:00
https://www.youtube.com/watch?v=Lj1g3HrI3xM,Fisic,Forsburn,La_Lapin,Kragg,Ōtautahi Onslaught 2025,Losers Top 8,2025-04-25 07:52:20+00:00
https://www.youtube.com/watch?v=AZTuEUu6ncE,ybm,Wrastor,Sh-Awe,Clairen,Straight Into The Abyss #12,Wnrs Semi,2025-04-25 16:00:23+00:00
https://www.youtube.com/watch?v=KlYQcv3ws3w,Monocle Gentlesir,Maypul,Suture,Ranno,Straight Into The Abyss #12,Wnrs Semi,2025-04-25 16:00:36+00:00
https://www.youtube.com/watch?v=QjzF9MRn7TE,ybm,Wrastor,Monocle Gentlesir,Maypul,Straight Into The Abyss #12,Wnrs Final,2025-04-25 16:00:40+00:00
https://www.youtube.com/watch?v=bMINH3WUx5Q,Sh-Awe,Orcane,Suture,Ranno,Straight Into The Abyss #12,Lsrs Semi,2025-04-25 16:00:54+00:00
https://www.youtube.com/watch?v=dndQSUxZCpo,ybm,Wrastor,Suture,Ranno,Straight Into The Abyss #12,Lsrs Final,2025-04-25 16:00:57+00:00
https://www.youtube.com/watch?v=iFZXXij0fSU,Monocle Gentlesir,Maypul,ybm,Wrastor,Straight Into The Abyss #12,Grand Finals,2025-04-25 16:01:15+00:00
https://www.youtube.com/watch?v=k0yuQ9jRqYE,Luca,Maypul,KindaCupid,Olympia,Double Dunk #24,RR Pools,2025-04-25 19:04:56+00:00
https://www.youtube.com/watch?v=RlvjPFimerE,Ubergronk,Maypul,SoulCombo,Orcane,Double Dunk #24,RR Pools,2025-04-25 19:07:16+00:00
https://www.youtube.com/watch?v=uosALsPIvL4,Ubergronk,Maypul,SeggoAhmet,Olympia,Double Dunk #24,RR Pools,2025-04-25 19:10:11+00:00
https://www.youtube.com/watch?v=qCZ7D3sjE5o,Dream,Fleet,SeggoAhmet,Olympia,Double Dunk #24,RR Pools,2025-04-25 19:14:04+00:00
https://www.youtube.com/watch?v=gWtNu_6hoDY&t=123,Numnums,Fleet,Iamfrogg,Clairen,Wasteland Warriors #22,Winners Round 1,2025-04-25 19:15:26+00:00
https://www.youtube.com/watch?v=gWtNu_6hoDY&t=600,Luna,Olympia,Rocky,Fleet,Wasteland Warriors #22,Winners Quarter-Final,2025-04-25 19:15:26+00:00
https://www.youtube.com/watch?v=gWtNu_6hoDY&t=1200,Farbanti,Clairen,Ash,Wrastor,Wasteland Warriors #22,Winners Quarter-Final,2025-04-25 19:15:26+00:00
https://www.youtube.com/watch?v=gWtNu_6hoDY&t=1999,Luna,Olympia,CPU0,Fleet,Wasteland Warriors #22,Winners Semi-Final,2025-04-25 19:15:26+00:00
https://www.youtube.com/watch?v=gWtNu_6hoDY&t=3000,Plastic Dinos,Zetterburn,Ash,Wrastor,Wasteland Warriors #22,Winners Semi-Final,2025-04-25 19:15:26+00:00
https://www.youtube.com/watch?v=gWtNu_6hoDY&t=3800,Farbanti,Clairen,Iamfrogg,Etalus,Wasteland Warriors #22,Losers Round 3,2025-04-25 19:15:26+00:00
https://www.youtube.com/watch?v=gWtNu_6hoDY&t=4840,Farbanti,Clairen,Luna,Olympia,Wasteland Warriors #22,Losers Quarter-Final,2025-04-25 19:15:26+00:00
https://www.youtube.com/watch?v=gWtNu_6hoDY&t=5400,CPU0,Fleet,Plastic Dinos,Zetterburn,Wasteland Warriors #22,Winners Final,2025-04-25 19:15:26+00:00
https://www.youtube.com/watch?v=gWtNu_6hoDY&t=6923,Ash,Wrastor,Luna,Olympia,Wasteland Warriors #22,Losers Semi-Final,2025-04-25 19:15:26+00:00
https://www.youtube.com/watch?v=gWtNu_6hoDY&t=8000,Plastic Dinos,Zetterburn,Luna,Olympia,Wasteland Warriors #22,Losers Final,2025-04-25 19:15:26+00:00
https://www.youtube.com/watch?v=gWtNu_6hoDY&t=9200,CPU0,Fleet,Plastic Dinos,Zetterburn,Wasteland Warriors #22,Grand Final,2025-04-25 19:15:26+00:00
https://www.youtube.com/watch?v=-DTbZWsZhW4,Dream,Fleet,SoulCombo,Orcane,Double Dunk #24,RR Pools,2025-04-25 19:17:12+00:00
https://www.youtube.com/watch?v=Ln8FMU2FHBQ,KindaCupid,Olympia,Dream,Fleet,Double Dunk #24,Winners Quarters,2025-04-25 19:25:37+00:00
https://www.youtube.com/watch?v=kv39jbcgD5M,Ubergronk,Maypul,Luca,Maypul,Double Dunk #24,Winners Semis,2025-04-25 19:35:56+00:00
https://www.youtube.com/watch?v=T4_L4iVN8Ks,Dream,Fleet,SeggoAhmet,Olympia,Double Dunk #24,Winners Semis,2025-04-25 19:40:16+00:00
https://www.youtube.com/watch?v=cjboOG-FHPM,SeggoAhmet,Olympia,Luca,Maypul,Double Dunk #24,Winners Finals,2025-04-25 19:42:15+00:00
https://www.youtube.com/watch?v=VPvlccqdPVY,Ubergronk,Maypul,Dream,Fleet,Double Dunk #24,Losers Semis,2025-04-25 19:47:03+00:00
https://www.youtube.com/watch?v=Mwi8sVteVfA,Ubergronk,Maypul,Luca,Maypul,Double Dunk #24,Losers Finals,2025-04-25 19:48:36+00:00
https://www.youtube.com/watch?v=pFClMZfGbJ4,SeggoAhmet,Olympia,Luca,Maypul,Double Dunk #24,Grand Finals,2025-04-25 19:50:14+00:00
https://www.youtube.com/watch?v=UPNNh0vWeO4,Swamish,Kragg,ms. horrible,Olympia,Double Dunk #26,Winners Round 1,2025-04-25 21:13:12+00:00
https://www.youtube.com/watch?v=jluNHIhsZGA,Fischnt,Fleet,Luca,Maypul,Double Dunk #26,Winners Quarters,2025-04-25 21:27:47+00:00
https://www.youtube.com/watch?v=YDPZkhdYarQ,Tammy~,Zetterburn,Dream,Fleet,Double Dunk #26,Winners Quarters,2025-04-25 21:31:34+00:00
https://www.youtube.com/watch?v=StOlT26zkkM,Tammy~,Zetterburn,Air | Juno,Maypul,Double Dunk #26,Winners Semis,2025-04-25 21:36:08+00:00
https://www.youtube.com/watch?v=K9sIR0ITbvo,SeggoAhmet,Olympia,Air | Juno,Maypul,Double Dunk #26,Winners Finals,2025-04-25 21:37:47+00:00
https://www.youtube.com/watch?v=bd5KWX1zCD4,Fischnt,Fleet,Tammy~,Zetterburn,Double Dunk #26,Losers Quarters,2025-04-25 21:38:57+00:00
https://www.youtube.com/watch?v=uSA6F6rjkjo,Ubergronk,Maypul,Luca,Maypul,Double Dunk #26,Losers Quarters,2025-04-25 21:42:18+00:00
https://www.youtube.com/watch?v=6eEMwQMnR6g,Tammy~,Zetterburn,Luca,Maypul,Double Dunk #26,Losers Semis,2025-04-25 21:43:27+00:00
https://www.youtube.com/watch?v=MYj3PJRqmqQ,Air | Juno,Maypul,Luca,Maypul,Double Dunk #26,Losers Finals,2025-04-25 21:44:51+00:00
https://www.youtube.com/watch?v=QBoFil6Poac,Air | Juno,Maypul,SeggoAhmet,Olympia,Double Dunk #26,Grand Finals,2025-04-25 21:46:18+00:00
https://www.youtube.com/watch?v=b-nxQaxi24Y,Salt,Zetterburn,Fox,Loxodont,Unc Frozen's Icebox 3,Grand Finals,2025-04-27 03:28:44+00:00
https://www.youtube.com/watch?v=_lGQ_3MSdHs,Drays Winters,Forsburn,Fox,Loxodont,Unc Frozen's Icebox 3,Losers Finals,2025-04-27 03:28:44+00:00
https://www.youtube.com/watch?v=1Q4hPfku1dY,Drays Winters,Forsburn,EOL,Zetterburn,Unc Frozen's Icebox 3,Losers Semis,2025-04-27 03:28:44+00:00
https://www.youtube.com/watch?v=nXIZvJRE-9Y,Salt,Zetterburn,Fox,Loxodont,Unc Frozen's Icebox 3,Winners Finals,2025-04-27 03:28:44+00:00
https://www.youtube.com/watch?v=tRWYPb75k7Y,EOL,Zetterburn,bloge,Olympia,Unc Frozen's Icebox 3,Losers Quarters,2025-04-27 03:28:44+00:00
https://www.youtube.com/watch?v=Xc1IfX8tbWA,EOL,Zetterburn,Salt,Zetterburn,Unc Frozen's Icebox 3,Winners Semis,2025-04-27 03:28:44+00:00
https://www.youtube.com/watch?v=J7c8zcTdd9o,Drays Winters,Forsburn,Fox,Loxodont,Unc Frozen's Icebox 3,Winners Semis,2025-04-27 03:28:44+00:00
https://www.youtube.com/watch?v=ZQpSZKI452w,RagM,Wrastor,Pool,Maypul,Town Hall #4,Round Robin,2025-04-28 06:11:21+00:00
https://www.youtube.com/watch?v=lnbQIYX8sCw,Brook,Fleet,Edgar,Zetterburn,Town Hall #4,Round Robin,2025-04-28 06:12:25+00:00
https://www.youtube.com/watch?v=wlBvtoN2dys,Astrocat,Kragg,M8,Forsburn,Town Hall #4,Round Robin,2025-04-28 06:13:38+00:00
https://www.youtube.com/watch?v=OpsKeuGP0uA,Morio,Loxodont,Han Sholo,Etalus,Town Hall #4,Round Robin,2025-04-28 06:14:48+00:00
https://www.youtube.com/watch?v=Sjuxp77e-AY,Astrocat,Olympia,Edgar,Fleet,Town Hall #4,Round Robin,2025-04-28 06:15:40+00:00
https://www.youtube.com/watch?v=hz9hEbnUtP4,Morio,Loxodont,Lalo2$$,Fleet,Town Hall #4,Round Robin,2025-04-28 06:16:54+00:00
https://www.youtube.com/watch?v=oh5x81ZZRTw,Morio,Loxodont,Astrocat,Orcane,Town Hall #4,Final Bracket,2025-04-28 06:18:05+00:00
https://www.youtube.com/watch?v=HKp8cwwizyM,Morio,Loxodont,M8,Forsburn,Town Hall #4,Grand Final,2025-04-28 06:19:11+00:00
https://www.youtube.com/watch?v=CxY33EHZ7kM,Astrocat,Olympia,Pool,Maypul,Town Hall #4,Round Robin,2025-04-28 06:20:19+00:00
https://www.youtube.com/watch?v=bHkUJEpnZ1k,CORA,Ranno,BROLY,Loxodont,DIAMOND DUST 2,Grand Final RESET,2025-04-28 08:19:39+00:00
https://www.youtube.com/watch?v=9ImPbscWlAY,MAD_POOPS,Olympia,BROLY,Loxodont,DIAMOND DUST 2,Losers SEMI-Final,2025-04-28 08:19:39+00:00
https://www.youtube.com/watch?v=ICLv2N45cZg,HALCYON,Zetterburn,CORA,Ranno,DIAMOND DUST 2,Winners SEMI-Final,2025-04-28 08:19:39+00:00
https://www.youtube.com/watch?v=3v21aO4Bjns,MAD_POOPS,Olympia,ECLIPZ,Orcane,DIAMOND DUST 2,Losers QUARTER-Final,2025-04-28 08:19:39+00:00
https://www.youtube.com/watch?v=OnyeGbgTWJA,HFC | HROWNORC,Wrastor,BROLY,Loxodont,DIAMOND DUST 2,Losers Final,2025-04-28 08:19:39+00:00
https://www.youtube.com/watch?v=Mm0u_Lmn2R4,MR. MONDAY,Forsburn,CORA,Ranno,DIAMOND DUST 2,Winners QUARTER-Final,2025-04-28 08:19:39+00:00
https://www.youtube.com/watch?v=LCbPQqwqIaA,KAIWOE,Ranno,HFCC - THROWNORC,Wrastor,DIAMOND DUST 2,Winners Round 1,2025-04-28 08:19:39+00:00
https://www.youtube.com/watch?v=FfQ0WZcCmuw,MAD_POOPS,Olympia,HFCC | THROWNORC,Wrastor,DIAMOND DUST 2,WINNER SEMI-Final,2025-04-28 08:19:39+00:00
https://www.youtube.com/watch?v=B9WP9w8ydIY,HFCC | THROWNORC,Wrastor,BROLY,Loxodont,DIAMOND DUST 2,Winners QUARTER Final,2025-04-28 08:19:39+00:00
https://www.youtube.com/watch?v=modsHHdN4eE,CORA,Ranno,HFCC | THROWNORC,Wrastor,DIAMOND DUST 2,Winners Final,2025-04-28 08:19:40+00:00
https://www.youtube.com/watch?v=ws_9HGRIgPo,SSBMVegeta | Politude,Olympia,Fischnt,Fleet,Triple Dunk #2,Winners Round 2,2025-04-28 20:32:20+00:00
https://www.youtube.com/watch?v=6SNaRYYJpeE,erickson,Zetterburn,Aura | Johnwick3,Clairen,Triple Dunk #2,Winners Round 2,2025-04-28 20:35:39+00:00
https://www.youtube.com/watch?v=vyXmhv7pivE,Luca,Maypul,Watermint,Kragg,Triple Dunk #2,Winners Quarters,2025-04-28 20:40:39+00:00
https://www.youtube.com/watch?v=NFKFIIlWkQg,Fischnt,Fleet,SeggoAhmet,Olympia,Triple Dunk #2,Winners Quarters,2025-04-28 20:41:51+00:00
https://www.youtube.com/watch?v=wsPIzAuERd4,SQUAWK! | BioBirb,Wrastor,Air | Juno,Maypul,Triple Dunk #2,Winners Semis,2025-04-28 20:48:39+00:00
https://www.youtube.com/watch?v=e4HYU1TS4sw,Luca,Maypul,SeggoAhmet,Olympia,Triple Dunk #2,Winners Semis,2025-04-28 20:49:56+00:00
https://www.youtube.com/watch?v=JoRgBJtbPTE,Evil Gang | Tammy~,Zetterburn,SSBMVegeta | Politude,Olympia,Triple Dunk #2,Losers Round 4,2025-04-28 20:51:29+00:00
https://www.youtube.com/watch?v=IPJJGPVb8Ig,Fischnt,Fleet,Watermint,Kragg,Triple Dunk #2,Losers Round 4,2025-04-28 20:52:42+00:00
https://www.youtube.com/watch?v=RqLCyL1k7h4,Evil Gang | Tammy~,Zetterburn,Luca,Maypul,Triple Dunk #2,Losers Quarters,2025-04-28 20:54:29+00:00
https://www.youtube.com/watch?v=Q9t-c8hH9Xg,Watermint,Kragg,Air | Juno,Maypul,Triple Dunk #2,Losers Quarters,2025-04-28 20:55:35+00:00
https://www.youtube.com/watch?v=6FcAgqTQ0Tc,SeggoAhmet,Olympia,SQUAWK! | BioBirb,Wrastor,Triple Dunk #2,Winners Finals,2025-04-28 20:57:21+00:00
https://www.youtube.com/watch?v=8emwBMfnEZE,Evil Gang | Tammy~,Zetterburn,Air | Juno,Maypul,Triple Dunk #2,Losers Semis,2025-04-28 20:58:24+00:00
https://www.youtube.com/watch?v=ezH9jvplvHU,SQUAWK! | BioBirb,Wrastor,Air | Juno,Maypul,Triple Dunk #2,Losers Finals,2025-04-28 20:59:38+00:00
https://www.youtube.com/watch?v=jHN4i39-L20,SQUAWK! | BioBirb,Ranno,SeggoAhmet,Olympia,Triple Dunk #2,Grand Finals,2025-04-28 21:01:51+00:00
https://www.youtube.com/watch?v=d6AozrMEgbU,Monocle Gentlesir,Maypul,leggy145,Kragg,Immortal Fight Night #222,Wnrs Qrts,2025-04-29 02:57:57+00:00
https://www.youtube.com/watch?v=ti1M2eyQ7O8,Watherum,Ranno,Sourkroutt,Clairen,Immortal Fight Night #222,Wnrs Semi,2025-04-29 02:57:59+00:00
https://www.youtube.com/watch?v=AxJL-rSdpm8,ybm,Wrastor,Monocle Gentlesir,Maypul,Immortal Fight Night #222 Wnrs Semi,,2025-04-29 02:58:01+00:00
https://www.youtube.com/watch?v=4nJm1-isBs0,Watherum,Ranno,ybm,Wrastor,Immortal Fight Night #222 Wnrs Final,,2025-04-29 02:58:03+00:00
https://www.youtube.com/watch?v=UD-I7OvQ0cg,Monocle Gentlesir,Maypul,Sourkroutt,Clairen,Immortal Fight Night #222 Lsrs Semi,,2025-04-29 02:58:05+00:00
https://www.youtube.com/watch?v=8qqRQrrpBoo,Monocle Gentlesir,Maypul,ybm,Wrastor,Immortal Fight Night #222,Lsrs Final,2025-04-29 02:58:07+00:00
https://www.youtube.com/watch?v=J84QgAUUI9g,Watherum,Ranno,Monocle Gentlesir,Maypul,Immortal Fight Night #222,Grand Final,2025-04-29 02:58:09+00:00
https://www.youtube.com/watch?v=XP1pGuAIVvE,SQWK! | BioBirb,Wrastor,ZeusDahGoose,Kragg,Monthly of Aether #6,Winners Finals,2025-04-29 17:09:46+00:00
https://www.youtube.com/watch?v=6-9Y49kmi8E,Neylax,Olympia,Cone,Clairen,Monthly of Aether #6,EU Winners Finals,2025-04-29 17:09:46+00:00
https://www.youtube.com/watch?v=P-ph_DKlFgs,Flamberik,Loxodont,Impasse,Zetterburn,Monthly of Aether #6,EU Losers Semifinals,2025-04-29 17:09:46+00:00
https://www.youtube.com/watch?v=1znjiqnsfRY,Vulkan,Kragg,RSN | Frenzy,Clairen,Monthly of Aether #6,EU Pools,2025-04-29 17:09:46+00:00
https://www.youtube.com/watch?v=Jwowl_pUwws,VGBC | GimR,Ranno,Meow,Maypul,Monthly of Aether #6,Pools,2025-04-29 17:09:46+00:00
https://www.youtube.com/watch?v=WbAeABvqBw8,ZeusDahGoose,Kragg,AoC | Acorn,Zetterburn,Monthly of Aether #6,Winners Quarterfinals,2025-04-29 17:09:46+00:00
https://www.youtube.com/watch?v=AfMFHkLJ7Xk,Neylax,Olympia,Cone,Clairen,Monthly of Aether #6,EU Grand Finals,2025-04-29 17:09:46+00:00
https://www.youtube.com/watch?v=hlbF1SZJ3PI,Sophilo,Zetterburn,SQWK! | BioBirb,Ranno,Monthly of Aether #6,Losers Finals,2025-04-29 17:09:49+00:00
https://www.youtube.com/watch?v=neW4fFCFtQU,Sophilo,Zetterburn,PiggyG,Clairen,Monthly of Aether #6,Losers Semifinals,2025-04-29 17:09:49+00:00
https://www.youtube.com/watch?v=YHDE6725Rdw,Neylax,Olympia,Impasse,Zetterburn,Monthly of Aether #6,EU Losers Finals,2025-04-29 17:09:49+00:00
https://www.youtube.com/watch?v=iu-xt9T-19M,Bbatts,Fleet,SQWK! | BioBirb,Wrastor,Monthly of Aether #6,Winners Semifinals,2025-04-29 17:09:49+00:00
https://www.youtube.com/watch?v=lWKck-Dq8a8,Sothe,Wrastor,Games &amp; Flames,Fleet,Monthly of Aether #6,Pools,2025-04-29 17:09:49+00:00
https://www.youtube.com/watch?v=qqlUJTZsCBg,Focus Miss,Ranno,Solid,Zetterburn,Monthly of Aether #6,EU Winners Quarterfinals,2025-04-29 17:09:49+00:00
https://www.youtube.com/watch?v=tj6vnbjzDNc,AoC | Acorn,Zetterburn,Iota,Olympia,Monthly of Aether #6,Pools,2025-04-29 17:09:49+00:00
https://www.youtube.com/watch?v=iU8-H_x4LUE,Sveni,Etalus,WhatIsAHitbox,Olympia,Monthly of Aether #6,EU Pools,2025-04-29 17:09:49+00:00
https://www.youtube.com/watch?v=p-l9TCwg7Ag,ZeusDahGoose,Kragg,SQWK! | BioBirb,Kragg,Monthly of Aether #6,Grand Finals,2025-04-29 17:09:49+00:00
https://www.youtube.com/watch?v=wbVr2rgG4Mc,toothbrush,Ranno,ZeusDahGoose,Kragg,Monthly of Aether #6,Winners Semifinals,2025-04-29 17:09:51+00:00
https://www.youtube.com/watch?v=1knFalKUhhU,Kyb,Fleet,jorgulon,Olympia,Zeekly #2,Learners Round 5,2025-05-01 20:07:17+00:00
https://www.youtube.com/watch?v=6qsgYmeSAiE,Quack,Ranno,Natysolo,Orcane,Zeekly #2,Winners Round 1,2025-05-01 20:07:59+00:00
https://www.youtube.com/watch?v=yfcLCGI_YpY,Ant,Ranno,shiv,Loxodont,Zeekly #2,Winners Round 2,2025-05-01 20:11:02+00:00
https://www.youtube.com/watch?v=pi9e1Mx2GaE,Sophilo,Zetterburn,Godly,Ranno,Zeekly #2,Winners Round 2,2025-05-01 20:11:46+00:00
https://www.youtube.com/watch?v=tWY3_Tl2ohQ,Nard,Clairen,malk,Kragg,Zeekly #2,Winners Quarter Final,2025-05-01 20:13:47+00:00
https://www.youtube.com/watch?v=4V7My_Pqfk4,Nard,Clairen,Lucio,Zetterburn,Zeekly #2,Learners Round 4,2025-05-01 20:14:24+00:00
https://www.youtube.com/watch?v=MvpN0sh4k7Q,Sophilo,Zetterburn,Humanlime,Olympia,Zeekly #2,Grand Finals,2025-05-01 20:15:11+00:00
https://www.youtube.com/watch?v=MwVBEsdsq8I,humanlime,Olympia,jorgulon,Olympia,Zeekly #2,Losers Semi Final,2025-05-01 20:15:54+00:00
https://www.youtube.com/watch?v=BQdx80BVkoY,malk,Kragg,humanlime,Olympia,Zeekly #2,Learners Finals,2025-05-01 20:16:48+00:00
https://www.youtube.com/watch?v=99ClTTcM5Fk,Sophilo,Zetterburn,humanline,Olympia,Zeekly #2,Winners Semi Final,2025-05-01 20:17:36+00:00
https://www.youtube.com/watch?v=feYjhl4Sbwg,Sophilo,Zetterburn,Cakeassault,Forsburn,Zeekly #2,Thug Finals,2025-05-01 20:18:35+00:00
https://www.youtube.com/watch?v=erD8bmmf53o,Ant,Ranno,malk,Kragg,Zeekly #2,Winners Semi Final,2025-05-01 20:19:12+00:00
https://www.youtube.com/watch?v=5e_c4JnspPE,Sophilo,Zetterburn,malk,Kragg,Zeekly #2,Winners Finals,2025-05-01 20:19:53+00:00
https://www.youtube.com/watch?v=tpnBIp_Fu58,Astrocat,Olympia,SinnerG,Clairen,Town Hall #5,Round Robin,2025-05-01 23:50:52+00:00
https://www.youtube.com/watch?v=8Q_87ZVBpFE,C3PO,Zetterburn,Ware,Zetterburn,Town Hall #5,Final Bracket,2025-05-01 23:51:32+00:00
https://www.youtube.com/watch?v=YWK2RseK_l8,C3PO,Zetterburn,Pool,Maypul,Town Hall #5,Grand Final,2025-05-01 23:52:03+00:00
https://www.youtube.com/watch?v=dx-krMfDqwQ,Pool,Maypul,BULO,Loxodont,Town Hall #5,Round Robin,2025-05-01 23:53:44+00:00
https://www.youtube.com/watch?v=OS2b9PYQeLw,aikor,Ranno,Crucito,Kragg,Town Hall #5,Round Robin,2025-05-01 23:54:31+00:00
https://www.youtube.com/watch?v=2SR8yLlqzUk,Kala,Ranno,SinnerG,Clairen,Town Hall #5,Round Robin,2025-05-01 23:55:19+00:00
https://www.youtube.com/watch?v=LjG_9QkGREY,Piccorito,Ranno,BULO,Loxodont,Town Hall #5,Round Robin,2025-05-01 23:56:15+00:00
https://www.youtube.com/watch?v=5h3pLD2rKRE,Ware,Zetterburn,BULO,Loxodont,Town Hall #5,Round Robin,2025-05-01 23:56:50+00:00
https://www.youtube.com/watch?v=gLbY18Lp-h4,Pool,Maypul,DeltaKnightmare,Clairen,Town Hall #5,Final Bracket,2025-05-01 23:57:30+00:00
https://www.youtube.com/watch?v=OvxxIAH-TzQ,DeltaKnightmare,Clairen,Zaikor,Zetterburn,Town Hall #5,Round Robin,2025-05-01 23:58:10+00:00
https://www.youtube.com/watch?v=j0HSacMFD1k,Quinn,Orcane,SongOfChaos,Clairen,Run The Rivals #11,Winners R1,2025-05-06 03:56:09+00:00
https://www.youtube.com/watch?v=Rk1rpZSrqFQ,Sean Sorey,Clairen,Dadzie,Clairen,Run The Rivals #11,Winners Quarters,2025-05-06 03:56:22+00:00
https://www.youtube.com/watch?v=XYUPqv2oFfc,Wisely,Maypul,Clarity,Ranno,Run The Rivals #11,Losers R1,2025-05-06 03:56:59+00:00
https://www.youtube.com/watch?v=jyFvuWiQoiY,Dadzie,Clairen,SongOfChaos,Clairen,Run The Rivals #11,Losers R2,2025-05-06 03:57:03+00:00
https://www.youtube.com/watch?v=6W-4iqVazKE,Sean Sorey,Clairen,Landon,Clairen,Run The Rivals #11,Winners Semis,2025-05-06 03:57:05+00:00
https://www.youtube.com/watch?v=-Bly3Jv9ddc,Failbot,Kragg,Franzwa,Etalus,Run The Rivals #11,Winners Semis,2025-05-06 03:57:11+00:00
https://www.youtube.com/watch?v=OZCH3kx6ao8,Failbot,Kragg,Landon,Clairen,Run The Rivals #11,Winners Finals,2025-05-06 03:57:24+00:00
https://www.youtube.com/watch?v=qTzJEuIR3wA,Franzwa,Etalus,Sean Sorey,Clairen,Run The Rivals #11,Losers Semis,2025-05-06 03:57:42+00:00
https://www.youtube.com/watch?v=LdTvyNgaL78,Franzwa,Etalus,Etalus,Clairen,Run The Rivals #11,Losers Finals,2025-05-06 03:57:44+00:00
https://www.youtube.com/watch?v=BVvZBNxe0LE,Franzwa,Etalus,Failbot,Clairen,Run The Rivals #11,Grand Finals - Franzwa,2025-05-06 03:58:09+00:00
https://www.youtube.com/watch?v=LEK1FnXnCnc,Watherum,Ranno,ybm,Wrastor,Immortal Fight Night #223 Wnrs Final,,2025-05-06 03:59:37+00:00
https://www.youtube.com/watch?v=v_H09c587ao,Monocle Gentlesir,Maypul,QE,Clairen,Immortal Fight Night #223,Lsrs Semi,2025-05-06 03:59:39+00:00
https://www.youtube.com/watch?v=RrhmNYbNVtM,Watherum,Ranno,ybm,Wrastor,Immortal Fight Night #223,Grand Final,2025-05-06 03:59:43+00:00
https://www.youtube.com/watch?v=_PY-SPmVUQw,FPZ,Maypul,Lord Sturm,Kragg,OutRivaled: Max&#39;s Birthday Bash,Round Robin Pools,2025-05-07 04:01:59+00:00
https://www.youtube.com/watch?v=1CictDC_Fc0,Cherry,Fleet,ProZ,Maypul,OutRivaled: Max&#39;s Birthday Bash,Winners Quarters,2025-05-07 04:03:38+00:00
https://www.youtube.com/watch?v=8e1coMnNNKo,rat,Zetterburn,ProZ,Maypul,OutRivaled: Max&#39;s Birthday Bash,Round Robin Pools,2025-05-07 04:03:48+00:00
https://www.youtube.com/watch?v=nyo6ic9De1k,Star,Clairen,Frosty,Olympia,OutRivaled: Max&#39;s Birthday Bash,Winners Semifinals,2025-05-07 04:03:54+00:00
https://www.youtube.com/watch?v=35Ugy0Gk-YA,FPZ,Maypul,Star,Clairen,OutRivaled: Max&#39;s Birthday Bash,Round Robin Pools,2025-05-07 04:05:38+00:00
https://www.youtube.com/watch?v=TvrYbVrqL2I,Kits,Ranno,Serris,Ranno,OutRivaled: Max&#39;s Birthday Bash,Round Robin Pools,2025-05-07 04:06:38+00:00
https://www.youtube.com/watch?v=E9WadX_kQeA,FPZ,Maypul,ProZ,Maypul,OutRivaled: Max&#39;s Birthday Bash,Losers Finals,2025-05-07 04:08:14+00:00
https://www.youtube.com/watch?v=iXTzwz9mS4w,Frosty,Olympia,FPZ,Maypul,OutRivaled: Max&#39;s Birthday Bash,Winners Finals,2025-05-07 04:08:57+00:00
https://www.youtube.com/watch?v=nSt_dYGiBKg,Frosty,Olympia,Serris,Ranno,OutRivaled: Max&#39;s Birthday Bash,Round Robin Pools,2025-05-07 04:09:06+00:00
https://www.youtube.com/watch?v=qqjBwuzaUqk,Lord Sturm,Kragg,Pinden,Loxodont,OutRivaled: Max&#39;s Birthday Bash,Round Robin Pools,2025-05-07 04:12:01+00:00
https://www.youtube.com/watch?v=N5EwISeZKrk,Serris,Ranno,rat,Zetterburn,OutRivaled: Max&#39;s Birthday Bash,Round Robin Pools,2025-05-07 04:13:37+00:00
https://www.youtube.com/watch?v=8geQEZrNtb8,Star,Clairen,Kits,Ranno,OutRivaled: Max&#39;s Birthday Bash,Losers Quarters,2025-05-07 04:15:55+00:00
https://www.youtube.com/watch?v=zSURg2EJTAw,Lord Sturm,Kragg,Star,Clairen,OutRivaled: Max&#39;s Birthday Bash,Round Robin Pools,2025-05-07 04:27:28+00:00
https://www.youtube.com/watch?v=J_ONVd69Qdc,Nck,Clairen,Magma,Wrastor,R2AS #1,Pools Winners Round 1,2025-05-08 17:05:54+00:00
https://www.youtube.com/watch?v=8IzEE_QJIZU,ilikepizza107,Forsburn,Uxer,Orcane,R2AS #1,Pools Winners Round 2,2025-05-08 17:06:18+00:00
https://www.youtube.com/watch?v=TU1jQZN70iQ,ãƒˆãƒ¼ãƒ«,Fleet,kapl,Clairen,R2AS #1,Pools Winners Round 2,2025-05-08 17:06:56+00:00
https://www.youtube.com/watch?v=Aq4aIZb-Rts,FULLY NAKED @ THE URINAL,Zetterburn,Sidereus,Fleet,R2AS #1,Pools Winners Semis,2025-05-08 17:10:18+00:00
https://www.youtube.com/watch?v=NX6QAXvB9Yg,AZCards,Kragg,Naz,Olympia,R2AS #1,Pools Winners Semis,2025-05-08 17:11:46+00:00
https://www.youtube.com/watch?v=a2ydlSrPSaU,Alruna,Ranno,Scallion,Orcane,R2AS #1,Extra Credit Pools,2025-05-08 17:12:37+00:00
https://www.youtube.com/watch?v=NCcL_bt16nc,Farfellelo,Maypul,Tanin,Kragg,R2AS #1,Extra Credit Losers Finals,2025-05-08 17:32:12+00:00
https://www.youtube.com/watch?v=RuLyGb8maP4,Farfellelo,Maypul,ColossalMini,Fleet,R2AS #1,Extra Credit Losers Semis,2025-05-08 17:32:20+00:00
https://www.youtube.com/watch?v=hBySgFXD7Qo,Akoi,Loxodont,Tanin,Kragg,R2AS #1,Extra Credit Winners Finals,2025-05-08 17:32:28+00:00
https://www.youtube.com/watch?v=TyqTDLHHc7Q,Da_D3_Dude,Loxodont,Alruna,Ranno,R2AS #1,Extra Credit Losers Top 8,2025-05-08 17:32:46+00:00
https://www.youtube.com/watch?v=NioENXw_FIc,Farfellelo,Maypul,Akoi,Loxodont,R2AS #1,Extra Credit Winners Semis,2025-05-08 17:33:01+00:00
https://www.youtube.com/watch?v=3PTusRS1xhQ,Bismarck,Loxodont,Tanin,Kragg,R2AS #1,Extra Credit Winners Semis,2025-05-08 17:33:16+00:00
https://www.youtube.com/watch?v=6OIf4z-Ng5Q,Farfellelo,Maypul,Uxer,Orcane,R2AS #1,Extra Credit Pools,2025-05-08 17:33:24+00:00
https://www.youtube.com/watch?v=N-mFqzVRaHk,pillsbury doegirl,Zetterburn,Tanin,Kragg,R2AS #1,Extra Credit Pools,2025-05-08 17:33:32+00:00
https://www.youtube.com/watch?v=TG7NKT86EcI,Akoi,Loxodont,Puff,Maypul,R2AS #1,Extra Credit Pools,2025-05-08 17:33:40+00:00
https://www.youtube.com/watch?v=GebugLgBOOs,tree,Maypul,AT46,Olympia,R2AS #1,Extra Credit Pools,2025-05-08 17:33:48+00:00
https://www.youtube.com/watch?v=b8yqTWymYnc,vEchoes,Loxodont,Monthu,Ranno,R2AS #1,Pools Winners Quarters,2025-05-08 17:34:54+00:00
https://www.youtube.com/watch?v=W7Ft-4EedOQ,Syzygy,Maypul,SapphireGD,Zetterburn,R2AS #1,Winners Quarters,2025-05-08 17:35:01+00:00
https://www.youtube.com/watch?v=FM9CbwY7mhQ,Syzygy,Maypul,Mr Y?,Olympia,R2AS #1,Pools Winners Semis,2025-05-08 17:35:09+00:00
https://www.youtube.com/watch?v=aEK9azk8FKw,Sidereus,Fleet,SapphireGD,Zetterburn,R2AS #1,Top 8 Winners Semis,2025-05-08 17:35:18+00:00
https://www.youtube.com/watch?v=A8410Pj58OI,SapphireGD,Zetterburn,Naz,Ranno,R2AS #1,Top 8 Winners Finals,2025-05-08 17:35:26+00:00
https://www.youtube.com/watch?v=zn4qYZ5XbHw,SapphireGD,Zetterburn,Monthu,Ranno,R2AS #1,Top 8 Grand Finals,2025-05-08 17:35:38+00:00
https://www.youtube.com/watch?v=0MMwRz5IYjw,Monthu,Ranno,Naz,Olympia,R2AS #1,Top 8 Losers Finals,2025-05-08 17:35:45+00:00
https://www.youtube.com/watch?v=AsxPvX688TY,Monthu,Ranno,Bowler,Clairen,R2AS #1,Top 8 Losers Semis,2025-05-08 17:35:52+00:00
https://www.youtube.com/watch?v=GAxPsuqVlOU,Matador,Wrastor,Alkali,Orcane,R2AS #1,Pools Winners Semis,2025-05-08 17:36:00+00:00
https://www.youtube.com/watch?v=gF-KDXauQrQ,Bowler,Clairen,Sidereus,Fleet,R2AS #1,Top 8 Losers Quarters,2025-05-08 17:36:08+00:00
https://www.youtube.com/watch?v=h_Hi7sLBMU8,Landkon,Loxodont,Monthu,Ranno,R2AS #1,Losers Top 8,2025-05-08 17:36:16+00:00
https://www.youtube.com/watch?v=CxzWfkqhqzo,ColossalMini,Fleet,AZCards,Kragg,R2AS #1,Pools Winners Round 2,2025-05-08 17:36:24+00:00
https://www.youtube.com/watch?v=U5QzqtD-bZ8,Bowler,Clairen,Zeoark,Forsburn,R2AS #1,Losers Top 8,2025-05-08 17:36:35+00:00
https://www.youtube.com/watch?v=7sexDQxOuPE,Alkali,Orcane,Zeoark,Forsburn,R2AS #1,Winners Quarters,2025-05-08 17:36:42+00:00
https://www.youtube.com/watch?v=aF3ZiOhmYXU,Alkali,Orcane,Naz,Ranno,R2AS #1,Top 8 Winners Semis,2025-05-08 17:36:49+00:00
https://www.youtube.com/watch?v=kZBwAi3ER5I,Alkali,Orcane,Monthu,Ranno,R2AS #1,Top 8 Losers Quarters,2025-05-08 17:36:55+00:00
https://www.youtube.com/watch?v=kneEUAr42Ec,Pritah,Forsburn,CachorrÃ£o,Loxodont,Rivalote de OtoÃ±o '25,Winners Round 1,2025-05-09 10:40:59+00:00
https://www.youtube.com/watch?v=3w-eWKEG7nc,Pato,Fleet,Mint,Olympia,Rivalote de OtoÃ±o '25,Winners Round 1,2025-05-09 10:41:16+00:00
https://www.youtube.com/watch?v=udIlGHf1eUE,Salieri,Loxodont,Francokiwi,Zetterburn,Rivalote de OtoÃ±o '25,Winners Quarters,2025-05-09 10:41:34+00:00
https://www.youtube.com/watch?v=7iLBvvM3nww,Vodokex,Forsburn,Lazerth,Fleet,Rivalote de OtoÃ±o '25,Winners Quarters,2025-05-09 10:41:54+00:00
https://www.youtube.com/watch?v=mjonZWVPELA,CachorrÃ£o,Loxodont,Francokiwi,Zetterburn,Rivalote de OtoÃ±o '25,Winners Semis,2025-05-09 10:42:12+00:00
https://www.youtube.com/watch?v=xGGXKCLLSow,Mitsu,Clairen,Lazerth,Fleet,Rivalote de OtoÃ±o '25,Winners Semis,2025-05-09 10:42:29+00:00
https://www.youtube.com/watch?v=008Jd7sgiTc,Mitsu,Clairen,CachorrÃ£o,Loxodont,Rivalote de OtoÃ±o '25,Winners Finals,2025-05-09 10:42:56+00:00
https://www.youtube.com/watch?v=9XnihHmXrls,Mint,Orcane,Salieri,Loxodont,Rivalote de OtoÃ±o '25,Losers Round 3,2025-05-09 10:43:15+00:00
https://www.youtube.com/watch?v=vaGHHN9OS9g,Mint,Maypul,Lazerth,Fleet,Rivalote de OtoÃ±o '25,Losers Quarters,2025-05-09 10:43:35+00:00
https://www.youtube.com/watch?v=_5L6_C2fOxs,Francokiwi,Zetterburn,Catwo,Etalus,Rivalote de OtoÃ±o '25,Losers Quarters,2025-05-09 10:43:54+00:00
https://www.youtube.com/watch?v=Sf0KweJlBlM,Francokiwi,Zetterburn,Mint,Olympia,Rivalote de OtoÃ±o '25,Losers Semis,2025-05-09 10:44:13+00:00
https://www.youtube.com/watch?v=UhAaI6xBw-c,CachorrÃ£o,Loxodont,Mint,Maypul,Rivalote de OtoÃ±o '25,Losers Finals,2025-05-09 10:44:30+00:00
https://www.youtube.com/watch?v=ttHuGep3zIM,Mitsu,Clairen,CachorrÃ£o,Loxodont,Rivalote de OtoÃ±o '25,Grand Finals,2025-05-09 10:44:50+00:00
https://www.youtube.com/watch?v=879bUOfTqu8,Reaper,Etalus,Suture,Ranno,Straight Into The Abyss #13,Wnrs Semi,2025-05-09 16:00:14+00:00
https://www.youtube.com/watch?v=A1Is4t2BtE4,Monocle Gentlesir,Maypul,Godly,Ranno,Straight Into The Abyss #13,Wnrs Semi,2025-05-09 16:00:14+00:00
https://www.youtube.com/watch?v=h0Kw6N82Cno,Reaper,Etalus,Godly,Ranno,Straight Into The Abyss #13,Wnrs Final,2025-05-09 16:01:08+00:00
https://www.youtube.com/watch?v=b-tH3Dz0f2g,Stills,Etalus,DominoDropkix,Olympia,Champions of Asia #17,Winners Round 1,2025-05-10 05:01:16+00:00
https://www.youtube.com/watch?v=wvk1cTdPgFM,Porqpine21,Zetterburn,AcidAss,Wrastor,Champions of Asia #17,Winners Round 2,2025-05-10 05:01:16+00:00
https://www.youtube.com/watch?v=GipoBFPpcOQ,Porqpine21,Zetterburn,asthma,Olympia,Champions of Asia #17,Winners Semi Final,2025-05-10 05:01:16+00:00
https://www.youtube.com/watch?v=OlXLm3fTWsY,Porqpine21,Zetterburn,Kaybee,Clairen,Champions of Asia #17,Winners Final,2025-05-10 05:01:16+00:00
https://www.youtube.com/watch?v=UpDPNFR28Pc,B2,Clairen,AcidAss,Wrastor,Champions of Asia #17,Losers Quarter Final (Game 1 missing),2025-05-10 05:01:16+00:00
https://www.youtube.com/watch?v=bVi0G3yakuI,Stills,Etalus,Eros,Olympia,Champions of Asia #17,Losers Semi Final,2025-05-10 05:01:16+00:00
https://www.youtube.com/watch?v=Z7RZDxBoGug,Porqpine21,Zetterburn,Stills,Wrastor,Champions of Asia #17,Losers Final,2025-05-10 05:01:16+00:00
https://www.youtube.com/watch?v=EeMdCjTMhuM,Porqpine21,Zetterburn,Kaybee,Clairen,Champions of Asia #17,Grand Final,2025-05-10 05:01:16+00:00
https://www.youtube.com/watch?v=evZQtacw7zc,Ngak,Olympia,Waygukin,Fleet,Champions of Asia #18,Winners Round 1,2025-05-10 05:01:44+00:00
https://www.youtube.com/watch?v=DAaZ1mX6V5k,Ngak,Olympia,Ã¦vidd,Zetterburn,Champions of Asia #18,Winners Round 2,2025-05-10 05:01:44+00:00
https://www.youtube.com/watch?v=BKS1TBdVML4,Ã¦vidd,Zetterburn,asthma,Kragg,Champions of Asia #18,Winners Final,2025-05-10 05:01:44+00:00
https://www.youtube.com/watch?v=8hY5TZzuVQI,NoStyleNoGrace,Olympia,Ngak,Olympia,Champions of Asia #18,Losers Semi Final,2025-05-10 05:01:44+00:00
https://www.youtube.com/watch?v=BxT60zlkMxY,Ã¦vidd,Zetterburn,Ngak,Olympia,Champions of Asia #18,Losers Final,2025-05-10 05:01:44+00:00
https://www.youtube.com/watch?v=1OG68H4wxAo,asthma,Kragg,Ngak,Olympia,Champions of Asia #18,Grand Final,2025-05-10 05:01:44+00:00
https://www.youtube.com/watch?v=CMFouEVXV1c,Simon,Zetterburn,fletcher,Forsburn,R2AS #2,Top 8 Winners Semis,2025-05-10 07:00:05+00:00
https://www.youtube.com/watch?v=8IrUmMl0Se8,Astra,Maypul,Syzygy,Maypul,R2AS #2,Top 8 Losers Quarters,2025-05-10 07:01:16+00:00
https://www.youtube.com/watch?v=4y7HNM72X3M,Jorgulon,Olympia,elkiies,Maypul,Zeekly #4,Learner's Round 3,2025-05-12 21:54:36+00:00
https://www.youtube.com/watch?v=LKvjQFyuknU,Sophilo,Zetterburn,Okzz,Loxodont,Zeekly #4,Winners Semi Finals,2025-05-12 22:14:52+00:00
https://www.youtube.com/watch?v=G_4GZTbKNgY,I0N,Kragg,Biobirb,Wrastor,Zeekly #4,Winners Semi Finals,2025-05-12 22:23:12+00:00
https://www.youtube.com/watch?v=DZhzJNwFW5E,mattheus,Loxodont,elkiies,Maypul,Zeekly #4,Learner's Top 8,2025-05-12 22:29:28+00:00
https://www.youtube.com/watch?v=U7xQTB_xxaw,Goljee,Ranno,bin,Maypul,Zeekly #4,Learner's Top 8,2025-05-12 22:31:38+00:00
https://www.youtube.com/watch?v=znZ7lZLO_bg,Okzz,Loxodont,Elkiies,Maypul,Zeekly #4,Learner's Quarter Finals,2025-05-12 22:44:47+00:00
https://www.youtube.com/watch?v=O7lUHnBLKoA,Biobirb,Wrastor,elkiies,Maypul,Zeekly #4,Learner's Semi Finals,2025-05-12 22:47:39+00:00
https://www.youtube.com/watch?v=H3KlA5lvZjI,Sophilo,Zetterburn,I0N,Kragg,Zeekly #4,Winners Finals,2025-05-12 22:48:43+00:00
https://www.youtube.com/watch?v=URe12crJLdc,Sophilo,Zetterburn,elkiies,Maypul,Zeekly #4,Learners Finals,2025-05-12 22:48:43+00:00
https://www.youtube.com/watch?v=sjQM-AKYMtg,Lone,Maypul,ProjectShadow,Olympia,Zeekly #4,Winners Round 1,2025-05-12 22:55:17+00:00
https://www.youtube.com/watch?v=HLT5bZZU5SU,ChicagoSago,Loxodont,Pixie Gangstereo,Wrastor,Zeekly #4,Winners Round 2,2025-05-12 22:56:18+00:00
https://www.youtube.com/watch?v=zGaxUGTYuxI,I0N,Kragg,mattheus,Loxodont,Zeekly #4,Winners Round 2,2025-05-12 22:57:59+00:00
https://www.youtube.com/watch?v=4aTT2j-JOp8,Okzz,Loxodont,Purple Terry,Etalus,Zeekly #4,Winners Round 2,2025-05-12 22:58:33+00:00
https://www.youtube.com/watch?v=nbzEKxn30Z4,Hunter,Maypul,The Football,Kragg,Run The Rivals #12,Winners R2,2025-05-13 02:36:34+00:00
https://www.youtube.com/watch?v=F3s6UWwPedU,Landon,Clairen,Mirai_,Ranno,Run The Rivals #12,Winners Semis,2025-05-13 02:37:23+00:00
https://www.youtube.com/watch?v=cQ-KPw9_TBs,Hunter,Maypul,Franzwa,Etalus,Run The Rivals #12,Winners Semis,2025-05-13 02:37:24+00:00
https://www.youtube.com/watch?v=368tGkGOZuM,Mirai_,Ranno,Phug,Kragg,Run The Rivals #12,Losers Quarters,2025-05-13 02:37:40+00:00
https://www.youtube.com/watch?v=jHKtq8UZNr4,Mirai_,Wrastor,Geyser,Fleet,Run The Rivals #12,Winners R2,2025-05-13 02:37:54+00:00
https://www.youtube.com/watch?v=Rq3j34PRdvg,Landon,Clairen,Hunter,Maypul,Run The Rivals #12,Winners Finals,2025-05-13 02:38:13+00:00
https://www.youtube.com/watch?v=jtgJ0JkFGH8,Franzwa,Etalus,Mirai_,Ranno,Run The Rivals #12,Losers Semis,2025-05-13 02:38:20+00:00
https://www.youtube.com/watch?v=1-8FLaJBbKg,Franzwa,Etalus,Landon,Clairen,Run The Rivals #12,Losers Finals,2025-05-13 02:38:37+00:00
https://www.youtube.com/watch?v=w9bainRUOTs,Hunter,Maypul,Landon,Clairen,Run The Rivals #12,Grand Finals,2025-05-13 02:38:40+00:00
https://www.youtube.com/watch?v=HKHNYWv59Ck,TimeGear,Fleet,fourside,Ranno,Tuesday Trials 188,Grand Final,2025-05-14 04:03:41+00:00
https://www.youtube.com/watch?v=0pgyPhb0XiM,Yeggy,Etalus,dosboxfalco,Zetterburn,Buster Out 127,GFs,2025-05-15 14:48:47+00:00
https://www.youtube.com/watch?v=oFxZKE0OEvY,Yeggy,Etalus,dosboxfalco,Zetterburn,Buster Out 127,WFs,2025-05-15 15:18:12+00:00
https://www.youtube.com/watch?v=BepFzteIbxg,meat!,Zetterburn,Yeggy,Etalus,Buster Out 127,WQFs,2025-05-15 15:19:26+00:00
https://www.youtube.com/watch?v=BLqV2wepIN0,Potsy,Orcane,Yeggy,Etalus,Buster Out 127,LFs,2025-05-15 15:35:17+00:00
https://www.youtube.com/watch?v=WknwRXDRx9Y,Yeggy,Etalus,Potsy,Orcane,Buster Out 127,WSFs,2025-05-15 15:56:04+00:00
https://www.youtube.com/watch?v=s38_Qq7guOY,Monocle Gentlesir,Maypul,Watherum,Ranno,Immortal Fight Night #224 Wnrs Qrts,,2025-05-15 21:24:19+00:00
https://www.youtube.com/watch?v=WXqtNbVNzG0,Grunk,Zetterburn,Reaper,Etalus,Immortal Fight Night #224 Wnrs Semi,,2025-05-15 21:24:23+00:00
https://www.youtube.com/watch?v=9V2R76RDnds,Watherum,Ranno,Average Alex,Kragg,Immortal Fight Night #224,Wnrs Semi,2025-05-15 21:24:26+00:00
https://www.youtube.com/watch?v=E2AqAKtMZDY,Average Alex,Kragg,Grunk,Zetterburn,Immortal Fight Night #224 Wnrs Final,,2025-05-15 21:24:28+00:00
https://www.youtube.com/watch?v=GeDz-AeteA0,Watherum,Ranno,Reaper,Etalus,Immortal Fight Night #224 Lsrs Semi,,2025-05-15 21:24:30+00:00
https://www.youtube.com/watch?v=BFYdoQ9tZIo,Watherum,Ranno,Average Alex,Olympia,Immortal Fight Night #224 Lsrs Final,,2025-05-15 21:24:32+00:00
https://www.youtube.com/watch?v=Tn_AUP9INFY,Grunk,Zetterburn,Average Alex,Olympia,Immortal Fight Night #224 Grand Final,,2025-05-15 21:24:34+00:00
https://www.youtube.com/watch?v=ROvqM4GA6EQ,VIBE | Pity,Zetterburn,Renzo,Orcane,PSG 23: SFL Monthly,WQF,2025-05-18 15:09:54+00:00
https://www.youtube.com/watch?v=JL0fXygv670,VIBE | Pity,Zetterburn,NS | Nogh,Etalus,PSG 23: SFL Monthly,WSF,2025-05-18 15:13:39+00:00
https://www.youtube.com/watch?v=fXiKdr3KGlQ,VIBE | Pity,Zetterburn,Doc,Ranno,PSG 23: SFL Monthly,LQF,2025-05-18 15:17:48+00:00
https://www.youtube.com/watch?v=O1Yi8Umahx4,VIBE | Pity,Zetterburn,NS | Nogh,Ranno,PSG 23: SFL Monthly,LF,2025-05-18 15:21:00+00:00
https://www.youtube.com/watch?v=LxdMCJfjUJc,SLIME | AppleWiz,Wrastor,NS | Nogh,Loxodont,PSG 23: SFL Monthly,GF,2025-05-18 15:23:35+00:00
https://www.youtube.com/watch?v=oyuBXAOJEcw,Clavual,Kragg,vanbungle,Maypul,Run The Rivals #13,Winners R1,2025-05-20 02:20:49+00:00
https://www.youtube.com/watch?v=8R9jn7DKa9I,paperwingedowl,Loxodont,Clarity,Ranno,Run The Rivals #13,Losers R1,2025-05-20 02:21:13+00:00
https://www.youtube.com/watch?v=-XWmSRi7SU4,Mirai_,Ranno,Superdog,Clairen,Run The Rivals #13,Winners R2,2025-05-20 02:21:14+00:00
https://www.youtube.com/watch?v=NkLK9BAEqi0,Landon,Clairen,sans.,Wrastor,Run The Rivals #13,Winners Semis,2025-05-20 02:21:41+00:00
https://www.youtube.com/watch?v=mS__ZzSmPkQ,Mirai_,Ranno,paperwingedowl,Loxodont,Run The Rivals #13,Losers Quarters,2025-05-20 02:21:49+00:00
https://www.youtube.com/watch?v=Y1M558Kql1Q,Landon,Clairen,Hunter,Maypul,Run The Rivals #13,Winners Finals,2025-05-20 02:22:19+00:00
https://www.youtube.com/watch?v=Kh1xegB_xzw,Mirai_,Ranno,Landon,Clairen,Run The Rivals #13,Losers Finals,2025-05-20 02:22:24+00:00
https://www.youtube.com/watch?v=nShSCmxWo9I,Mirai_,Ranno,sans.,Wrastor,Run The Rivals #13,Losers Semis,2025-05-20 02:22:30+00:00
https://www.youtube.com/watch?v=Y6LBFfHpRV0,Landon,Clairen,Hunter,Maypul,Run The Rivals #13,Grand Finals - Landon,2025-05-20 02:23:08+00:00
https://www.youtube.com/watch?v=l9zANeJT-O8,Kits,Ranno,KaiserBlu,Zetterburn,Tripoint 280,Winners Round 1,2025-05-20 04:25:01+00:00
https://www.youtube.com/watch?v=zZe_iYNTRRU,ilikepizzza107,Forsburn,Coolkid85,Maypul,Tripoint 280,Winners Quarters,2025-05-20 04:25:11+00:00
https://www.youtube.com/watch?v=iHkn7wpgcYU,Ravenking,Wrastor,Kits,Ranno,Tripoint 280,Winners Quarters,2025-05-20 04:25:19+00:00
https://www.youtube.com/watch?v=KoH5pU0l4sA,Coolkid85,Maypul,Frosty,Olympia,Tripoint 280,Winners Semis,2025-05-20 04:25:27+00:00
https://www.youtube.com/watch?v=zmKDJ8mt8v4,Serris,Ranno,ImNitroTV,Olympia,Tripoint 280,Losers Round 1,2025-05-20 04:25:38+00:00
https://www.youtube.com/watch?v=-LSQ9PnxjD0,ilikepizza107,Forsburn,Rat,Zetterburn,Tripoint 280,Losers Round 2,2025-05-20 04:25:50+00:00
https://www.youtube.com/watch?v=04CNyYcXNG8,Ravenking,Wrastor,Star,Clairen,Tripoint 280,Winners Semis,2025-05-20 04:26:00+00:00
https://www.youtube.com/watch?v=gmPINHj4hgc,Ravenking,Wrastor,Frosty,Olympia,Tripoint 280,Winners Finals,2025-05-20 04:26:08+00:00
https://www.youtube.com/watch?v=g0BvqYXBLDE,Star,Clairen,ilikepizza107,Forsburn,Tripoint 280,Losers Quarters,2025-05-20 04:26:16+00:00
https://www.youtube.com/watch?v=9nRJPtSnm6c,Serris,Ranno,Coolkid85,Maypul,Tripoint 280,Losers Quarters,2025-05-20 04:26:25+00:00
https://www.youtube.com/watch?v=LRdedzGvpBs,Coolkid85,Maypul,Ravenking,Wrastor,Tripoint 280,Losers Finals,2025-05-20 04:26:34+00:00
https://www.youtube.com/watch?v=Ik8cIeOT6GQ,Frosty,Olympia,Ravenking,Wrastor,Tripoint,Grand Finals,2025-05-20 04:26:42+00:00
https://www.youtube.com/watch?v=FfGFaUTkpK0,The Concept of De4th,Fleet,Astra,Maypul,R2AS #2,Losers Top 8,2025-05-21 02:35:19+00:00
https://www.youtube.com/watch?v=GQGIp4jYhI8,Syzygy,Maypul,GirthwormJim,Forsburn,R2AS #2,Winners Quarters,2025-05-21 02:35:22+00:00
https://www.youtube.com/watch?v=JbdDcIUIqs4,GirthwormJim,Forsburn,Key Lime Skye,Zetterburn,R2AS #2,Losers Top 8,2025-05-21 02:35:24+00:00
https://www.youtube.com/watch?v=2tjw-uL0mKs,Astra,Maypul,Simon,Zetterburn,R2AS #2,Top 8 Losers Semis,2025-05-21 02:35:27+00:00
https://www.youtube.com/watch?v=Rrg58Zt0u_s,The Concept of De4th,Fleet,fletcher,Forsburn,R2AS #2,Winners Quarters,2025-05-21 02:35:29+00:00
https://www.youtube.com/watch?v=G-KfIQxGc5Y,JollyRoger,Clairen,MarkyFresh,Loxodont,R2AS #2,Winners Round 3,2025-05-21 02:35:33+00:00
https://www.youtube.com/watch?v=JBoXGZAJono,Synthesis,Zetterburn,fletcher,Forsburn,R2AS #2,Top 8 Winners Finals,2025-05-21 02:35:36+00:00
https://www.youtube.com/watch?v=mMoSSNhvuDI,Simon,Zetterburn,Synthesis,Zetterburn,R2AS #2,Top 8 Grand Finals,2025-05-21 02:35:46+00:00
https://www.youtube.com/watch?v=xA7tUdzXRBg,Key Lime Skye,Zetterburn,Sal,Clairen,R2AS #2,Winners Round 2,2025-05-21 02:35:50+00:00
https://www.youtube.com/watch?v=u-L2rpECtZg,Syzygy,Maypul,Synthesis,Zetterburn,R2AS #2,Top 8 Winners Semis,2025-05-21 02:35:54+00:00
https://www.youtube.com/watch?v=4tBYAJdp3po,Synthesis,Zetterburn,Johnny Jarko,Clairen,R2AS #2,Winners Round 4,2025-05-21 02:35:56+00:00
https://www.youtube.com/watch?v=g-beaJjlKys,Simon,Zetterburn,fletcher,Forsburn,R2AS #2,Top 8 Losers Finals,2025-05-21 02:35:59+00:00
https://www.youtube.com/watch?v=N38w83ckN24,Arbar,Maypul,Flux,Maypul,R2AS #2,Winners Round 3,2025-05-21 02:36:01+00:00
https://www.youtube.com/watch?v=A0x5l1ycua8,GirthwormJim,Forsburn,Simon,Zetterburn,R2AS #2,Top 8 Losers Quarters,2025-05-21 02:36:07+00:00
https://www.youtube.com/watch?v=4aoOqbbIy0w,HamirTime,Clairen,TimeGear,Fleet,Tuesday Trials 189,Grand Final,2025-05-21 03:42:59+00:00
https://www.youtube.com/watch?v=7iC-nCRHrek,Reaper,Etalus,ybm,Wrastor,Immortal Fight Night #225,Wnrs Rd 1,2025-05-21 12:35:23+00:00
https://www.youtube.com/watch?v=FaM5-Aa0xq4,Watherum,Ranno,Grunk,Zetterburn,Immortal Fight Night #225,Wnrs Semi,2025-05-21 12:35:25+00:00
https://www.youtube.com/watch?v=xjcxb4Db26Q,Average Alex,Clairen,Reaper,Etalus,Immortal Fight Night #225,Wnrs Semi,2025-05-21 12:35:27+00:00
https://www.youtube.com/watch?v=lB1B32A-Ufg,Average Alex,Clairen,Watherum,Ranno,Immortal Fight Night #225,Wnrs Final,2025-05-21 12:35:30+00:00
https://www.youtube.com/watch?v=Gk9QIc1QeCA,Grunk,Zetterburn,Reaper,Etalus,Immortal Fight Night #225,Lsrs Semi,2025-05-21 12:35:32+00:00
https://www.youtube.com/watch?v=zwIVDTbBAs4,Grunk,Zetterburn,Watherum,Ranno,Immortal Fight Night #225,Lsrs Final,2025-05-21 12:35:34+00:00
https://www.youtube.com/watch?v=QxGPiDUWckg,Average Alex,Clairen,Grunk,Zetterburn,Immortal Fight Night #225,Grand Final,2025-05-21 12:35:36+00:00
https://www.youtube.com/watch?v=8yCVkwtgfwo,HamPolo,Zetterburn,Lucius,Ranno,Fusion #251 Major X2,Grand Final,2025-05-21 20:16:24+00:00
https://www.youtube.com/watch?v=Co_-lNYH0A8,Ev,Kragg,Han-Solo Berger,Loxodont,Fusion 251: Major X2,Winners Round 2,2025-05-21 20:47:59+00:00
https://www.youtube.com/watch?v=I3H_mkDLy6I,Air Gordon,Fleet,ilike21pancakes,Orcane,Fusion 251: Major X2,Winners Round 2,2025-05-21 21:00:08+00:00
https://www.youtube.com/watch?v=lFw0eJSvsg8,SolarBeam,Loxodont,aubreyclo,Maypul,Fusion 251: Major X2,Winners Round 3,2025-05-21 21:10:28+00:00
https://www.youtube.com/watch?v=V9LAUqAK148,Max Ketchum,Clairen,Sentry | Lunar,Maypul,Fusion 251: Major X2,Winners Round 3,2025-05-21 21:12:55+00:00
https://www.youtube.com/watch?v=wq66NBSaFgQ,Lucius,Ranno,Mulldrifter,Loxodont,Fusion 251: Major X2,Winners Round 3,2025-05-21 21:16:33+00:00
https://www.youtube.com/watch?v=0Gmprl6PRoA,CheesyPotato,Kragg,Lucius,Ranno,Fusion 251: Major X2,Winners Semi-Final,2025-05-21 21:20:33+00:00
https://www.youtube.com/watch?v=mixNAlVbZ88,HamPolo,Zetterburn,Lucius,Ranno,Fusion 251: Major X2,Winners Final,2025-05-21 21:33:44+00:00
https://www.youtube.com/watch?v=j3e206OoSlU,CheesyPotato,Kragg,Switch,Olympia,Fusion 251: Major X2,Losers Semi-Final ,2025-05-21 21:38:40+00:00
https://www.youtube.com/watch?v=b76SYa4_G-w,Lucius,Ranno,Switch,Olympia,Fusion 251: Major X2,Losers Final,2025-05-21 21:42:15+00:00
https://www.youtube.com/watch?v=3tqH-3ffWZ8,SesbianLex+,Ranno,JollyRoger,Clairen,R2AS #3,Extra Credit Winners Semis,2025-05-21 21:42:37+00:00
https://www.youtube.com/watch?v=_rIPOm4todo,Spikefire,Zetterburn,Duhaime,Wrastor,R2AS #3,Extra Credit Losers Semis,2025-05-21 21:44:01+00:00
https://www.youtube.com/watch?v=9GNeZWdGvrc,Alruna,Zetterburn,Eyeris,Ranno,R2AS #3,Extra Credit Winners Quarters,2025-05-21 21:44:11+00:00
https://www.youtube.com/watch?v=FLVqzpKUvQM,moey_joehawk,Maypul,Spikefire,Zetterburn,R2AS #3,Extra Credit Losers Quarters,2025-05-21 21:47:03+00:00
https://www.youtube.com/watch?v=foEBdkd4WKc,Duhaime,Wrastor,SesbianLex+,Ranno,R2AS #3,Extra Credit Losers Quarters,2025-05-21 21:49:46+00:00
https://www.youtube.com/watch?v=NLHIQcNYLr4,moey_joehawk,Maypul,Eyeris,Ranno,R2AS #3,Extra Credit Winners Semis,2025-05-21 21:50:17+00:00
https://www.youtube.com/watch?v=sOlYlR74l2M,JollyRoger,Clairen,Duhaime,Wrastor,R2AS #3,Extra Credit Losers Finals,2025-05-21 21:56:49+00:00
https://www.youtube.com/watch?v=d8ckPoKfRTE,JollyRoger,Clairen,Eyeris,Ranno,R2AS #3,Extra Credit Winners Finals,2025-05-21 21:57:25+00:00
https://www.youtube.com/watch?v=EqfPgk-kF4M,Monocle Gentlesir,Maypul,Reaper,Etalus,Straight Into The Abyss #14,Wnrs Semi,2025-05-23 16:00:31+00:00
https://www.youtube.com/watch?v=G8_RB7eh9tQ,Monocle Gentlesir,Maypul,Magma,Wrastor,Straight Into The Abyss #14,Wnrs Qrts,2025-05-23 16:00:32+00:00
https://www.youtube.com/watch?v=PhV7i5B0Tjw,Average Alex,Kragg,Reaper,Etalus,Straight Into The Abyss #14,Wnrs Final,2025-05-23 16:00:44+00:00
https://www.youtube.com/watch?v=TZFMfJqlPxE,Reaper,Etalus,Monocle Gentlesir,Maypul,Straight Into The Abyss #14,Lsrs Final,2025-05-23 16:01:02+00:00
https://www.youtube.com/watch?v=dWNfy6Mnn4k,Vastfollower,Olympia,OneHandFrank,Clairen,Straight Into The Abyss #14,Wnrs Rd 1,2025-05-23 16:01:10+00:00
https://www.youtube.com/watch?v=z-1T4zuzZJA,Average Alex,Kragg,Suture,Ranno,Straight Into The Abyss #14,Wnrs Semi,2025-05-23 16:01:49+00:00
https://www.youtube.com/watch?v=0HUcppCOCO8,Mankinen,Zetterburn,Koyu,Forsburn,Monthly of Aether #7,EU Pools,2025-05-23 17:06:30+00:00
https://www.youtube.com/watch?v=GWPOUCo-cZ4,Neylax,Olympia,Genarog,Fleet,Monthly of Aether #7,EU Winners Quarterfinals,2025-05-23 17:06:30+00:00
https://www.youtube.com/watch?v=46BhQhvCa5s,Neylax,Olympia,Impasse,Zetterburn,Monthly of Aether #7,EU Grand Finals,2025-05-23 17:06:30+00:00
https://www.youtube.com/watch?v=3EbJ1RCY8bI,Dakpo,Wrastor,AoC | Acorn,Zetterburn,Monthly of Aether #7,Losers Finals,2025-05-23 17:06:30+00:00
https://www.youtube.com/watch?v=OEdHlgvpIM0,Sofi,Ranno,10QuidShoes,Clairen,Monthly of Aether #7,EU Losers Semifinals,2025-05-23 17:06:30+00:00
https://www.youtube.com/watch?v=LpvgVjCdUO8,Seelder,Fleet,LuvWalker,Clairen,Monthly of Aether #7,Pools,2025-05-23 17:06:30+00:00
https://www.youtube.com/watch?v=42E2GMICSKQ,10QuidShoes,Clairen,Cheesed to meet you,Wrastor,Monthly of Aether #7,EU Winners Quarterfinals,2025-05-23 17:06:30+00:00
https://www.youtube.com/watch?v=7ZS_7uDQSEk,AoC | Acorn,Zetterburn,PiggyG,Clairen,Monthly of Aether #7,Winners Finals,2025-05-23 17:06:30+00:00
https://www.youtube.com/watch?v=LVP0rz2Hwu8,Shadowhawke,Wrastor,Dakpo,Wrastor,Monthly of Aether #7,Losers Semifinals,2025-05-23 17:06:31+00:00
https://www.youtube.com/watch?v=hfehUcX5MyA,DonCascone,Loxodont,Neylax,Olympia,Monthly of Aether #7,EU Winners Semifinals,2025-05-23 17:06:32+00:00
https://www.youtube.com/watch?v=VqmTDWlRqH4,PiggyG,Clairen,SapphireGD,Zetterburn,Monthly of Aether #7,Winners Semifinals,2025-05-23 17:06:32+00:00
https://www.youtube.com/watch?v=cYoaqPCD3Ns,Modkiq,Olympia,CBuckington,Orcane,Monthly of Aether #7,EU Pools,2025-05-23 17:06:32+00:00
https://www.youtube.com/watch?v=cS245C3FZ4k,Shadowhawke,Wrastor,Godly,Ranno,Monthly of Aether #7,Winners Quarterfinals,2025-05-23 17:06:32+00:00
https://www.youtube.com/watch?v=iMvjWN2DBnA,Impasse,Zetterburn,Neylax,Olympia,Monthly of Aether #7,EU Winners Finals,2025-05-23 17:06:32+00:00
https://www.youtube.com/watch?v=QWc2HRdxsRk,AoC | Acorn,Zetterburn,Jermama,Zetterburn,Monthly of Aether #7,Winners Quarterfinals,2025-05-23 17:06:32+00:00
https://www.youtube.com/watch?v=c9aTo87PhR4,charles mclaren,Clairen,Kopter,Etalus,Monthly of Aether #7,EU Pools,2025-05-23 17:06:32+00:00
https://www.youtube.com/watch?v=jHzZi6WDB-c,Sofi,Ranno,Impasse,Zetterburn,Monthly of Aether #7,EU Losers Finals,2025-05-23 17:06:32+00:00
https://www.youtube.com/watch?v=mc6aPKJKISc,Shadowhawke,Wrastor,AoC | Acorn,Zetterburn,Monthly of Aether #7,Winners Semifinals,2025-05-23 17:06:34+00:00
https://www.youtube.com/watch?v=rvdHKJIu6DU,10QuidShoes,Clairen,Impasse,Zetterburn,Monthly of Aether #7,EU Winners Semifinals,2025-05-23 17:06:34+00:00
https://www.youtube.com/watch?v=2xiWmMQCdTw,Nem,Kragg,Kohza,Kragg,Gran Aether - T1 #3,WS,2025-05-23 18:56:50+00:00
https://www.youtube.com/watch?v=uZEXzIcz11w,Flamberik,Loxodont,Ukelele,Orcane,Gran Aether - T1 #3,WS,2025-05-23 19:01:55+00:00
https://www.youtube.com/watch?v=6Y6T3PelzxU,Delm,Ranno,Flamberik,Loxodont,Gran Aether - T1 #3,LF,2025-05-23 19:03:14+00:00
https://www.youtube.com/watch?v=lPWUAoAkdyU,Ukelele,Orcane,Mik,Kragg,Gran Aether - T1 #3,LQ,2025-05-23 19:07:52+00:00
https://www.youtube.com/watch?v=_9E4kElE26I,Kohza,Kragg,Flamberik,Loxodont,Gran Aether - T1 #3,GF,2025-05-23 19:10:16+00:00
https://www.youtube.com/watch?v=gOYrNFaq8ek,Delm,Ranno,Flamberik,Loxodont,Gran Aether - T1 #3,WR1,2025-05-23 19:10:18+00:00
https://www.youtube.com/watch?v=YbgP0iwdKq0,P.P.R.,Loxodont,Ukelele,Orcane,Gran Aether - T1 #3,WR2,2025-05-23 19:10:18+00:00
https://www.youtube.com/watch?v=Z89-GaElPV4,Delm,Ranno,Nem,Kragg,Gran Aether - T1 #3,LQ,2025-05-23 19:12:10+00:00
https://www.youtube.com/watch?v=Klkzw4eYTFM,Nyrane,Clairen,Mik,Kragg,Gran Aether - T1 #3,Losers Top 8,2025-05-23 19:15:08+00:00
https://www.youtube.com/watch?v=wP70brIz_s4,Flamberik,Loxodont,Kohza,Kragg,Gran Aether - T1 #3,WF,2025-05-23 19:15:56+00:00
https://www.youtube.com/watch?v=QmA_Yb5RcQs,Delm,Ranno,Ukelele,Orcane,Gran Aether - T1 #3,LS,2025-05-23 19:17:19+00:00
https://www.youtube.com/watch?v=sJqVuoMEpY0,Kohza,Kragg,Flamberik,Loxodont,Gran Aether - T1 #3,TF,2025-05-23 19:21:18+00:00
https://www.youtube.com/watch?v=vPGYgm5J8-I,Delm,Ranno,P.P.R,Loxodont,Gran Aether - T1 #3,Losers Top 8,2025-05-23 19:27:20+00:00
https://www.youtube.com/watch?v=StZpp0RMRQQ,Lone,Maypul,TidalTerror,Olympia,R2AS #3,Pools Winners Round 2,2025-05-23 20:29:34+00:00
https://www.youtube.com/watch?v=-LSisrw0Eb8,Arbar,Maypul,MonkadS,Forsburn,R2AS #3,Pools Winners Quarters,2025-05-23 20:30:18+00:00
https://www.youtube.com/watch?v=q_e_AhGBu-k,Searing Arrow,Clairen,Jonny Jarko,Clairen,R2AS #3,Pools Winners Quarters,2025-05-23 20:30:55+00:00
https://www.youtube.com/watch?v=sBD2Q-fSN0g,Searing Arrow,Clairen,Xaria,Orcane,R2AS #3,Top 16 Winners Quarters,2025-05-23 20:31:33+00:00
https://www.youtube.com/watch?v=04oKhCXvO9Q,The Concept of De4th,Fleet,Games &amp; Flames,Fleet,R2AS #3,Top 16 Winners Quarters,2025-05-23 20:31:46+00:00
https://www.youtube.com/watch?v=IEjpDhSxRhs,The Concept of De4th,Fleet,Xaria,Orcane,R2AS #3,Top 8 Winners Semis,2025-05-23 20:32:07+00:00
https://www.youtube.com/watch?v=Mf3nsDQ8uJo,Key Lime Skye,Zetterburn,Arbar,Maypul,R2AS #3,Top 8 Winners Semis,2025-05-23 20:32:19+00:00
https://www.youtube.com/watch?v=i0JAo8Pfw0k,Emerald_87,Zetterburn,Yuusha,Clairen,R2AS #3,Losers Top 8,2025-05-23 20:32:30+00:00
https://www.youtube.com/watch?v=Rag8Q6Jic7I,Yuusha,Clairen,The Concept of De4th,Fleet,R2AS #3,Top 8 Losers Quarters,2025-05-23 20:33:15+00:00
https://www.youtube.com/watch?v=QFbOvXe81I4,Arbar,Maypul,Games &amp; Flames,Fleet,R2AS #3,Top 8 Losers Quarters,2025-05-23 20:33:27+00:00
https://www.youtube.com/watch?v=X5NselvWjYY,Key Lime Skye,Zetterburn,Xaria,Orcane,R2AS #3,Top 8 Winners Finals,2025-05-23 20:33:38+00:00
https://www.youtube.com/watch?v=vOicqIoQkm4,Yuusha,Clairen,Games &amp; Flames,Fleet,R2AS #3,Top 8 Losers Semis,2025-05-23 20:34:01+00:00
https://www.youtube.com/watch?v=bEfbCL2SfCY,Xaria,Orcane,Games &amp; Flames,Fleet,R2AS #3,Top 8 Losers Finals,2025-05-23 20:34:17+00:00
https://www.youtube.com/watch?v=GbB7vjmyUBI,Key Lime Skye,Zetterburn,Xaria,Orcane,R2AS #3,Top 8 Grand Finals,2025-05-23 20:34:31+00:00
https://www.youtube.com/watch?v=WcoOiacPtXY&t=0,Farbanti,Clairen,Advers_Event,Fleet,Combo Breaker 2025,Round 1 Pools,2025-05-24 21:33:44+00:00
https://www.youtube.com/watch?v=WcoOiacPtXY&t=752,zxamike,Kragg,phob psycho 100,Ranno,Combo Breaker 2025,Round 1 Pools,2025-05-24 21:33:44+00:00
https://www.youtube.com/watch?v=WcoOiacPtXY&t=1075,Anakin Skinwalker,Zetterburn,Kream1,Clairen,Combo Breaker 2025,Round 1 Pools,2025-05-24 21:33:44+00:00
https://www.youtube.com/watch?v=WcoOiacPtXY&t=1460,sans.,Wrastor,Wiley22,Ranno,Combo Breaker 2025,Round 1 Pools,2025-05-24 21:33:44+00:00
https://www.youtube.com/watch?v=WcoOiacPtXY&t=2083,Frosty,Olympia,ADDICT,Zetterburn,Combo Breaker 2025,Round 1 Pools,2025-05-24 21:33:44+00:00
https://www.youtube.com/watch?v=WcoOiacPtXY&t=2600,BioBirb,Ranno,zxamike,Kragg,Combo Breaker 2025,Round 1 Pools,2025-05-24 21:33:44+00:00
https://www.youtube.com/watch?v=WcoOiacPtXY&t=2996,Xanpanman,Loxodont,Wisely,Maypul,Combo Breaker 2025,Round 1 Pools,2025-05-24 21:33:44+00:00
https://www.youtube.com/watch?v=WcoOiacPtXY&t=3428,Love Tub,Loxodont,buddydude.dev,Orcane,Combo Breaker 2025,Round 1 Pools,2025-05-24 21:33:44+00:00
https://www.youtube.com/watch?v=WcoOiacPtXY&t=3711,Johnwick3,Ranno,Treyara,Loxodont,Combo Breaker 2025,Round 1 Pools,2025-05-24 21:33:44+00:00
https://www.youtube.com/watch?v=WcoOiacPtXY&t=4148,Z,Zetterburn,Pulch,Loxodont,Combo Breaker 2025,Round 1 Pools,2025-05-24 21:33:44+00:00
https://www.youtube.com/watch?v=WcoOiacPtXY&t=4806,Landon,Clairen,Benne,Ranno,Combo Breaker 2025,Round 1 Pools,2025-05-24 21:33:44+00:00
https://www.youtube.com/watch?v=WcoOiacPtXY&t=5274,Stango,Zetterburn,Wisely,Maypul,Combo Breaker 2025,Round 1 Pools,2025-05-24 21:33:44+00:00
https://www.youtube.com/watch?v=WcoOiacPtXY&t=5651,SeggoAhmet,Olympia,fourside,Ranno,Combo Breaker 2025,Round 1 Pools,2025-05-24 21:33:44+00:00
https://www.youtube.com/watch?v=WcoOiacPtXY&t=5989,HyperFlame,Zetterburn,Reesch,Orcane,Combo Breaker 2025,Round 1 Pools,2025-05-24 21:33:44+00:00
https://www.youtube.com/watch?v=WcoOiacPtXY&t=6328,Mastronarde,Forsburn,ilikepizza107,Forsburn,Combo Breaker 2025,Round 1 Pools,2025-05-24 21:33:44+00:00
https://www.youtube.com/watch?v=eAjN7ueFBA4&t=0,NrettG,Zetterburn,Luna-Gabs,Zetterburn,Combo Breaker 2025,Round 1 Pools,2025-05-24 21:33:44+00:00
https://www.youtube.com/watch?v=eAjN7ueFBA4&t=235,OnePower,Loxodont,Captain Kreme,Loxodont,Combo Breaker 2025,Round 1 Pools,2025-05-24 21:33:44+00:00
https://www.youtube.com/watch?v=eAjN7ueFBA4&t=463,Mute,Olympia,benclogga,Orcane,Combo Breaker 2025,Round 1 Pools,2025-05-24 21:33:44+00:00
https://www.youtube.com/watch?v=eAjN7ueFBA4&t=883,Jett The Jenga God,Kragg,King Kai!,Zetterburn,Combo Breaker 2025,Round 1 Pools,2025-05-24 21:33:44+00:00
https://www.youtube.com/watch?v=eAjN7ueFBA4&t=1156,Linger,Wrastor,OnePower,Zetterburn,Combo Breaker 2025,Round 1 Pools,2025-05-24 21:33:44+00:00
https://www.youtube.com/watch?v=eAjN7ueFBA4&t=1516,CakeAssault,Forsburn,Anonymous Moniker,Fleet,Combo Breaker 2025,Round 1 Pools,2025-05-24 21:33:44+00:00
https://www.youtube.com/watch?v=eAjN7ueFBA4&t=1790,Lucius,Ranno,Eclipz,Orcane,Combo Breaker 2025,Round 1 Pools,2025-05-24 21:33:44+00:00
https://www.youtube.com/watch?v=eAjN7ueFBA4&t=2226,vibe,Clairen,Phug,Kragg,Combo Breaker 2025,Round 1 Pools,2025-05-24 21:33:44+00:00
https://www.youtube.com/watch?v=eAjN7ueFBA4&t=2623,FPZ,Maypul,Brogan,Clairen,Combo Breaker 2025,Round 1 Pools,2025-05-24 21:33:44+00:00
https://www.youtube.com/watch?v=eAjN7ueFBA4&t=3213,Cheat,Etalus,ONIONBUBS,Clairen,Combo Breaker 2025,Round 1 Pools,2025-05-24 21:33:44+00:00
https://www.youtube.com/watch?v=eAjN7ueFBA4&t=3500,CheesyPotato,Kragg,d4nace,Maypul,Combo Breaker 2025,Round 1 Pools,2025-05-24 21:33:44+00:00
https://www.youtube.com/watch?v=eAjN7ueFBA4&t=3840,Toad King,Wrastor,Dingodial,Olympia,Combo Breaker 2025,Round 1 Pools,2025-05-24 21:33:44+00:00
https://www.youtube.com/watch?v=eAjN7ueFBA4&t=4186,Fizzie18,Zetterburn,ChicagoFire3,Clairen,Combo Breaker 2025,Round 1 Pools,2025-05-24 21:33:44+00:00
https://www.youtube.com/watch?v=eAjN7ueFBA4&t=4654,LilyMaplePup,Maypul,Cobalt,Wrastor,Combo Breaker 2025,Round 1 Pools,2025-05-24 21:33:44+00:00
https://www.youtube.com/watch?v=eAjN7ueFBA4&t=4998,Hunter,Maypul,Celestio,Kragg,Combo Breaker 2025,Round 1 Pools,2025-05-24 21:33:44+00:00
https://www.youtube.com/watch?v=eAjN7ueFBA4&t=5333,w0wells,Wrastor,Nitten,Zetterburn,Combo Breaker 2025,Round 1 Pools,2025-05-24 21:33:44+00:00
https://www.youtube.com/watch?v=eAjN7ueFBA4&t=5660,Dakpo,Wrastor,Guinness,Loxodont,Combo Breaker 2025,Round 1 Pools,2025-05-24 21:33:44+00:00
https://www.youtube.com/watch?v=eAjN7ueFBA4&t=5940,Sago,Loxodont,Oljace,Forsburn,Combo Breaker 2025,Round 1 Pools,2025-05-24 21:33:44+00:00
https://www.youtube.com/watch?v=eAjN7ueFBA4&t=6337,Glum,Clairen,w0wells,Wrastor,Combo Breaker 2025,Round 1 Pools,2025-05-24 21:33:44+00:00
https://www.youtube.com/watch?v=eAjN7ueFBA4&t=6880,Hunter,Maypul,Tavares,Zetterburn,Combo Breaker 2025,Round 1 Pools,2025-05-24 21:33:44+00:00
https://www.youtube.com/watch?v=eAjN7ueFBA4&t=7243,Yoda Cage,Maypul,Jplane,Kragg,Combo Breaker 2025,Round 1 Pools,2025-05-24 21:33:44+00:00
https://www.youtube.com/watch?v=eAjN7ueFBA4&t=7474,zaqk,Olympia,LotusStyle,Ranno,Combo Breaker 2025,Round 1 Pools,2025-05-24 21:33:44+00:00
https://www.youtube.com/watch?v=f-3r6FLLPSY&t=0,vibe,Clairen,Jett The Jenga God,Kragg,Combo Breaker 2025,Round 2 Pools,2025-05-24 21:33:44+00:00
https://www.youtube.com/watch?v=f-3r6FLLPSY&t=572,Frosty,Olympia,Cannon Red,Fleet,Combo Breaker 2025,Round 2 Pools,2025-05-24 21:33:44+00:00
https://www.youtube.com/watch?v=f-3r6FLLPSY&t=1227,BioBirb,Ranno,SolarBeam,Loxodont,Combo Breaker 2025,Round 2 Pools,2025-05-24 21:33:44+00:00
https://www.youtube.com/watch?v=f-3r6FLLPSY&t=1822,SeggoAhmet,Olympia,Lucius,Ranno,Combo Breaker 2025,Round 2 Pools,2025-05-24 21:33:44+00:00
https://www.youtube.com/watch?v=f-3r6FLLPSY&t=2421,Frosty,Olympia,Stango,Zetterburn,Combo Breaker 2025,Round 2 Pools,2025-05-24 21:33:44+00:00
https://www.youtube.com/watch?v=f-3r6FLLPSY&t=2923,Hunter,Maypul,Sago,Loxodont,Combo Breaker 2025,Round 2 Pools,2025-05-24 21:33:44+00:00
https://www.youtube.com/watch?v=f-3r6FLLPSY&t=3547,CakeAssault,Zetterburn,Dakpo,Wrastor,Combo Breaker 2025,Round 2 Pools,2025-05-24 21:33:44+00:00
https://www.youtube.com/watch?v=f-3r6FLLPSY&t=4122,Sago,Loxodont,Bbatts,Fleet,Combo Breaker 2025,Round 2 Pools,2025-05-24 21:33:44+00:00
https://www.youtube.com/watch?v=f-3r6FLLPSY&t=4464,Juno,Maypul,HyperFlame,Zetterburn,Combo Breaker 2025,Round 2 Pools,2025-05-24 21:33:44+00:00
https://www.youtube.com/watch?v=f-3r6FLLPSY&t=5184,Yoda Cage,Maypul,Cheat,Etalus,Combo Breaker 2025,Round 2 Pools,2025-05-24 21:33:44+00:00
https://www.youtube.com/watch?v=f-3r6FLLPSY&t=5765,BioBirb,Ranno,vibe,Clairen,Combo Breaker 2025,Top 24 Winners,2025-05-25 21:33:44+00:00
https://www.youtube.com/watch?v=f-3r6FLLPSY&t=6667,Lucius,Ranno,Stango,Zetterburn,Combo Breaker 2025,Top 24 Winners,2025-05-25 21:33:44+00:00
https://www.youtube.com/watch?v=f-3r6FLLPSY&t=7203,Yoda Cage,Maypul,Bbatts,Fleet,Combo Breaker 2025,Top 24 Winners,2025-05-25 21:33:44+00:00
https://www.youtube.com/watch?v=f-3r6FLLPSY&t=7634,HyperFlame,Zetterburn,CakeAssault,Forsburn,Combo Breaker 2025,Top 24 Winners,2025-05-25 21:33:44+00:00
https://www.youtube.com/watch?v=f-3r6FLLPSY&t=8381,BioBirb,Ranno,Sago,Loxodont,Combo Breaker 2025,Top 24 Losers,2025-05-25 21:33:44+00:00
https://www.youtube.com/watch?v=f-3r6FLLPSY&t=9458,Lucius,Ranno,Dakpo,Wrastor,Combo Breaker 2025,Top 24 Winners,2025-05-25 21:33:44+00:00
https://www.youtube.com/watch?v=f-3r6FLLPSY&t=10327,Yoda Cage,Maypul,Stro,Clairen,Combo Breaker 2025,Top 24 Losers,2025-05-25 21:33:44+00:00
https://www.youtube.com/watch?v=f-3r6FLLPSY&t=11375,HyperFlame,Zetterburn,CheesyPotato,Kragg,Combo Breaker 2025,Top 24 Losers,2025-05-25 21:33:44+00:00
https://www.youtube.com/watch?v=Atr_U5Hqqp4&t=16,vibe,Clairen,Stango,Zetterburn,Combo Breaker 2025,Winners Semis,2025-05-25 21:33:44+00:00
https://www.youtube.com/watch?v=Atr_U5Hqqp4&t=1416,Bbatts,Fleet,CakeAssault,Forsburn,Combo Breaker 2025,Winners Semis,2025-05-25 21:33:44+00:00
https://www.youtube.com/watch?v=Atr_U5Hqqp4&t=2204,Sago,Loxodont,Dakpo,Wrastor,Combo Breaker 2025,Top 8 Losers Round 1,2025-05-25 21:33:44+00:00
https://www.youtube.com/watch?v=Atr_U5Hqqp4&t=3069,HyperFlame,Zetterburn,Stro,Clairen,Combo Breaker 2025,Top 8 Losers Round 1,2025-05-25 21:33:44+00:00
https://www.youtube.com/watch?v=Atr_U5Hqqp4&t=3940,CakeAssault,Forsburn,Sago,Loxodont,Combo Breaker 2025,Losers Quarters,2025-05-25 21:33:44+00:00
https://www.youtube.com/watch?v=Atr_U5Hqqp4&t=4560,Stango,Zetterburn,Stro,Clairen,Combo Breaker 2025,Losers Quarters,2025-05-25 21:33:44+00:00
https://www.youtube.com/watch?v=Atr_U5Hqqp4&t=5295,vibe,Clairen,Bbatts,Fleet,Combo Breaker 2025,Winners Final,2025-05-25 21:33:44+00:00
https://www.youtube.com/watch?v=Atr_U5Hqqp4&t=6207,CakeAssault,Forsburn,Stango,Zetterburn,Combo Breaker 2025,Losers Semifinal,2025-05-25 21:33:44+00:00
https://www.youtube.com/watch?v=Atr_U5Hqqp4&t=7104,CakeAssault,Forsburn,vibe,Clairen,Combo Breaker 2025,Losers Final,2025-05-25 21:33:44+00:00
https://www.youtube.com/watch?v=Atr_U5Hqqp4&t=8503,CakeAssault,Forsburn,Bbatts,Fleet,Combo Breaker 2025,Grand Final,2025-05-25 21:33:44+00:00
https://www.youtube.com/watch?v=JphlomrT2FQ,sunstruck,Kragg,EOL,Zetterburn,Unc Frozen's Icebox 4,Winners Quarters,2025-05-27 15:34:56+00:00
https://www.youtube.com/watch?v=m2cHlx73E5g,Jimbly,Etalus,Wood,Zetterburn,Unc Frozen's Icebox 4,Winners Quarters,2025-05-27 15:35:30+00:00
https://www.youtube.com/watch?v=uI1FdyQ3AI8,Fox,Loxodont,Chumpkin,Etalus,Unc Frozen's Icebox 4,Winners Semis,2025-05-27 15:36:12+00:00
https://www.youtube.com/watch?v=o-lIAFfDg9A,Wood,Zetterburn,EOL,Zetterburn,Unc Frozen's Icebox 4,Winners Semis,2025-05-27 15:36:40+00:00
https://www.youtube.com/watch?v=gf3MlvqWgPA,Jimbly,Etalus,Chumpkin,Etalus,Unc Frozen's Icebox 4,Losers Quarters,2025-05-27 15:37:08+00:00
https://www.youtube.com/watch?v=1f3zEN3ePZo,Fox,Loxodont,EOL,Zetterburn,Unc Frozen's Icebox 4,Winners Finals,2025-05-27 15:38:59+00:00
https://www.youtube.com/watch?v=-xMsAaDU6fQ,Chumpkin,Etalus,Wood,Zetterburn,Unc Frozen's Icebox 4,Losers Semis,2025-05-27 15:40:57+00:00
https://www.youtube.com/watch?v=B6hJMrq_WMI,Chumpkin,Etalus,EOL,Zetterburn,Unc Frozen's Icebox 4,Losers Finals,2025-05-27 15:41:33+00:00
https://www.youtube.com/watch?v=E1w7KJIpWg4,Fox,Loxodont,Chumpkin,Etalus,Unc Frozen's Icebox 4,Grand Finals,2025-05-27 15:42:30+00:00
https://www.youtube.com/watch?v=5O4bz1A-NE8,Jimbly,Etalus,Dothefig,Maypul,Unc Frozen's Icebox 4,Winners Bracket,2025-05-27 18:03:15+00:00
https://www.youtube.com/watch?v=rdvL2JxHr5w,Frank Fortain,Clairen,Sirius,Clairen,Unc Frozen's Icebox 4,Winners Bracket,2025-05-27 18:04:45+00:00
https://www.youtube.com/watch?v=JANk6QEzQ2g,Fox,Loxodont,Sirius,Clairen,Unc Frozen's Icebox 4,Winners Quarters,2025-05-27 18:05:51+00:00
https://www.youtube.com/watch?v=UHod51rT4kY,Jimbly,Etalus,Frank Fortain,Clairen,Unc Frozen's Icebox 4,Losers Bracket,2025-05-27 18:07:01+00:00
https://www.youtube.com/watch?v=k1SpCg9RsF8,Jimbly,Etalus,sunstruck,Kragg,Unc Frozen's Icebox 4,Losers Bracket,2025-05-27 18:08:04+00:00
https://www.youtube.com/watch?v=nTfTSTUT678,Dothefig,Maypul,Sirius,Clairen,Unc Frozen's Icebox 4,Losers Bracket,2025-05-27 18:09:14+00:00
https://www.youtube.com/watch?v=6LSN8Xd_jiA,Shnoopy,Ranno,Sirius,Clairen,Unc Frozen's Icebox 4,Losers Bracket,2025-05-27 18:10:08+00:00
https://www.youtube.com/watch?v=XTdfqDlLYR8,BSC UW | Re:Cupid,Zetterburn,NNG | Evil Nardwuar,Loxodont,MS2,Pools,2025-05-29 05:53:27+00:00
https://www.youtube.com/watch?v=IcT9pJM5HBM,Objection!,Kragg,HKP,Zetterburn,Main Sequence #2,Pools,2025-05-29 05:56:19+00:00
https://www.youtube.com/watch?v=Jvhvt0uiN0A,Frigomaniac,Ranno,Mystery Sol,Fleet,Main Sequence #2,Pools,2025-05-29 06:00:00+00:00
https://www.youtube.com/watch?v=NDNk3yq5IeU,HKP,Zetterburn,maya,Orcane,Main Sequence #2,Pools,2025-05-29 06:03:48+00:00
https://www.youtube.com/watch?v=F8PIq91wTkQ,BSC UW | Re:Cupid,Zetterburn,Frigomaniac,Ranno,Main Sequence #2,Losers Eighths,2025-05-29 06:04:41+00:00
https://www.youtube.com/watch?v=IdR8Gr_OAE4,NNG | Pikmon,Etalus,HKP,Zetterburn,Main Sequence #2,Winners Semifinals,2025-05-29 06:12:17+00:00
https://www.youtube.com/watch?v=6SBVhkjDMGk,Invictus,Clairen,Pikmon,Etalus,Main Sequence #2,Losers Eighths,2025-05-29 06:12:22+00:00
https://www.youtube.com/watch?v=PY0wwX0r3ys,HKP,Zetterburn,NNG | Evil Nardwuar,Loxodont,Main Sequence #2,Losers Semifinals,2025-05-29 06:12:59+00:00
https://www.youtube.com/watch?v=CQfVev56CzY,maya,Orcane,NNG | Evil Nardwuar,Loxodont,Main Sequence #2,Losers Quarterfinals,2025-05-29 06:17:37+00:00
https://www.youtube.com/watch?v=6jR9B7lHFhY,Mystery Sol,Fleet,NNG | Evil Nardwuar,Loxodont,Main Sequence #2,Winners Semis,2025-05-29 06:17:48+00:00
https://www.youtube.com/watch?v=SCa5ieHdw8k,HKP,Zetterburn,NNG | Pikmon,Etalus,Main Sequence #2,Losers Finals,2025-05-29 06:18:13+00:00
https://www.youtube.com/watch?v=0JQjiI3KoMY,NNG | Pikmon,Etalus,Mystery Sol,Fleet,Main Sequence #2,Winners Finals,2025-05-29 06:22:00+00:00
https://www.youtube.com/watch?v=N5GWd9zaZTY,Mystery Sol,Fleet,NNG | Pikmon,Etalus,Main Sequence #2,Grand Finals,2025-05-29 06:27:37+00:00
https://www.youtube.com/watch?v=vY6OZQYQ3R4,Average Alex,Loxodont,Reaper,Etalus,Immortal Fight Night #226 Wnrs Semi,,2025-05-29 14:21:55+00:00
https://www.youtube.com/watch?v=r1Z9Bki3_Lg,Watherum,Ranno,Grunk,Zetterburn,Immortal Fight Night #226,Wnrs Semi,2025-05-29 14:21:57+00:00
https://www.youtube.com/watch?v=ixMITFcU-o4,Average Alex,Loxodont,Grunk,Zetterburn,Immortal Fight Night #226 Wnrs Final,,2025-05-29 14:21:59+00:00
https://www.youtube.com/watch?v=0PNMZChqeh8,Reaper,Etalus,Watherum,Ranno,Immortal Fight Night #226,Lsrs Semi,2025-05-29 14:22:01+00:00
https://www.youtube.com/watch?v=gpVFDNsvpvY,Reaper,Etalus,Average Alex,Kragg,Immortal Fight Night #226,Lsrs Final,2025-05-29 14:22:03+00:00
https://www.youtube.com/watch?v=ouZ78d1H5jc,Average Alex,Kragg,Grunk,Zetterburn,Immortal Fight Night #226 Grand Final,,2025-05-29 14:22:05+00:00
https://www.youtube.com/watch?v=CuAoY74lP1w,Djentleman,Zetterburn,TreyTheTrashman,Loxodont,"Trey's Trashcan May 27, 2025  ",,2025-05-30 19:09:05+00:00
https://www.youtube.com/watch?v=HBpd2lfLrOA,lolnice,Fleet,Djentleman,Zetterburn,"Trey's Trashcan May 27, 2025  ",,2025-05-30 19:09:05+00:00
https://www.youtube.com/watch?v=WHA2vR3623M,lolnice,Fleet,PotatoesAreYum,Loxodont,"Trey's Trashcan May 27, 2025  ",,2025-05-30 19:09:05+00:00
https://www.youtube.com/watch?v=6yZHSFJFsQs,Rugs,Zetterburn,PotatoesAreYum,Loxodont,"Trey's Trashcan May 27, 2025  ",,2025-05-30 19:09:05+00:00
https://www.youtube.com/watch?v=WxWMcjgFxQ8,Wisp,Fleet,Djentleman,Zetterburn,"Trey's Trashcan May 27, 2025  ",,2025-05-30 19:09:05+00:00
https://www.youtube.com/watch?v=ZjYzxoYsFIA,Wisp,Fleet,OriMori,Kragg,"Trey's Trashcan May 27, 2025  ",,2025-05-30 19:11:29+00:00
https://www.youtube.com/watch?v=Bumy2-6OG5c,Searing Arrow,Clairen,MonkadS,Forsburn,R2AS #4,Pools Winners Round 3,2025-05-31 08:30:04+00:00
https://www.youtube.com/watch?v=oNc5J3rB9bU,Truth,Forsburn,F4keNotR3al,Loxodont,R2AS #4,Pools Winners Round 1,2025-05-31 08:30:07+00:00
https://www.youtube.com/watch?v=roTNMHgDhDw,Meow,Maypul,TekAjpu,Maypul,R2AS #4,Pools Winners Round 2,2025-05-31 08:30:10+00:00
https://www.youtube.com/watch?v=t3PAQUh51O4,Truthsinger,Clairen,The Reek,Loxodont,R2AS #4,Pools Winners Round 3,2025-05-31 08:30:13+00:00
https://www.youtube.com/watch?v=c-aKBdy0jEs,Merp,Wrastor,The Concept of De4th,Fleet,R2AS #4,Top 8 Losers Quarters,2025-05-31 08:30:18+00:00
https://www.youtube.com/watch?v=N_0cH2GAKEQ,Searing Arrow,Clairen,Arbar,Maypul,R2AS #4,Top 8 Grand Finals,2025-05-31 08:30:23+00:00
https://www.youtube.com/watch?v=5NQOHj7Pwnc,Arbar,Maypul,Lone,Maypul,R2AS #4,Top 8 Winners Semis,2025-05-31 08:30:26+00:00
https://www.youtube.com/watch?v=FtPXWDxcGPo,Lone,Maypul,Merp,Wrastor,R2AS #4,Pools Winners Quarters,2025-05-31 08:30:29+00:00
https://www.youtube.com/watch?v=9hRb1jqNehE,Searing Arrow,Clairen,The Concept of De4th,Fleet,R2AS #4,Top 8 Winners Semis,2025-05-31 08:30:32+00:00
https://www.youtube.com/watch?v=rd5xB3pYevg,Merp,Wrastor,Meow,Maypul,R2AS #4,Losers Top 8,2025-05-31 08:30:39+00:00
https://www.youtube.com/watch?v=I31CPCLpfuo,Arbar,Maypul,Landkon2,Loxodont,R2AS #4,Top 8 Losers Quarters,2025-05-31 08:30:43+00:00
https://www.youtube.com/watch?v=JvhbGbRh3lw,Merp,Wrastor,Arbar,Maypul,R2AS #4,Top 8 Losers Semis,2025-05-31 08:30:47+00:00
https://www.youtube.com/watch?v=itkhZae0S2s,Lone,Maypul,Arbar,Maypul,R2AS #4,Top 8 Losers Finals,2025-05-31 08:30:51+00:00
https://www.youtube.com/watch?v=xuMINzFUcgI,MonkadS,Forsburn,Landkon2,Loxodont,R2AS #4,Losers Top 8,2025-05-31 08:30:55+00:00
https://www.youtube.com/watch?v=mOVyMPYCbsM,CakeAssault,Forsburn,Beastly,Zetterburn,Patchwork 2025,Grand Finals,2025-06-01 00:00:00+00:00
https://www.youtube.com/watch?v=fs9jmpgMst8,Beastly,Zetterburn,Teri,Olympia,Patchwork 2025,Losers Finals,2025-06-01 00:00:00+00:00
https://www.youtube.com/watch?v=HteLc7vk43o,Jmac,Ranno,Teri,Olympia,Patchwork 2025,Losers Semis,2025-06-01 00:00:00+00:00
https://www.youtube.com/watch?v=SaXqGQLbJqU,CakeAssault,Forsburn,Beastly,Zetterburn,Patchwork 2025,Winners Finals,2025-06-01 00:00:00+00:00
https://www.youtube.com/watch?v=i7vmjQ0xZJE,PiggyG,Etalus,Teri,Olympia,Patchwork 2025,Top 8,2025-06-01 00:00:00+00:00
https://www.youtube.com/watch?v=hCHSNajIB9s,Lucius,Ranno,Jmac,Ranno,Patchwork 2025,Top 8,2025-06-01 00:00:00+00:00
https://www.youtube.com/watch?v=G9YnRVBXiJw,Lucius,Ranno,CakeAssault,Forsburn,Patchwork 2025,Top 8,2025-06-01 00:00:00+00:00
https://www.youtube.com/watch?v=BNlTJ5gnDfM,Teri,Olympia,Beastly,Zetterburn,Patchwork 2025,Top 8,2025-06-01 00:00:00+00:00
https://www.youtube.com/watch?v=Ue8mrGYTWIE,Jmac,Ranno,Dingo,Forsburn,Patchwork 2025,Top 8,2025-06-01 00:00:00+00:00
https://www.youtube.com/watch?v=4VMFP0QQM14, Firmiggio,Orcane,Solid,Zetterburn,Aether Reborn #4,Winners Quarters,2025-06-02 14:27:03+00:00
https://www.youtube.com/watch?v=assruh4Zrrs,Jix,Wrastor,Genarog,Fleet,Aether Reborn #4,Winners Quarters,2025-06-02 14:27:52+00:00
https://www.youtube.com/watch?v=0q5h8nlWzpI,Andry,Kragg,Alpha,Zetterburn,Aether Reborn #4,Losers Round 3,2025-06-02 14:28:47+00:00
https://www.youtube.com/watch?v=BgiwlF0__I4,Firmiggio,Orcane,David,Wrastor,Aether Reborn #4,Losers Round 3,2025-06-02 14:28:47+00:00
https://www.youtube.com/watch?v=729mONpUFI8,Jix,Wrastor,Alpha,Zetterburn,Aether Reborn #4,Top 8 LR1,2025-06-02 14:29:09+00:00
https://www.youtube.com/watch?v=OLzJKMR9nEU,CarbonAnanas,Clairen,Firmiggio,Orcane,Aether Reborn #4,Top 8 LR1,2025-06-02 14:29:43+00:00
https://www.youtube.com/watch?v=-TrhrB0p-pM,Solid,Zetterburn,Impasse,Zetterburn,Aether Reborn #4,Winners Semis,2025-06-02 14:30:05+00:00
https://www.youtube.com/watch?v=XXHXIUyAIQ8,DonCascone,Loxodont,Genarog,Fleet,Aether Reborn #4,Winners Semis,2025-06-02 14:30:31+00:00
https://www.youtube.com/watch?v=s1USNYnvZX8,Solid,Zetterburn,Jix,Wrastor,Aether Reborn #4,Losers Quarters,2025-06-02 14:30:54+00:00
https://www.youtube.com/watch?v=8MhPJ4yoBwI,Firmiggio,Orcane,Genarog,Fleet,Aether Reborn #4,Losers Quarters,2025-06-02 14:31:20+00:00
https://www.youtube.com/watch?v=hV5kYpEZRzo,DonCascone,Loxodont,Impasse,Zetterburn,Aether Reborn #4,Winners Final,2025-06-02 14:31:41+00:00
https://www.youtube.com/watch?v=EoEo0xw5V4g,Firmiggio,Orcane,Solid,Zetterburn,Aether Reborn #4,Losers Semis,2025-06-02 14:32:34+00:00
https://www.youtube.com/watch?v=Z3oMQkLH8YE,DonCascone,Loxodont,Solid,Zetterburn,Aether Reborn #4,Losers Final,2025-06-02 14:32:57+00:00
https://www.youtube.com/watch?v=vVsmmaaGMTQ,DonCascone,Loxodont,Impasse,Zetterburn,Aether Reborn #4,Grand Final,2025-06-02 14:33:19+00:00
https://www.youtube.com/watch?v=2bNEQHE_NSo,Helix,Fleet,Superdog,Clairen,Run The Rivals #14,Winners R1,2025-06-03 02:26:17+00:00
https://www.youtube.com/watch?v=D_Sr8NV1mCw,sans.,Wrastor,Mirai_,Ranno,Run The Rivals #14,Winners Quarters,2025-06-03 02:26:56+00:00
https://www.youtube.com/watch?v=xp4M19vQiA4,Mastronarde,Forsburn,Sean Sorey,Clairen,Run The Rivals #14,Winners Semis,2025-06-03 02:27:12+00:00
https://www.youtube.com/watch?v=kxa130Pnx5A,Mirai_,Ranno,Superdog,Clairen,Run The Rivals #14,Losers Top 8,2025-06-03 02:27:36+00:00
https://www.youtube.com/watch?v=tqnyZL3Xu4k,Sean Sorey,Clairen,ADDICT,Zetterburn,Run The Rivals #14,Winners Quarters,2025-06-03 02:27:39+00:00
https://www.youtube.com/watch?v=cgUvOw-zZsM,Landon,Clairen,Mastronarde,Forsburn,Run The Rivals #14,Winners Finals,2025-06-03 02:27:46+00:00
https://www.youtube.com/watch?v=2vkk1wDh9do,sans.,Wrastor,Landon,Clairen,Run The Rivals #14,Losers Finals,2025-06-03 02:28:34+00:00
https://www.youtube.com/watch?v=ts97zxBngfg,Landon,Clairen,Mastronarde,Forsburn,Run The Rivals #14,Grand Finals,2025-06-03 02:28:45+00:00
https://www.youtube.com/watch?v=UD6Jt1HZBbY,Sean Sorey,Clairen,sans.,Wrastor,Run The Rivals #14,Losers Semis,2025-06-03 02:28:53+00:00
https://www.youtube.com/watch?v=eYuTQUNsbUE,Landon,Clairen,sans.,Wrastor,Run The Rivals #14,Winners Semis,2025-06-03 02:28:53+00:00
https://www.youtube.com/watch?v=TYyGxICO5po,Kobazco,Loxodont,paperwingedowl,Loxodont,Run The Rivals #14,Winners R1,2025-06-03 02:30:48+00:00
https://www.youtube.com/watch?v=5fUYwMKQcEc,Air Gordon,Fleet,Ev,Kragg,Fusion #253,Winners Round 1 ,2025-06-04 16:34:31+00:00
https://www.youtube.com/watch?v=8xSnB90UKqE,nines,Clairen,Elu,Ranno,Fusion #253,Winners Round 1 ,2025-06-04 16:34:40+00:00
https://www.youtube.com/watch?v=RXovZ_VLZwo,Bbatts,Fleet,Musiq,Clairen,Fusion #253,Winners Semi-Final ,2025-06-04 16:37:33+00:00
https://www.youtube.com/watch?v=tgvwsya0PmA,HamPolo,Zetterburn,CheesyPotato,Kragg,Fusion #253,Losers Final ,2025-06-04 16:39:27+00:00
https://www.youtube.com/watch?v=5tr2S2q9jcQ,Bbatts,Fleet,HamPolo,Zetterburn,Fusion #253,Grand Final,2025-06-04 16:40:43+00:00
https://www.youtube.com/watch?v=tX6I9ZV8mS0,CheesyPotato,Kragg,Musiq,Clairen,Fusion #253,Losers Semi-Final,2025-06-04 16:40:43+00:00
https://www.youtube.com/watch?v=Xe6z1LIaOV4,nard,Clairen,CheesyPotato,Kragg,Fusion #253,Losers Quarter-Final,2025-06-04 16:40:43+00:00
https://www.youtube.com/watch?v=-9KutYTCNGw,Bbatts,Fleet,HamPolo,Zetterburn,Fusion #253,Grand Final,2025-06-04 16:40:43+00:00
https://www.youtube.com/watch?v=cq3qEbm0w_A,Lunar,Maypul,HBA Mulldrifter,Loxodont,Fusion #253,Winners Round 2,2025-06-04 16:40:43+00:00
https://www.youtube.com/watch?v=liUsG8BTHbw,aubreyclo,Maypul,SolarBeam,Loxodont,Fusion #253,Winners Round 2,2025-06-04 16:40:43+00:00
https://www.youtube.com/watch?v=J4HtRypt8WQ,nard,Clairen,OoDa,Clairen,Fusion #253,Winners Quarters,2025-06-04 16:40:43+00:00
https://www.youtube.com/watch?v=y6Rt2UugRu8,BGunn,Olympia,QE,Clairen,Immortal Fight Night #227,Wnrs Rd Qrts,2025-06-04 20:22:39+00:00
https://www.youtube.com/watch?v=JTAXg4Wxp5o,Average Alex,Zetterburn,BGunn,Olympia,Immortal Fight Night #227 Wnrs Semi,,2025-06-04 20:22:43+00:00
https://www.youtube.com/watch?v=3gKQ8nxER6Q,Watherum,Ranno,Average Alex,Zetterburn,Immortal Fight Night #227 Wnrs Final,,2025-06-04 20:22:47+00:00
https://www.youtube.com/watch?v=3AnfgiKOKMs,QE,Clairen,ybm,Wrastor,Immortal Fight Night #227,Lsrs Semi,2025-06-04 20:22:50+00:00
https://www.youtube.com/watch?v=VWZ4NHLMgUQ,Watherum,Ranno,ybm,Wrastor,Immortal Fight Night #227,Lsrs Final,2025-06-04 20:22:52+00:00
https://www.youtube.com/watch?v=PonTK9vrJoY,Average Alex,Wrastor,Watherum,Ranno,Immortal Fight Night #227 Grand Final,,2025-06-04 20:22:54+00:00
https://www.youtube.com/watch?v=EHtWHpiBfiA,Suture,Ranno,ybm,Wrastor,Straight Into The Abyss #15,Wnrs Final,2025-06-06 16:00:19+00:00
https://www.youtube.com/watch?v=9qXx7ZY1T-A,Monocle Gentlesir,Clairen,Suture,Ranno,Straight Into The Abyss #15,Wnrs Semi,2025-06-06 16:00:30+00:00
https://www.youtube.com/watch?v=PjV9791-ZmE,ybm,Wrastor,Suture,Ranno,Straight Into The Abyss #15,Grand Finals,2025-06-06 16:00:48+00:00
https://www.youtube.com/watch?v=Th883jmOhB8,BGunn,Olympia,Treelst,Wrastor,Straight Into The Abyss #15,Wnrs Rd 1,2025-06-06 16:00:49+00:00
https://www.youtube.com/watch?v=ToMDZgskU5Q,Suture,Ranno,BGunn,Olympia,Straight Into The Abyss #15,Wnrs Qrts,2025-06-06 16:00:50+00:00
https://www.youtube.com/watch?v=WtN1TlAMbTY,Magma,Wrastor,Sh-Awe,Orcane,Straight Into The Abyss #15,Lsrs Semi,2025-06-06 16:00:57+00:00
https://www.youtube.com/watch?v=pQ5fmYsSpQA,ybm,Wrastor,Vastfollower,Zetterburn,Straight Into The Abyss #15,Wnrs Semi,2025-06-06 16:01:23+00:00
https://www.youtube.com/watch?v=prtNvwqL-fU,Suture,Ranno,Magma,Wrastor,Straight Into The Abyss #15,Lsrs Final,2025-06-06 16:01:33+00:00
https://www.youtube.com/watch?v=svxk-7Lh77E,Landkon2,Loxodont,Mr. Nicefire,Zetterburn,R2AS #5,Pools Winners Quarters,2025-06-07 08:56:33+00:00
https://www.youtube.com/watch?v=kQD6GCujww0,Astra,Maypul,Mr. Nicefire,Zetterburn,R2AS #5,Top 8 Losers Quarters,2025-06-07 08:56:40+00:00
https://www.youtube.com/watch?v=dcP_oKLI2zw,Landkon2,Loxodont,OneWithanOrgan,Forsburn,R2AS #5,Pools Winners Round 2,2025-06-07 08:57:02+00:00
https://www.youtube.com/watch?v=s20I5lakGnU,Mr. Nicefire,Zetterburn,Drovi,Zetterburn,R2AS #5,Losers Top 8,2025-06-07 08:59:30+00:00
https://www.youtube.com/watch?v=z17ghzTTnEY,Searing Arrow,Clairen,Landkon2,Loxodont,R2AS #5,Top 8 Winners Semis,2025-06-07 09:02:30+00:00
https://www.youtube.com/watch?v=lSZffj6qT08,Lone,Maypul,Landkon2,Loxodont,R2AS #5,Top 8 Winners Finals,2025-06-07 09:02:46+00:00
https://www.youtube.com/watch?v=NO1fpQ9fOQg,Searing Arrow,Clairen,Astra,Maypul,R2AS #5,Top 8 Losers Semis,2025-06-07 09:02:48+00:00
https://www.youtube.com/watch?v=RHwL24R_5ag,Searing Arrow,Clairen,Landkon2,Loxodont,R2AS #5,Top 8 Losers Finals,2025-06-07 09:04:47+00:00
https://www.youtube.com/watch?v=wqz9JS5nDtI,Astra,Maypul,Lone,Maypul,R2AS #5,Top 8 Winners Semis,2025-06-07 09:05:30+00:00
https://www.youtube.com/watch?v=fUBRSJD4wno,Searing Arrow,Clairen,Jonny Jarko,Clairen,R2AS #5,Top 8 Losers Quarters,2025-06-07 09:05:47+00:00
https://www.youtube.com/watch?v=8gdJdYr9pUU,Lone,Maypul,Landkon2,Loxodont,R2AS #5,Top 8 Grand Finals,2025-06-07 09:25:45+00:00
https://www.youtube.com/watch?v=ecVxU_kQPlQ,CarbonAnanas,Clairen,Mapiz,Zetterburn,Aether Reborn #4,Winners Round 2,2025-06-08 17:12:48+00:00
https://www.youtube.com/watch?v=acSglhnB6d4,Porqpine21,Zetterburn,Just Ice,Clairen,Champions of Asia #20,Pools,2025-06-09 07:36:26+00:00
https://www.youtube.com/watch?v=bGzvzYOIolY,Porqpine21,Zetterburn,Splash,Maypul,Champions of Asia #20,Pools,2025-06-09 07:36:26+00:00
https://www.youtube.com/watch?v=dD3eM4mmwWQ,DominoDropkix,Loxodont,Splash,Maypul,Champions of Asia #20,Pools,2025-06-09 07:36:26+00:00
https://www.youtube.com/watch?v=-hlkMCrSDkg,Porqpine21,Zetterburn,DominoDropkix,Loxodont,Champions of Asia #20,Pools,2025-06-09 07:36:26+00:00
https://www.youtube.com/watch?v=qFSUuYaC5Ko,Porqpine21,Zetterburn,Thooku,Kragg,Champions of Asia #20,Pools,2025-06-09 07:36:26+00:00
https://www.youtube.com/watch?v=oS4xXo9fXMI,Aikawa,Kragg,Splash,Maypul,Champions of Asia #20,Semifinals,2025-06-09 07:36:26+00:00
https://www.youtube.com/watch?v=jw-FIP0WyIo,Porqpine21,Zetterburn,ChocolatJP,Ranno,Champions of Asia #20,Semifinals,2025-06-09 07:36:26+00:00
https://www.youtube.com/watch?v=_-apSDgtmyw,ChocolatJP,Ranno,Splash,Maypul,Champions of Asia #20,Grand Final,2025-06-09 07:36:26+00:00
https://www.youtube.com/watch?v=-9qmnZClrCw,Anth0ntt,Clairen,vanbungle,Maypul,Run The Rivals #15,Winners Round 1,2025-06-10 02:33:38+00:00
https://www.youtube.com/watch?v=T4f52MKznV8,Veka,Clairen,Landon,Clairen,Run The Rivals #15,Winners Semis,2025-06-10 02:34:01+00:00
https://www.youtube.com/watch?v=cuL7cM8pEwU,Wisely,Maypul,Love Tub,Loxodont,Run The Rivals #15,Winners Quarters,2025-06-10 02:34:09+00:00
https://www.youtube.com/watch?v=nrk7eiTUHcA,Veka,Clairen,Love Tub,Loxodont,Run The Rivals #15,Winners Finals,2025-06-10 02:34:22+00:00
https://www.youtube.com/watch?v=X-eyU_ASJDk,Landon,Clairen,Love Tub,Loxodont,Run The Rivals #15,Losers Finals,2025-06-10 02:35:12+00:00
https://www.youtube.com/watch?v=HHQLlKtZZsg,Hunter,Maypul,Love Tub,Loxodont,Run The Rivals #15,Winners Semis,2025-06-10 02:35:31+00:00
https://www.youtube.com/watch?v=6Rf5unqbw1M,Landon,Clairen,Hunter,Maypul,Run The Rivals #15,Losers Semis,2025-06-10 02:35:32+00:00
https://www.youtube.com/watch?v=JPBwXNctC5g,Landon,Clairen,Veka,Clairen,Run The Rivals #15,Grand Finals,2025-06-10 02:35:59+00:00
https://www.youtube.com/watch?v=zhBikodetpk,Average Alex,Ranno,Grunk,Zetterburn,Immortal Fight Night #228,Grand Final,2025-06-10 06:49:54+00:00
https://www.youtube.com/watch?v=7BuAiSAflzk,Grunk,Zetterburn,Watherum,Ranno,Immortal Fight Night #228 Lsrs Final,,2025-06-10 06:49:56+00:00
https://www.youtube.com/watch?v=Y2x7c6xEYPU,Watherum,Ranno,ybm,Wrastor,Immortal Fight Night #228 Lsrs Semi,,2025-06-10 06:49:58+00:00
https://www.youtube.com/watch?v=zXplUPUcp-w,Grunk,Zetterburn,Average Alex,Kragg,Immortal Fight Night #228 Wnrs Final,,2025-06-10 06:50:00+00:00
https://www.youtube.com/watch?v=kDJBirv1LtY,McDuckerz,Ranno,Mkok,Zetterburn,Gourmet Bash 4,Winners Semis,2025-06-10 20:36:12+00:00
https://www.youtube.com/watch?v=6ZEwLqyVQkg,McDuckerz,Ranno,Rongunshu,Loxodont,Gourmet Bash 4,Losers Finals,2025-06-10 20:36:53+00:00
https://www.youtube.com/watch?v=EjgAz4ysXKE,Rongunshu,Olympia,Godly,Ranno,Gourmet Bash 4,Grand Finals,2025-06-10 20:37:52+00:00
https://www.youtube.com/watch?v=IBTNZYrEMFc,alfoam,Loxodont,Goldy,Ranno,Gourmet Bash 4,Winners Quarters,2025-06-11 06:09:12+00:00
https://www.youtube.com/watch?v=3uwIyOslFJA,Canadien Poutine,Zetterburn,McDuckerz,Ranno,Gourmet Bash 4,WQuarters,2025-06-11 06:10:16+00:00
https://www.youtube.com/watch?v=68vQrqp-EZc,McDuckerz,Ranno,Rongunshu,Olympia,Gourmet Bash 4,Top 6 Qualifiers,2025-06-11 06:10:53+00:00
https://www.youtube.com/watch?v=0m7NmAbIBUw,Mkok,Zetterburn,CaKe,Olympia,Gourmet Bash 4,Winners Quarters,2025-06-11 06:11:27+00:00
https://www.youtube.com/watch?v=Q_lIxJLoE3o,Mkok,Zetterburn,Godly,Ranno,Gourmet Bash 4,Top 6 Qualifiers,2025-06-11 06:12:00+00:00
https://www.youtube.com/watch?v=YhYedfZMfts,Mkok,Zetterburn,Goljee,Ranno,Gourmet Bash 4,Losers Quarters,2025-06-11 06:12:31+00:00
https://www.youtube.com/watch?v=VupdCUzv1AI,Rongunshu,Olympia,Godly,Ranno,Gourmet Bash 4,Winners Finals,2025-06-11 06:13:11+00:00
https://www.youtube.com/watch?v=gPsrFl1XKII,Ev,Kragg,Coach Zeke,Olympia,Fusion #254,Winners Round 1 ,2025-06-11 06:20:08+00:00
https://www.youtube.com/watch?v=OSs0chzMjXU,Mulldrifter,Etalus,vooni,Fleet,Fusion #254,Winners Round 1,2025-06-11 06:25:36+00:00
https://www.youtube.com/watch?v=lvBZeKR4rGc,Lunar,Maypul,aubreyclo,Maypul,Fusion #254,Winners Quarter-Final,2025-06-11 06:28:57+00:00
https://www.youtube.com/watch?v=tvgRcJ33RLM,CheesyPotato,Kragg,Air Gordon,Fleet,Fusion #254,Winners Quarters,2025-06-11 06:33:10+00:00
https://www.youtube.com/watch?v=v0gpKuWmU0I,HamPolo,Zetterburn,aubreyclo,Maypul,Fusion #254,Winners Semi-Final,2025-06-11 06:36:38+00:00
https://www.youtube.com/watch?v=LLWsoCNVlzs,CheesyPotato,Kragg,max,Clairen,Fusion #254,Losers Final ,2025-06-11 06:40:41+00:00
https://www.youtube.com/watch?v=HHvxUFsD2Hk,HamPolo,Zetterburn,CheesyPotato,Kragg,Fusion #254,Winners Final,2025-06-11 06:44:21+00:00
https://www.youtube.com/watch?v=DPqg-3IO-Qo,aubreyclo,Maypul,max,Clairen,Fusion #254,Losers Semi-Final,2025-06-11 06:47:49+00:00
https://www.youtube.com/watch?v=RMXqA12ZXJE,CheesyPotato,Kragg,max,Clairen,Fusion #254,Losers Final,2025-06-11 06:49:35+00:00
https://www.youtube.com/watch?v=p7jVpmgIpRU,HamPolo,Zetterburn,CheesyPotato,Kragg,Fusion #254,Grand Final,2025-06-11 06:51:23+00:00
https://www.youtube.com/watch?v=n4cIM-aX60E,Beedrill,Olympia,Vuetzel,Wrastor,Trashcan Jun 11 2025,,2025-06-11 18:16:24+00:00
https://www.youtube.com/watch?v=IKMS8RclqTI,Christos,Olympia,Beedrill,Olympia,Trashcan Jun 11 2025,,2025-06-11 18:16:24+00:00
https://www.youtube.com/watch?v=ccaHkL6CbGg,Christos,Olympia,Wisp,Maypul,Trashcan Jun 11 2025,,2025-06-11 18:16:24+00:00
https://www.youtube.com/watch?v=pRphWX_2VwY,PotatoesAreYum,Loxodont,Femme,Fleet,Trashcan Jun 11 2025,,2025-06-11 18:16:24+00:00
https://www.youtube.com/watch?v=DnEhs59F_hY,PotatoesAreYum,Loxodont,Wisp,Maypul,Trashcan Jun 11 2025,,2025-06-11 18:16:24+00:00
https://www.youtube.com/watch?v=i6vItK5tF-g,Vuetzel,Wrastor,PotatoesAreYum,Loxodont,Trashcan Jun 11 2025,,2025-06-11 18:16:24+00:00
https://www.youtube.com/watch?v=QXA_PcTmgzE,PotatoesAreYum,Loxodont,Always,Ranno,Trashcan Jun 11 2025,GF Reset,2025-06-11 18:16:24+00:00
https://www.youtube.com/watch?v=iZqMvDyoVto,PotatoesAreYum,Loxodont,Always,Ranno,Trashcan Jun 11 2025,GF,2025-06-11 18:16:24+00:00
https://www.youtube.com/watch?v=-B6wOlbIkj4,Wisp,Maypul,Always,Ranno,Trashcan Jun 11 2025 LF,,2025-06-11 18:16:24+00:00
https://www.youtube.com/watch?v=DdVkrmjT1q0,Vuetzel,Wrastor,Always,Ranno,Trashcan Jun 11 2025 LS,,2025-06-11 18:16:24+00:00
https://www.youtube.com/watch?v=cAfY5D_MGpY,Merp,Wrastor,Astra,Maypul,R2AS #6,Top 8 Losers Quarters,2025-06-14 08:24:14+00:00
https://www.youtube.com/watch?v=orgow6Ac9KU,Emerald_87,Zetterburn,Astra,Maypul,R2AS #6,Top 8 Losers Finals,2025-06-14 08:24:17+00:00
https://www.youtube.com/watch?v=aZGMMIgikKs,Merp,Wrastor,Emerald_87,Zetterburn,R2AS #6,Top 8 Winners Semis,2025-06-14 08:24:19+00:00
https://www.youtube.com/watch?v=EhzRZLNA4J0,Lone,Maypul,dosboxfalco,Zetterburn,R2AS #6,Top 8 Winners Semis,2025-06-14 08:24:22+00:00
https://www.youtube.com/watch?v=7Ho8qZRod9k,Astra,Maypul,dosboxfalco,Zetterburn,R2AS #6,Top 8 Losers Semis,2025-06-14 08:24:24+00:00
https://www.youtube.com/watch?v=H6jNG_re7BQ,Hobby,Kragg,Stellice,Fleet,R2AS #6,Winners Round 2 Pools,2025-06-14 08:24:26+00:00
https://www.youtube.com/watch?v=tjygSdcQkhw,Lone,Maypul,Emerald_87,Zetterburn,R2AS #6,Top 8 Winners Finals,2025-06-14 08:24:29+00:00
https://www.youtube.com/watch?v=R5DtaXwT_WI,Lone,Maypul,Astra,Maypul,R2AS #6,Top 8 Grand Finals,2025-06-14 08:24:32+00:00
https://www.youtube.com/watch?v=AULWOFWRxFA,Astra,Maypul,Sky,Kragg,R2AS #6,Losers Top 8,2025-06-14 08:24:39+00:00
https://www.youtube.com/watch?v=_73Mr8kvgXo,Merp,Wrastor,Searing Arrow,Clairen,R2AS #6,Pools Winners Quarters,2025-06-14 08:24:42+00:00
https://www.youtube.com/watch?v=KncpLpf15I4,Searing Arrow,Clairen,dosboxfalco,Zetterburn,R2AS #6,Top 8 Losers Quarters,2025-06-14 08:24:45+00:00
https://www.youtube.com/watch?v=8BXLyK-iMXM,The Reek,Loxodont,Astra,Maypul,R2AS #6,Pools Winners Quarters,2025-06-14 08:24:48+00:00
https://www.youtube.com/watch?v=4LRL-DWDfok,Emerald_87,Zetterburn,Taylor,Fleet,R2AS #6,Pools Winners Quarters,2025-06-14 08:24:54+00:00
https://www.youtube.com/watch?v=ve_tefzBxQw&t=11,Lucius,Ranno,vibe,Clairen,CEO 2025,Top 32 WR1,2025-06-15 21:33:44+00:00
https://www.youtube.com/watch?v=ve_tefzBxQw&t=666,sinbad,Maypul,Dakpo,Wrastor,CEO 2025,Top 32 WR1,2025-06-15 21:33:44+00:00
https://www.youtube.com/watch?v=ve_tefzBxQw&t=1618,Shrug Club | Sophilo,Zetterburn,VIBE | CheesyPotato,Kragg,CEO 2025,Top 32 WR1,2025-06-15 21:33:44+00:00
https://www.youtube.com/watch?v=ve_tefzBxQw&t=2643,BOIKO | Stango,Kragg,vibe,Clairen,CEO 2025,Top 32 WQF,2025-06-15 21:33:44+00:00
https://www.youtube.com/watch?v=ve_tefzBxQw&t=3984,LG | Marlon,Orcane,Dakpo,Wrastor,CEO 2025,Top 32 WQF,2025-06-15 21:33:44+00:00
https://www.youtube.com/watch?v=ve_tefzBxQw&t=4989,CakeAssault,Forsburn,DuoBullKast | elkiies,Maypul,CEO 2025,Top 32 WQF,2025-06-15 21:33:44+00:00
https://www.youtube.com/watch?v=ve_tefzBxQw&t=5755,Shrug Club | Sophilo,Zetterburn,DTL | Kero,Olympia,CEO 2025,Top 32 WQF,2025-06-15 21:33:44+00:00
https://www.youtube.com/watch?v=ve_tefzBxQw&t=6439,Dakpo,Wrastor,AoC | Acorn,Zetterburn,CEO 2025,Top 32 LR4,2025-06-15 21:33:44+00:00
https://www.youtube.com/watch?v=ve_tefzBxQw&t=7613,vibe,Clairen,NE | ZeeBee,Kragg,CEO 2025,Top 32 LR4,2025-06-15 21:33:44+00:00
https://www.youtube.com/watch?v=ve_tefzBxQw&t=9257,DuoBullKast | elkiies,Maypul,LG | Sandstorm,Olympia,CEO 2025,Top 32 LR4,2025-06-15 21:33:44+00:00
https://www.youtube.com/watch?v=P68WVv2vwpc&t=7,Ant,Ranno,AoC | Acorn,Zetterburn,CEO 2025,Top 8 LR1,2025-06-15 21:33:44+00:00
https://www.youtube.com/watch?v=P68WVv2vwpc&t=1230,NE | ZeeBee,Kragg,DuoBullKast | elkiies,Maypul,CEO 2025,Top 8 LR1,2025-06-15 21:33:44+00:00
https://www.youtube.com/watch?v=P68WVv2vwpc&t=2185,BOIKO | Stango,Kragg,CakeAssault,Forsburn,CEO 2025,Top 8 WSF,2025-06-15 21:33:44+00:00
https://www.youtube.com/watch?v=P68WVv2vwpc&t=3611,LG | Marlon,Orcane,Shrug Club | Sophilo,Zetterburn,CEO 2025,Top 8 WSF,2025-06-15 21:33:44+00:00
https://www.youtube.com/watch?v=P68WVv2vwpc&t=4753,BOIKO | Stango,Zetterburn,Ant,Ranno,CEO 2025,Top 8 LQF,2025-06-15 21:33:44+00:00
https://www.youtube.com/watch?v=P68WVv2vwpc&t=5870,LG | Marlon,Orcane,DuoBullKast | elkiies,Maypul,CEO 2025,Top 8 LQF,2025-06-15 21:33:44+00:00
https://www.youtube.com/watch?v=P68WVv2vwpc&t=6621,CakeAssault,Forsburn,Shrug Club | Sophilo,Zetterburn,CEO 2025,Top 8 WF,2025-06-15 21:33:44+00:00
https://www.youtube.com/watch?v=P68WVv2vwpc&t=7560,LG | Marlon,Orcane,Ant,Ranno,CEO 2025,Top 8 LSF,2025-06-15 21:33:44+00:00
https://www.youtube.com/watch?v=P68WVv2vwpc&t=9012,CakeAssault,Forsburn,Ant,Ranno,CEO 2025,Top 8 LF,2025-06-15 21:33:44+00:00
https://www.youtube.com/watch?v=P68WVv2vwpc&t=10152,Shrug Club | Sophilo,Zetterburn,CakeAssault,Forsburn,CEO 2025,Top 8 GF,2025-06-15 21:33:44+00:00
https://www.youtube.com/watch?v=jwgaUtET1g0&t=0,Olsen,Orcane,Striderx,Clairen,CEO 2025,H Pools,2025-06-15 21:33:44+00:00
https://www.youtube.com/watch?v=jwgaUtET1g0&t=659,Uncle Moton,Clairen,OSH9,Olympia,CEO 2025,H Pools,2025-06-15 21:33:44+00:00
https://www.youtube.com/watch?v=jwgaUtET1g0&t=1399,Thrownorc,Wrastor,Dano,Clairen,CEO 2025,H Pools,2025-06-15 21:33:44+00:00
https://www.youtube.com/watch?v=jwgaUtET1g0&t=2119,Sandstorm,Olympia,Mida,Clairen,CEO 2025,H Pools,2025-06-15 21:33:44+00:00
https://www.youtube.com/watch?v=jwgaUtET1g0&t=2762,Marlon,Orcane,Dano,Clairen,CEO 2025,H Pools,2025-06-15 21:33:44+00:00
https://www.youtube.com/watch?v=jwgaUtET1g0&t=3309,Acorn,Zetterburn,Kero,Olympia,CEO 2025,H Pools,2025-06-15 21:33:44+00:00
https://www.youtube.com/watch?v=jwgaUtET1g0&t=3947,ZeeBee,Kragg,Sandstorm,Olympia,CEO 2025,H Pools,2025-06-15 21:33:44+00:00
https://www.youtube.com/watch?v=jwgaUtET1g0&t=4802,Backpack?,Ranno,Gekkingga,Loxodont,CEO 2025,H Pools,2025-06-15 21:33:44+00:00
https://www.youtube.com/watch?v=jwgaUtET1g0&t=5504,Thrownorc,Wrastor,Applewiz,Wrastor,CEO 2025,H Pools,2025-06-15 21:33:44+00:00
https://www.youtube.com/watch?v=eN_K0wfFDJE,EC | Domnique,Zetterburn,DD | Major,Clairen,Oregon Arcadian II,Pools,2025-06-17 05:44:47+00:00
https://www.youtube.com/watch?v=IIM4wfUbcVE,Xena,Fleet,Theta Juice,Olympia,Oregon Arcadian II,Pools,2025-06-17 05:47:01+00:00
https://www.youtube.com/watch?v=lNX92Z3qwwQ,Roofon,Kragg,Furret,Ranno,Oregon Arcadian II,Pools,2025-06-17 05:50:06+00:00
https://www.youtube.com/watch?v=Ax7CiXE8ToE,kapl,Clairen,ianology,Wrastor,Oregon Arcadian II,Winners Quarterfinals,2025-06-17 05:57:50+00:00
https://www.youtube.com/watch?v=TvdS9fcU9gY,Xena,Fleet,Gengur,Forsburn,Oregon Arcadian II,Winners Quarterfinals,2025-06-17 05:58:54+00:00
https://www.youtube.com/watch?v=amGNOSRJ9q4,Sawstep,Fleet,wonder682,Etalus,Oregon Arcadian II,Winners Quarterfinals,2025-06-17 06:01:15+00:00
https://www.youtube.com/watch?v=coD1g7HWa60,kapl,Clairen,EC | Domnique,Zetterburn,Oregon Arcadian II,Winners Semifinals,2025-06-17 06:06:30+00:00
https://www.youtube.com/watch?v=Id-jAb6Ivaw,Sawstep,Olympia,Gengur,Clairen,Oregon Arcadian II,Winners Semifinals,2025-06-17 06:10:29+00:00
https://www.youtube.com/watch?v=sOoeD2F6amY,Gengur,Clairen,EC | Domnique,Zetterburn,Oregon Arcadian II,Winners Finals,2025-06-17 06:15:08+00:00
https://www.youtube.com/watch?v=FBKtEJFMZtE,EC | Domnique,Zetterburn,Sawstep,Olympia,Oregon Arcadian II,Losers Finals,2025-06-17 06:18:26+00:00
https://www.youtube.com/watch?v=dEgQCR5Z2Os,EC | Domnique,Zetterburn,Gengur,Clairen,Oregon Arcadian II,Grand Finals,2025-06-17 06:24:57+00:00
https://www.youtube.com/watch?v=6q6nzkr6ls8,CyberHex,Clairen,quack,Kragg,Chef&#39;s Choice #11,Winners Round 1,2025-06-17 16:15:01+00:00
https://www.youtube.com/watch?v=OQtJebiXKKk,Jimnub,Ranno,CyberHex,Clairen,Chef&#39;s Choice #11,Winners Semis,2025-06-17 16:30:19+00:00
https://www.youtube.com/watch?v=HP0Q9xle0yI,Takkun,Fleet,WDR | Triforce!,Forsburn,Chef&#39;s Choice #11,Winners Semis,2025-06-17 16:45:04+00:00
https://www.youtube.com/watch?v=TGtyLtMpq7k,Jimnub,Ranno,WDR | Triforce!,Forsburn,Chef&#39;s Choice #11,Winners Finals,2025-06-17 17:00:41+00:00
https://www.youtube.com/watch?v=Eaj7jo7Tsyc,Takkun,Fleet,CyberHex,Clairen,Chef&#39;s Choice #11,Losers Semis,2025-06-17 17:15:01+00:00
https://www.youtube.com/watch?v=nz0tB93WQNU,WDR | Triforce!,Forsburn,CyberHex,Clairen,Chef&#39;s Choice #11,Losers Finals,2025-06-17 17:30:27+00:00
https://www.youtube.com/watch?v=FdxEbXXEzqw,Jimnub,Ranno,WDR | Triforce!,Forsburn,Chef&#39;s Choice #11,Grand Finals,2025-06-17 17:45:00+00:00
https://www.youtube.com/watch?v=PSb5aw3GQso,Veka,Clairen,SongofChaos,Clairen,Run The Rivals #16,,2025-06-17 20:11:41+00:00
https://www.youtube.com/watch?v=AaDSoo0ug5c,veka,Clairen,cheat,Etalus,Run The Rivals #16,,2025-06-17 20:11:41+00:00
https://www.youtube.com/watch?v=VpT_bIttfo0,Superdog,Clairen,Hunter,Maypul,Run The Rivals #16,,2025-06-17 20:15:58+00:00
https://www.youtube.com/watch?v=o0FzkOESx4A,Landon,Clairen,Veka,Clairen,Run The Rivals #16,,2025-06-17 20:17:50+00:00
https://www.youtube.com/watch?v=PtzOhixdN98,Landon,Clairen,BlazeK,Olympia,Run The Rivals #16,,2025-06-17 20:19:57+00:00
https://www.youtube.com/watch?v=HMOVwSapOwQ,Landon,Clairen,Hunter,Maypul,Run The Rivals #16,,2025-06-17 20:22:51+00:00
https://www.youtube.com/watch?v=XbRjzT57Bis,Hunter,Maypul,Cheat,Etalus,Run The Rivals #16,,2025-06-17 20:25:22+00:00
https://www.youtube.com/watch?v=EC7jecAadgY,Hunter,Maypul,Landon,Clairen,Run The Rivals #16,,2025-06-17 20:29:48+00:00
https://www.youtube.com/watch?v=f7EnzaWd7p4,Landon,Clairen,Veka,Clairen,Run The Rivals #16,,2025-06-17 20:31:27+00:00
https://www.youtube.com/watch?v=2BCnh4uFA2A,Xena,Fleet,BSC | Re:Cupid,Zetterburn,Smashed to Pieces #79,Winners Semifinals,2025-06-18 09:58:05+00:00
https://www.youtube.com/watch?v=jDsP6c3tbmI,maya,Orcane,Takken,Etalus,Smashed to Pieces #79,Winners Semifinals,2025-06-18 09:59:44+00:00
https://www.youtube.com/watch?v=YL8vtRU4v18,BSC UW | Re:Cupid,Zetterburn,maya,Orcane,Smashed to Pieces #79,Winners Finals,2025-06-18 10:02:29+00:00
https://www.youtube.com/watch?v=BOt8INjfoA4,Takken,Etalus,Blank Mauser,Fleet,Smashed to Pieces #79,Losers Semifinals,2025-06-18 10:04:11+00:00
https://www.youtube.com/watch?v=afBqmr78njc,maya,Orcane,Takken,Etalus,Smashed to Pieces #79,Losers Finals,2025-06-18 10:07:20+00:00
https://www.youtube.com/watch?v=4VRfOQELbzw,maya,Orcane,BSC | Re:Cupid,Zetterburn,Smashed to Pieces #79,Grand Finals,2025-06-18 10:07:25+00:00
https://www.youtube.com/watch?v=LHWHftzc1QU,ybm,Wrastor,Minty!,Olympia,Immortal Fight Night #228,Wnrs Qrts,2025-06-20 03:21:56+00:00
https://www.youtube.com/watch?v=Ocgyx1BRlcM,Average Alex,Forsburn,Sh-Awe,Orcane,Immortal Fight Night #228,Wnrs Qrts,2025-06-20 03:21:58+00:00
https://www.youtube.com/watch?v=pvKNlvj_bFk,Watherum,Ranno,Reaper,Etalus,Immortal Fight Night #228 Wnrs Semi,,2025-06-20 03:22:00+00:00
https://www.youtube.com/watch?v=tJLDOIq8g8o,Reaper,Etalus,Average Alex,Kragg,Immortal Fight Night #228 Wnrs Final,,2025-06-20 03:22:04+00:00
https://www.youtube.com/watch?v=ZbPmuXResFI,ybm,Wrastor,Toiler,Loxodont,Immortal Fight Night #228,Lsrs Qrts,2025-06-20 03:22:06+00:00
https://www.youtube.com/watch?v=k96mT15lmp8,Watherum,Ranno,ybm,Wrastor,Immortal Fight Night #228 Lsrs Semi,,2025-06-20 03:22:08+00:00
https://www.youtube.com/watch?v=d2Nt-C1IoqQ,Reaper,Etalus,Watherum,Ranno,Immortal Fight Night #228,Lsrs Final,2025-06-20 03:22:10+00:00
https://www.youtube.com/watch?v=m9zOU-QkNII,Average Alex,Kragg,Reaper,Etalus,Immortal Fight Night #228,Grand Final,2025-06-20 03:22:12+00:00
https://www.youtube.com/watch?v=m4YdfAJbcEs,Sh-Awe,Orcane,Oculus,Maypul,Straight Into The Abyss #16,Wnrs Rd 1,2025-06-20 03:27:54+00:00
https://www.youtube.com/watch?v=PhccNoYexJg,Reaper,Clairen,Oculus,Maypul,Straight Into The Abyss #16,Wnrs Qrts,2025-06-20 03:27:57+00:00
https://www.youtube.com/watch?v=1e6kcKzb5iU,Reaper,Clairen,Suture,Ranno,Straight Into The Abyss #16,Wnrs Semi,2025-06-20 03:28:00+00:00
https://www.youtube.com/watch?v=hT5tFDrVuKE,Monocle GS,Maypul,Average Alex,Forsburn,Straight Into The Abyss #16,Wnrs Semi,2025-06-20 03:28:02+00:00
https://www.youtube.com/watch?v=25AjkPqkVUY,Average Alex,Forsburn,Reaper,Clairen,Straight Into The Abyss #16,Wnrs Final,2025-06-20 03:28:04+00:00
https://www.youtube.com/watch?v=9HnKN92XWd8,Suture,Ranno,ybm,Wrastor,Straight Into The Abyss #16,Lsrs Semi,2025-06-20 03:28:06+00:00
https://www.youtube.com/watch?v=-ovTkfgfM50,Suture,Ranno,Reaper,Clairen,Straight Into The Abyss #16,Lsrs Final,2025-06-20 03:28:08+00:00
https://www.youtube.com/watch?v=Bor6Q1bqfE4,Average Alex,Zetterburn,Reaper,Clairen,Straight Into The Abyss #16,Grand Finals,2025-06-20 03:28:10+00:00
https://www.youtube.com/watch?v=n_2Lg80PiMQ,Beedrill,Olympia,OriMori,Ranno,Casa de Smash,,2025-06-21 03:56:51+00:00
https://www.youtube.com/watch?v=OLRGWSmoHEY,iOn,Etalus,Beedrill,Olympia,Casa de Smash,,2025-06-21 03:57:39+00:00
https://www.youtube.com/watch?v=NzZYHTO11BQ,i0n,Etalus,Boggle,Maypul,Casa de Smash,,2025-06-21 03:58:15+00:00
https://www.youtube.com/watch?v=G3T6Vt5K0M0,BillySporkin,Kragg,OriMori,Ranno,Casa de Smash,,2025-06-21 03:58:48+00:00
https://www.youtube.com/watch?v=iMIEidacX-E,i0n,Etalus,PotatoesAreYum,Loxodont,Casa de Smash,,2025-06-21 03:59:25+00:00
https://www.youtube.com/watch?v=SjRNj2rGJcQ,Kaido,Loxodont,Star,Clairen,La Chibi Rocket 2025,GF,2025-06-22 21:55:36+00:00
https://www.youtube.com/watch?v=8uoiOEy2y48,Kaido,Loxodont,Nerito,Olympia,La Chibi Rocket 2025,LF,2025-06-22 21:55:41+00:00
https://www.youtube.com/watch?v=-p7N6VSzpmw,Kaido,Loxodont,Raider,Zetterburn,La Chibi Rocket 2025,LSF,2025-06-22 21:55:44+00:00
https://www.youtube.com/watch?v=KFmYSbN-iiE,Nerito,Olympia,Star,Clairen,La Chibi Rocket 2025,WF,2025-06-22 21:55:57+00:00
https://www.youtube.com/watch?v=Hs2mQL2BNWM,IamGhost,Kragg,Kaido,Loxodont,La Chibi Rocket 2025,LQF,2025-06-22 21:56:02+00:00
https://www.youtube.com/watch?v=E0xlBmkOzfg,Raider,Zetterburn,Many,Olympia,La Chibi Rocket 2025,LQF,2025-06-22 21:56:06+00:00
https://www.youtube.com/watch?v=p0fkY13-K74,Raider,Zetterburn,Saosin,Clairen,La Chibi Rocket 2025,LR2,2025-06-22 21:56:10+00:00
https://www.youtube.com/watch?v=NjvlfEojo3w,Star,Clairen,Kaido,Loxodont,La Chibi Rocket 2025,WSF,2025-06-22 21:56:15+00:00
https://www.youtube.com/watch?v=3Scpowz4nXg,Many,Olympia,Nerito,Olympia,La Chibi Rocket 2025,WSF,2025-06-22 21:56:20+00:00
https://www.youtube.com/watch?v=QSgiEGQ-NyQ,Riveriver,Etalus,SteveReen,Orcane,ROC&#39;s Nest #2,R2 Winners Round 1,2025-06-23 06:45:01+00:00
https://www.youtube.com/watch?v=9ONO6-5qGJc,maya,Orcane,Corncycle,Olympia,ROC&#39;s Nest #2,R2 Winners Quarters,2025-06-23 06:48:56+00:00
https://www.youtube.com/watch?v=VU4-NB2sGeM,kapl,Clairen,Mystery Sol,Fleet,ROC&#39;s Nest #2,R2 Winners Quarters,2025-06-23 06:49:54+00:00
https://www.youtube.com/watch?v=QSRv1cLARQE,Bird,Ranno,Feathers McRaw,Clairen,ROC&#39;s Nest #2,R2 Winners Round 2,2025-06-23 06:52:24+00:00
https://www.youtube.com/watch?v=k0OrJAMn8yk,Ziggy,Clairen,Blank Mauser,Fleet,ROC&#39;s Nest #2,R2 Winners Quarters,2025-06-23 06:53:00+00:00
https://www.youtube.com/watch?v=La8_y7FJ_Is,Bird,Ranno,BSC | Re:Cupid,Zetterburn,ROC&#39;s Nest #2,R2 Winners Quarters,2025-06-23 06:54:23+00:00
https://www.youtube.com/watch?v=wL9WF7MgacQ,Ziggy,Clairen,Corncycle,Olympia,ROC&#39;s Nest #2,R2 Winners Semis,2025-06-23 06:55:51+00:00
https://www.youtube.com/watch?v=-8P6aJwCVD0,Mystery Sol,Fleet,BSC | Re:Cupid,Zetterburn,ROC&#39;s Nest #2,R2 Winners Semis,2025-06-23 06:56:46+00:00
https://www.youtube.com/watch?v=M_xmCrrs7kI,Mystery Sol,Fleet,Corncycle,Olympia,ROC&#39;s Nest #2,R2 Winners Finals,2025-06-23 06:57:54+00:00
https://www.youtube.com/watch?v=OniVOxlidH4,maya,Orcane,BSC | Re:Cupid,Zetterburn,ROC&#39;s Nest #2,R2 Losers Quarters,2025-06-23 07:00:01+00:00
https://www.youtube.com/watch?v=C_BygbBpas8,kapl,Clairen,BSC | Re:Cupid,Zetterburn,ROC&#39;s Nest #2,R2 Losers Semis,2025-06-23 07:02:06+00:00
https://www.youtube.com/watch?v=2INFmwevChQ,Corncycle,Olympia,BSC | Re:Cupid,Zetterburn,ROC&#39;s Nest #2,R2 Losers Finals,2025-06-23 07:02:50+00:00
https://www.youtube.com/watch?v=3NXwAlT6hdM,Corncycle,Olympia,Mystery Sol,Fleet,ROC&#39;s Nest #2,R2 Grand Finals,2025-06-23 07:02:50+00:00
https://www.youtube.com/watch?v=zKbRKTRKQIU,Phug,Kragg,Clavual,Kragg,Run The Rivals #17,Winners R1,2025-06-24 02:37:29+00:00
https://www.youtube.com/watch?v=P5PxeKFteGc,Hunter,Maypul,ADDICT,Zetterburn,Run The Rivals #17,Winners Quarters,2025-06-24 02:37:53+00:00
https://www.youtube.com/watch?v=thlXFVrpubI,Veka,Clairen,Hunter,Maypul,Run The Rivals #17,Winners Semis,2025-06-24 02:38:08+00:00
https://www.youtube.com/watch?v=49b7W_Kn1oM,Landon,Clairen,Superdog,Clairen,Run The Rivals #17,Losers Quarters,2025-06-24 02:38:14+00:00
https://www.youtube.com/watch?v=bjzA90PO2aU,Landon,Clairen,sans.,Wrastor,Run The Rivals #17,Winners Semis,2025-06-24 02:38:32+00:00
https://www.youtube.com/watch?v=bM3l9LWjmqU,Hunter,Maypul,Landon,Clairen,Run The Rivals #17,Losers Semis,2025-06-24 02:38:43+00:00
https://www.youtube.com/watch?v=QIkwH_-ZWlA,sans.,Wrastor,Landon,Clairen,Run The Rivals #17,Losers Finals,2025-06-24 02:38:53+00:00
https://www.youtube.com/watch?v=rqArl_RpRcw,Veka,Clairen,sans.,Wrastor,Run The Rivals #17,Winners Finals,2025-06-24 02:39:22+00:00
https://www.youtube.com/watch?v=rpz7PSBtdFc,Veka,Clairen,Landon,Clairen,Run The Rivals #17,Grand Finals,2025-06-24 02:39:52+00:00
https://www.youtube.com/watch?v=RncJlgDbnm4,nullus,Loxodont,hazelnut,Zetterburn,New England Arcadian S'25,Losers Semifinals,2025-06-26 20:04:27+00:00
https://www.youtube.com/watch?v=7mJWa1LKcns,thewaffleman,Zetterburn,Dougsauce,Loxodont,New England Arcadian S'25,Pools,2025-06-26 20:04:27+00:00
https://www.youtube.com/watch?v=AnEUEsA4DUo,hazelnut,Zetterburn,The Concept of De4th,Fleet,New England Arcadian S'25,Winners Semifinals,2025-06-26 20:04:27+00:00
https://www.youtube.com/watch?v=64NRqMjTfNU,The Concept of De4th,Fleet,hazelnut,Zetterburn,New England Arcadian S'25,Grand Finals,2025-06-26 20:04:27+00:00
https://www.youtube.com/watch?v=cJZdhUDn51I,nullus,Loxodont,Duhaime,Wrastor,New England Arcadian S'25,Winners Quarterfinals,2025-06-26 20:04:27+00:00
https://www.youtube.com/watch?v=pxz0MX7iz7E,nullus,Loxodont,Triforce!,Forsburn,New England Arcadian S'25,Winners Semifinals,2025-06-26 20:04:29+00:00
https://www.youtube.com/watch?v=CFetpNetZ3U,Zeoark,Forsburn,TheCorndogLover,Loxodont,Trey's Summer Bash,,2025-06-26 20:47:33+00:00
https://www.youtube.com/watch?v=H-anOGpYW6A,Sophilo,Zetterburn,Potatoes,Loxodont,Trey's Summer Bash,,2025-06-26 20:47:33+00:00
https://www.youtube.com/watch?v=R_nwA0gysPs,Wisp,Maypul,TheCorndogLover,Loxodont,Trey's Summer Bash,,2025-06-26 20:47:33+00:00
https://www.youtube.com/watch?v=VyqW49qJSTE,Vuetzel,Wrastor,Alma,Olympia,Trey's Summer Bash,,2025-06-26 20:47:33+00:00
https://www.youtube.com/watch?v=kZfzfk7Ecb0,Alma,Olympia,Just Chef,Loxodont,Trey's Summer Bash,,2025-06-26 20:47:33+00:00
https://www.youtube.com/watch?v=OdYDkq9IzCg,Bop GOT EM,Etalus,Revilo2112,Forsburn,GOML 2025,,2025-06-29 16:20:52+00:00
https://www.youtube.com/watch?v=HGgZcgShBy4,Spargo,Clairen,Yoda Cage,Maypul,GOML 2025,,2025-06-29 16:21:31+00:00
https://www.youtube.com/watch?v=_GoG9u4qXDA,Marlon,Wrastor,Ooda,Clairen,GOML 2025,,2025-06-29 16:22:11+00:00
https://www.youtube.com/watch?v=yAqQ9tJvZgY,Nbad,Loxodont,ceramic,Maypul,GOML 2025,,2025-06-29 16:23:01+00:00
https://www.youtube.com/watch?v=YpnsjvZycY8,Switch,Zetterburn,Dakpo,Wrastor,GOML 2025,,2025-06-29 16:24:33+00:00
https://www.youtube.com/watch?v=mnw1YlcYXUQ,Remrin,Orcane,Zeebee,Maypul,GOML 2025,,2025-06-29 16:25:20+00:00
https://www.youtube.com/watch?v=N5BinpeEvhU,Dakpo,Wrastor,Sandstorm,Olympia,GOML 2025,,2025-06-29 16:26:24+00:00
https://www.youtube.com/watch?v=pjPOdcwWskU,Rongunshu,Clairen,CakeAssault,Forsburn,GOML 2025,,2025-06-29 16:27:15+00:00
https://www.youtube.com/watch?v=8AGrCeB-NAI,Marlon,Orcane,CheesyPotato,Kragg,GOML 2025,,2025-06-29 16:27:50+00:00
https://www.youtube.com/watch?v=jk0tFTNr_0I,Spargo,Clairen,Bop GOT EM,Etalus,GOML 2025,,2025-06-29 16:28:34+00:00
https://www.youtube.com/watch?v=_5oRjSHlq5k,Bullets,Etalus,ZeeBee,Kragg,GOML 2025,Top 8,2025-06-29 19:16:27+00:00
https://www.youtube.com/watch?v=taByYhsed5M,Dakpo,Wrastor,CakeAssault,Forsburn,GOML 2025,Top 8,2025-06-29 19:18:52+00:00
https://www.youtube.com/watch?v=JRfiQqV1_9c,Spargo,Clairen,Marlon,Maypul,GOML 2025,Top 8,2025-06-29 19:47:18+00:00
https://www.youtube.com/watch?v=-bDDi_CF2tk,Remrin,Orcane,ZeeBee,Kragg,GOML 2025,Top 8,2025-06-29 19:57:28+00:00
https://www.youtube.com/watch?v=axr7wEKfVi4,Remrin,Orcane,Rongunshu,Clairen,GOML 2025,Top 8,2025-06-29 20:02:07+00:00
https://www.youtube.com/watch?v=TQ1ReSQl_Eo,Marlon,Orcane,CakeAssault,Forsburn,GOML 2025,Top 8,2025-06-29 20:25:31+00:00
https://www.youtube.com/watch?v=nhZbSwBs7ec,CakeAssault,Forsburn,Remrin,Orcane,GOML 2025,Losers Semis,2025-06-29 21:00:54+00:00
https://www.youtube.com/watch?v=MzjNp-lc_SI,Spargo,Clairen,Rongunshu,Clairen,GOML 2025,Winners Finals,2025-06-29 21:07:10+00:00
https://www.youtube.com/watch?v=xM-9KlceXIA,CakeAssault,Forsburn,Rongunshu,Clairen,GOML 2025,Losers Finals,2025-06-29 21:18:07+00:00
https://www.youtube.com/watch?v=QWvGI03-W5Y,CakeAssault,Forsburn,Spargo,Clairen,GOML 2025,Grand Finals,2025-06-29 23:03:33+00:00
https://www.youtube.com/watch?v=iblcJL3KSS4,Virgo,Olympia,RobotRed,Olympia,Immortal Fight Night #231,Wnrs Rd 1,2025-06-30 06:04:01+00:00
https://www.youtube.com/watch?v=bWT7T5Yc6w0,ZeeBee,Orcane,Virgo,Olympia,Immortal Fight Night #231,Wnrs Qrts,2025-06-30 06:04:03+00:00
https://www.youtube.com/watch?v=ROVx57tNPWk,BGunn,Olympia,Average Alex,Forsburn,Immortal Fight Night #231,Wnrs Semi,2025-06-30 06:04:05+00:00
https://www.youtube.com/watch?v=Ed1bwvrGCXQ,ZeeBee,Orcane,Reaper,Etalus,Immortal Fight Night #231,Wnrs Semi,2025-06-30 06:04:07+00:00
https://www.youtube.com/watch?v=cE9wppfH1oY,ZeeBee,Zetterburn,Average Alex,Zetterburn,Immortal Fight Night #231,Wnrs Final,2025-06-30 06:04:10+00:00
https://www.youtube.com/watch?v=IGXK3TYUaHY,Reaper,Etalus,Grunk,Zetterburn,Immortal Fight Night #231,Lsrs Qrts,2025-06-30 06:04:12+00:00
https://www.youtube.com/watch?v=YMqb0MxXhBg,Reaper,Etalus,BGunn,Olympia,Immortal Fight Night #231,Lsrs Semi,2025-06-30 06:04:15+00:00
https://www.youtube.com/watch?v=Fy8ODX7XX18,Grunk,Zetterburn,Sh-Awe,Orcane,Immortal Fight Night #231,Lsrs Final,2025-06-30 06:04:17+00:00
https://www.youtube.com/watch?v=J1nhTibke0A,Average Alex,Kragg,ZeeBee,Kragg,Immortal Fight Night #231,Grand Finals,2025-06-30 06:04:19+00:00
https://www.youtube.com/watch?v=suFAjTw73cA,ybm,Wrastor,ManNeeTee12,Loxodont,Immortal Fight Night #230,Wnrs Rd 1,2025-06-30 13:11:16+00:00
https://www.youtube.com/watch?v=vBdStzzsnXU,Average Alex,Forsburn,Cou,Kragg,Immortal Fight Night #230,Wnrs Qrts,2025-06-30 13:11:17+00:00
https://www.youtube.com/watch?v=Rg9m1yJUwrU,BGunn,Olympia,Average Alex,Forsburn,Immortal Fight Night #230,Wnrs Semi,2025-06-30 13:11:19+00:00
https://www.youtube.com/watch?v=pjdDK9802Dg,ybm,Wrastor,Grunk,Zetterburn,Immortal Fight Night #230,Wnrs Semi,2025-06-30 13:11:21+00:00
https://www.youtube.com/watch?v=H5BLy3ogod0,Grunk,Zetterburn,Average Alex,Forsburn,Immortal Fight Night #230,Wnrs Final,2025-06-30 13:11:24+00:00
https://www.youtube.com/watch?v=w2OiZ1SKVkA,Sh-Awe,Orcane,BGunn,Olympia,Immortal Fight Night #230,Lsrs Semi,2025-06-30 13:11:26+00:00
https://www.youtube.com/watch?v=xyhqxEkM4S4,Grunk,Zetterburn,Sh-Awe,Orcane,Immortal Fight Night #230,Lsrs Final,2025-06-30 13:11:28+00:00
https://www.youtube.com/watch?v=sRbwznySSMg,Average Alex,Forsburn,Grunk,Zetterburn,Immortal Fight Night #230,Grand Finals,2025-06-30 13:11:30+00:00
https://www.youtube.com/watch?v=faBv5qJpHY4,Gusserstan,Loxodont,Phug,Kragg,Run The Rivals #18,Winners Quarters,2025-07-01 02:21:37+00:00
https://www.youtube.com/watch?v=UMZNhWkhXiY,Hunter,Maypul,sans.,Wrastor,Run The Rivals #18,Winners Semis,2025-07-01 02:21:55+00:00
https://www.youtube.com/watch?v=B90YmYapU1Y,Landon,Clairen,Gusser,Loxodont,Run The Rivals #18,Winners Semis,2025-07-01 02:22:10+00:00
https://www.youtube.com/watch?v=oYDBGlxzEmE,sans.,Wrastor,Geyser,Fleet,Run The Rivals #18,Losers Quarters,2025-07-01 02:22:23+00:00
https://www.youtube.com/watch?v=zg1ARp9GcWk,Landon,Clairen,Hunter,Maypul,Run The Rivals #18,Winners Finals,2025-07-01 02:22:36+00:00
https://www.youtube.com/watch?v=NfjTHHsXKHQ,Gusserstan,Loxodont,sans.,Wrastor,Run The Rivals #18,Losers Semis,2025-07-01 02:22:57+00:00
https://www.youtube.com/watch?v=nMfsSMCJnAI,Landon,Clairen,sans.,Wrastor,Run The Rivals #18,Losers Finals,2025-07-01 02:23:08+00:00
https://www.youtube.com/watch?v=cG6ImcXVJdg,Hunter,Maypul,sans.,Wrastor,Run The Rivals #18,Grand Finals,2025-07-01 02:23:24+00:00
https://www.youtube.com/watch?v=dSshRqCliYc,Lunar,Maypul,Elu,Ranno,Fusion #257,Winners Round 1 ,2025-07-03 18:34:59+00:00
https://www.youtube.com/watch?v=jAXAOGTJRwU,Ev,Kragg,vooni,Fleet,Fusion #257,Winners Round 1,2025-07-03 18:36:21+00:00
https://www.youtube.com/watch?v=LqSOXrahCzs,CheesyPotato,Kragg,Liam,Orcane,Fusion #257,Winners Quarters ,2025-07-03 18:58:33+00:00
https://www.youtube.com/watch?v=NKAXp1SzoI8,nard,Clairen,SolarBeam,Loxodont,Fusion #257,Winners Quarter-Final,2025-07-03 18:59:49+00:00
https://www.youtube.com/watch?v=lKgoV7wOGIM,Bbatts,Fleet,Liam,Orcane,Fusion #257,Winners Semi-Final ,2025-07-03 19:02:52+00:00
https://www.youtube.com/watch?v=KIs6H3LpAQw,HamPolo,Zetterburn,nard,Clairen,Fusion #257,Winners Semi-Final,2025-07-03 19:04:01+00:00
https://www.youtube.com/watch?v=yIlQ2MfpYIE,Bbatts,Fleet,HamPolo,Zetterburn,Fusion #257,Winners Final ,2025-07-03 19:05:05+00:00
https://www.youtube.com/watch?v=DmnTL9Nl5kU,Liam,Orcane,CheesyPotato,Kragg,Fusion #257,Losers Semi-Final ,2025-07-03 19:07:45+00:00
https://www.youtube.com/watch?v=es-NlQJnBXw,HamPolo,Zetterburn,Liam,Orcane,Fusion #257,Losers Final,2025-07-03 19:09:11+00:00
https://www.youtube.com/watch?v=Qa3dyfzNfEY,Bbatts,Fleet,Liam,Orcane,Fusion #257,Grand Final,2025-07-03 19:10:04+00:00
https://www.youtube.com/watch?v=4RNM4DStDtI,Genarog,Clairen,Cone,Clairen,Monthly of Aether #8,EU Losers Finals,2025-07-04 16:59:20+00:00
https://www.youtube.com/watch?v=8454YVVx7wk,OreoCookie,Maypul,Landon,Clairen,Monthly of Aether #8,Grand Finals,2025-07-04 16:59:20+00:00
https://www.youtube.com/watch?v=ViYHX7GEVsU,DonCascone,Loxodont,Sho,Zetterburn,Monthly of Aether #8,EU Winners Semifinals,2025-07-04 16:59:20+00:00
https://www.youtube.com/watch?v=GayB_dqDwPg,Landon,Clairen,Fidel Ca$htro,Zetterburn,Monthly of Aether #8,Winners Semifinals,2025-07-04 16:59:20+00:00
https://www.youtube.com/watch?v=7Cgylhw7StQ,DonCascone,Loxodont,Genarog,Fleet,Monthly of Aether #8,EU Winners Finals,2025-07-04 16:59:20+00:00
https://www.youtube.com/watch?v=8OdFNpKZs68,Genarog,Fleet,Cone,Clairen,Monthly of Aether #8,EU Winners Semifinals,2025-07-04 16:59:20+00:00
https://www.youtube.com/watch?v=69CooZmcCE4,OreoCookie,Maypul,Remrin,Orcane,Monthly of Aether #8,Winners Semifinals,2025-07-04 16:59:20+00:00
https://www.youtube.com/watch?v=GCmufdCtU-s,Kingu,Clairen,stuge,Orcane,Monthly of Aether #8,EU Pools,2025-07-04 16:59:20+00:00
https://www.youtube.com/watch?v=AHPZv9EBWNk,Fidel Ca$htro,Zetterburn,Iota,Orcane,Monthly of Aether #8,Winners Quarterfinals,2025-07-04 16:59:20+00:00
https://www.youtube.com/watch?v=AockWCClJi4,Flamberik,Loxodont,DonCascone,Loxodont,Monthly of Aether #8,EU Winners Quarterfinals,2025-07-04 16:59:20+00:00
https://www.youtube.com/watch?v=l358vS0nkOU,Landon,Clairen,OreoCookie,Maypul,Monthly of Aether #8,Winners Finals,2025-07-04 16:59:22+00:00
https://www.youtube.com/watch?v=ihcVcbbVKgc,DirtbagCarlos,Loxodont,Buckshot,Orcane,Monthly of Aether #8,Pools,2025-07-04 16:59:22+00:00
https://www.youtube.com/watch?v=kAOsPkRQyN4,10QuidShoes,Clairen,Genarog,Fleet,Monthly of Aether #8,EU Winners Quarterfinals,2025-07-04 16:59:22+00:00
https://www.youtube.com/watch?v=aL6_eAallC8,Cone,Clairen,Sho,Zetterburn,Monthly of Aether #8,EU Losers Semifinals,2025-07-04 16:59:22+00:00
https://www.youtube.com/watch?v=k0MhYzvGD9o,Shadowhawke,Wrastor,OreoCookie,Maypul,Monthly of Aether #8,Winners Quarterfinals,2025-07-04 16:59:22+00:00
https://www.youtube.com/watch?v=dPlxwmzJpaM,Remrin,Orcane,Kynin,Orcane,Monthly of Aether #8,Losers Semifinals,2025-07-04 16:59:22+00:00
https://www.youtube.com/watch?v=W3Uca4lOxyU,Gusta,Clairen,mow_kitty,Etalus,Monthly of Aether #8,Pools,2025-07-04 16:59:22+00:00
https://www.youtube.com/watch?v=rDaGZSIwRaw,Wood,Zetterburn,Broly,Loxodont,Monthly of Aether #8,Pools,2025-07-04 16:59:24+00:00
https://www.youtube.com/watch?v=wX8nX6iHB4I,OreoCookie,Maypul,Remrin,Orcane,Monthly of Aether #8,Losers Finals,2025-07-04 16:59:24+00:00
https://www.youtube.com/watch?v=vdfeygNGEUk,Sho,Zetterburn,Vulkan,Kragg,Monthly of Aether #8,EU Winners Quarterfinals,2025-07-04 16:59:24+00:00
https://www.youtube.com/watch?v=s6L-hYsLuhU,DonCascone,Loxodont,Cone,Clairen,Monthly of Aether #8,EU Grand Finals,2025-07-04 16:59:24+00:00
https://www.youtube.com/watch?v=kWONYHMLyr0,Cyan,Etalus,Landon,Clairen,Monthly of Aether #8,Pools,2025-07-04 17:03:44+00:00
https://www.youtube.com/watch?v=A_mHuYa-4TI,Monocle GS,Maypul,Vastfollower,Olympia,Straight Into The Abyss #17,Wnrs Qrts,2025-07-04 17:10:42+00:00
https://www.youtube.com/watch?v=ckHYc0ABIGc,BGunn,Olympia,Sh-Awe,Orcane,Straight Into The Abyss #17,Wnrs Final,2025-07-04 17:10:49+00:00
https://www.youtube.com/watch?v=sd0YlyYAbiM,Average Alex,Absa,BGunn,Olympia,Straight Into The Abyss #17,Grand Finals,2025-07-04 17:10:56+00:00
https://www.youtube.com/watch?v=gNxJxUQ7YdE,Clover,Forsburn,dosboxfalco,Zetterburn,R2AS #7,Losers Top 8,2025-07-05 09:10:09+00:00
https://www.youtube.com/watch?v=vA6YusI4Gkw,Clover,Forsburn,Kapl,Clairen,R2AS #7,Top 8 Losers Semis,2025-07-05 09:10:12+00:00
https://www.youtube.com/watch?v=Wgit3SWm644,Emerald_87,Zetterburn,Rx,Clairen,R2AS #7,Top 8 Grand Finals,2025-07-05 09:10:17+00:00
https://www.youtube.com/watch?v=YzSas_-pgv8,Emerald_87,Zetterburn,Triforce,Forsburn,R2AS #7,Top 8 Winners Semis,2025-07-05 09:10:21+00:00
https://www.youtube.com/watch?v=s8CyXS_D-Tc,Emerald_87,Zetterburn,Rx,Clairen,R2AS #7,Top 8 Winners Finals,2025-07-05 09:10:26+00:00
https://www.youtube.com/watch?v=sG6kshK6uFw,Clover,Forsburn,Triforce,Forsburn,R2AS #7,Top 8 Losers Quarters,2025-07-05 09:10:34+00:00
https://www.youtube.com/watch?v=xWrSj8Jro8M,Lone,Maypul,Rx,Clairen,R2AS #7,Top 8 Winners Semis,2025-07-05 09:10:40+00:00
https://www.youtube.com/watch?v=weHtDz-cmKw,Nck,Clairen,Kapl,Clairen,R2AS #7,Losers Top 8,2025-07-05 09:14:29+00:00
https://www.youtube.com/watch?v=R8idzj1g-kY,Teve,Olympia,Nemmy,Olympia,R2AS #8,Losers Top 8,2025-07-05 09:20:39+00:00
https://www.youtube.com/watch?v=vftHxFxx_60,Merp,Wrastor,John Neutral,Clairen,R2AS #8,Top 8 Winners Semis,2025-07-05 09:20:43+00:00
https://www.youtube.com/watch?v=0cVF7gJGr5s,Emerald_87,Zetterburn,Clover,Forsburn,R2AS #7,Top 8 Losers Finals,2025-07-05 09:20:50+00:00
https://www.youtube.com/watch?v=5UdbYx1Qd2s,John Neutral,Clairen,Stellice,Fleet,R2AS #8,Pools Winners Quarters,2025-07-05 09:20:55+00:00
https://www.youtube.com/watch?v=G0JvYZHeDUE,John Neutral,Clairen,Turnap,Ranno,R2AS #8,Top 8 Losers Finals,2025-07-05 09:21:00+00:00
https://www.youtube.com/watch?v=GR_gRLusgS8,Advers_Event,Fleet,Triforce,Forsburn,R2AS #8,Top 8 Losers Quarters,2025-07-05 09:21:09+00:00
https://www.youtube.com/watch?v=kP4ON_pJMBI,Advers_Event,Fleet,John Neutral,Clairen,R2AS #8,Top 8 Losers Semis,2025-07-05 09:21:12+00:00
https://www.youtube.com/watch?v=6miuhgHBw_o,Triforce,Forsburn,Turnap,Ranno,R2AS #8,Top 8 Winners Semis,2025-07-05 09:21:17+00:00
https://www.youtube.com/watch?v=SBkwhcrlDAE,Lone,Maypul,Kapl,Clairen,R2AS #7,Top 8 Losers Quarters,2025-07-05 09:26:35+00:00
https://www.youtube.com/watch?v=AJmnwiDmw6I,Turnap,Ranno,Merp,Wrastor,R2AS #8,Top 8 Winners Finals,2025-07-05 09:27:51+00:00
https://www.youtube.com/watch?v=MbAqjImeYzI,Hobby,Kragg,Woody,Orcane,R2AS #9,Losers Top 8,2025-07-05 09:30:27+00:00
https://www.youtube.com/watch?v=NxCWBCmsYrM,dosboxfalco,Zetterburn,Deltabolt,Forsburn,R2AS #9,Pools Winners Round 2,2025-07-05 09:30:30+00:00
https://www.youtube.com/watch?v=2GilPugz6F0,Hazelnut,Zetterburn,Dosboxfalco,Zetterburn,R2AS #9,Top 8 Losers Finals,2025-07-05 09:30:33+00:00
https://www.youtube.com/watch?v=mIFHQLkBflk,Hazelnut,Zetterburn,Deltabolt,Forsburn,R2AS #9,Top 8 Losers Quarters,2025-07-05 09:30:35+00:00
https://www.youtube.com/watch?v=UGtEcGLOavs,Woody,Forsburn,Approximately 7 Moths,Loxodont,R2AS #9,Top 8 Losers Quarters,2025-07-05 09:30:37+00:00
https://www.youtube.com/watch?v=fPMEwlSgzvI,Dosboxfalco,Zetterburn,John Neutral,Clairen,R2AS #9,Top 8 Winners Finals,2025-07-05 09:30:40+00:00
https://www.youtube.com/watch?v=fl1pm8pYZSY,Hazelnut,Zetterburn,Approximately 7 Moths,Loxodont,R2AS #9,Top 8 Losers Semis,2025-07-05 09:30:43+00:00
https://www.youtube.com/watch?v=U2Is_9y45iA,John Neutral,Clairen,Approximately 7 Moths,Loxodont,R2AS #9,Top 8 Winers Semis,2025-07-05 09:30:47+00:00
https://www.youtube.com/watch?v=cvfcODESXwg,Hazelnut,Zetterburn,Precisely 8 Horses,Fleet,R2AS #9,Pools Winners Round 2,2025-07-05 09:30:51+00:00
https://www.youtube.com/watch?v=nQVS16WgGJ8,Dosboxfalco,Zetterburn,John Neutral,Clairen,R2AS #9,Top 8 Grand Finals,2025-07-05 09:30:54+00:00
https://www.youtube.com/watch?v=1cfVgtCw4ls,dosboxfalco,Zetterburn,Hazelnut,Zetterburn,R2AS #9,Top 8 Winners Semis,2025-07-05 09:30:57+00:00
https://www.youtube.com/watch?v=7mf-HpseCMo,Turnap,Ranno,Merp,Wrastor,R2AS #8,Top 8 Grand Finals,2025-07-05 09:48:32+00:00
https://www.youtube.com/watch?v=3D94dMyHMwo,Ant,Absa,sinbad,Maypul,JaxSmash 7/3/25,Grand Final,2025-07-07 00:00:00+00:00
https://www.youtube.com/watch?v=JYNU2sy3jOc,Ant,Absa,Burgers,Kragg,JaxSmash 7/3/25,Losers Final,2025-07-07 00:00:00+00:00
https://www.youtube.com/watch?v=GrMbn7kPOCg,Narwhal,Orcane,Burgers,Kragg,JaxSmash 7/3/25,,2025-07-07 00:00:00+00:00
https://www.youtube.com/watch?v=ZkGGmCunLOA,Ant,Absa,sinbad,Maypul,JaxSmash 7/3/25,Winners Final,2025-07-07 00:00:00+00:00
https://www.youtube.com/watch?v=C6YKCcDQ_YM,Afmbot,Loxodont,Burgers,Kragg,JaxSmash 7/3/25,,2025-07-07 00:00:00+00:00
https://www.youtube.com/watch?v=hOtGTaPCTu8,Narwhal,Orcane,Lumen,Olympia,JaxSmash 7/3/25,,2025-07-07 00:00:00+00:00
https://www.youtube.com/watch?v=-pWzyGy72uw,Ant,Absa,Narwhal,Orcane,JaxSmash 7/3/25,,2025-07-07 00:00:00+00:00
https://www.youtube.com/watch?v=lrZd6PPNq58,Dinosnores_lol,Orcane,Lumen,Olympia,JaxSmash 7/3/25,,2025-07-07 00:00:00+00:00
https://www.youtube.com/watch?v=OzfLWX76FHo,sinbad,Maypul,Burgers,Kragg,JaxSmash 7/3/25,,2025-07-07 00:00:00+00:00
https://www.youtube.com/watch?v=kBoKwaHiTNI,sinbad,Maypul,Dinosnores_lol,Orcane,JaxSmash 7/3/25,,2025-07-07 00:00:00+00:00
https://www.youtube.com/watch?v=dy1Luzh9L9Y,Burgers,Kragg,Lumen,Olympia,JaxSmash 7/3/25,,2025-07-07 00:00:00+00:00
https://www.youtube.com/watch?v=kXK0QNrjbjU,Afmbot,Loxodont,Narwhal,Orcane,JaxSmash 7/3/25,,2025-07-07 00:00:00+00:00
https://www.youtube.com/watch?v=Yl2FAfCRJV0,Failbot,Kragg,MintyGuy700,Wrastor,Run The Rivals #19,Winners R1,2025-07-08 02:34:09+00:00
https://www.youtube.com/watch?v=GzdDK2jLVVs,Jackie Peanuts,Olympia,Franzwa,Etalus,Run The Rivals #19,Winners Quarters,2025-07-08 02:34:36+00:00
https://www.youtube.com/watch?v=xdGU9VSPnfI,Landon,Clairen,Failbot,Kragg,Run The Rivals #19,Losers Semis,2025-07-08 02:35:00+00:00
https://www.youtube.com/watch?v=lfnl14y_6l8,Veka,Clairen,Failbot,Kragg,Run The Rivals #19,Winners Semis,2025-07-08 02:35:01+00:00
https://www.youtube.com/watch?v=Ti8_KeMVvx4,Landon,Clairen,Franzwa,Etalus,Run The Rivals #19,Winners Semis,2025-07-08 02:35:01+00:00
https://www.youtube.com/watch?v=wMYppnUdD4w,Veka,Clairen,Franzwa,Etalus,Run The Rivals #19,Winners Finals,2025-07-08 02:35:14+00:00
https://www.youtube.com/watch?v=gmS_57DX_Qg,Failbot,Kragg,Jackie Peanuts,Olympia,Run The Rivals #19,Losers Quarters,2025-07-08 02:35:15+00:00
https://www.youtube.com/watch?v=CaMQGuSiZUM,Landon,Clairen,Franzwa,Etalus,Run The Rivals #19,Losers Finals,2025-07-08 02:35:48+00:00
https://www.youtube.com/watch?v=peYDUhQOdL8,Veka,Clairen,Landon,Clairen,Run The Rivals #19,Grand Finals,2025-07-08 02:36:29+00:00
https://www.youtube.com/watch?v=Q4ky13SMgGU,edgintheledge,Maypul,Doc,Ranno,PSG 24: SFL Monthly,WQF,2025-07-08 03:00:23+00:00
https://www.youtube.com/watch?v=2_eKf4ZXdt4,SLIME | AppleWiz,Wrastor,Tas,Maypul,PSG 24: SFL Monthly,WSF,2025-07-08 03:01:45+00:00
https://www.youtube.com/watch?v=ZOjenZ5CHtA,edgintheledge,Maypul,VIBE | Pity,Zetterburn,PSG 24: SFL Monthly,WSF,2025-07-08 03:02:57+00:00
https://www.youtube.com/watch?v=HHySZSaLsj4,VIBE | Pity,Zetterburn,SLIME | AppleWiz,Wrastor,PSG 24: SFL Monthly,WF,2025-07-08 03:04:11+00:00
https://www.youtube.com/watch?v=jOLqReZZqB8,Renzo,Orcane,Doc,Ranno,PSG 24: SFL Monthly,LSF,2025-07-08 03:05:22+00:00
https://www.youtube.com/watch?v=T5sEFg3wcjA,VIBE | Pity,Zetterburn,Doc,Ranno,PSG 24: SFL Monthly,LF,2025-07-08 03:06:37+00:00
https://www.youtube.com/watch?v=p9r_jevLCDo,SLIME | AppleWiz,Wrastor,Doc,Ranno,PSG 24: SFL Monthly,GF,2025-07-08 03:08:19+00:00
https://www.youtube.com/watch?v=hr9YtDmRkG8,Frostbite,Maypul,Cou,Kragg,Immortal Fight Night #232 Wnrs Rd 1,,2025-07-08 03:16:23+00:00
https://www.youtube.com/watch?v=gz1DDaJS-So,Watherum,Ranno,Virgo,Olympia,Immortal Fight Night #232 Wnrs Qrts,,2025-07-08 03:16:25+00:00
https://www.youtube.com/watch?v=n6NYSWqtKyM,Average Alex,Absa,Sh-Awe,Orcane,Immortal Fight Night #232 Wnrs Semi,,2025-07-08 03:16:29+00:00
https://www.youtube.com/watch?v=lOc5NWfm7BY,Watherum,Ranno,Average Alex,Absa,Immortal Fight Night #232 Wnrs Final,,2025-07-08 03:16:31+00:00
https://www.youtube.com/watch?v=e3Ya0kPszdU,Frostbite,Maypul,Sh-Awe,Orcane,Immortal Fight Night #232 Lsrs Semi,,2025-07-08 03:16:33+00:00
https://www.youtube.com/watch?v=vBl9kAMtZp0,Average Alex,Absa,Watherum,Ranno,Immortal Fight Night #232 Grand Final,,2025-07-08 03:16:36+00:00
https://www.youtube.com/watch?v=bBo7pKB_BGg,Turnap,Ranno,Lone,Maypul,R2AS #10,Top 8 Winners Semis,2025-07-08 20:17:18+00:00
https://www.youtube.com/watch?v=h23Y8xI6Mqk,clementine,Clairen,hobby,Kragg,R2AS #10,Top 8 Losers,2025-07-08 20:23:27+00:00
https://www.youtube.com/watch?v=BlX0oRUXIbU,approximately 7 moths,Loxodont,JollyRoger,Clairen,R2AS #10,Top 8 Losers,2025-07-08 20:24:09+00:00
https://www.youtube.com/watch?v=FRWXr7bVdlo,hobby,Kragg,Turnap,Ranno,R2AS #10,Top 8 Losers Quarters,2025-07-08 20:25:12+00:00
https://www.youtube.com/watch?v=koYW35JUR_k,Lone,Maypul,Deltabolt,Forsburn,R2AS #10,Top 8 Winners Finals,2025-07-08 20:25:55+00:00
https://www.youtube.com/watch?v=IR5zs-5ON1A,approximately 7 moths,Loxodont,Turnap,Ranno,R2AS #10,Top 8 Losers Semis,2025-07-08 20:26:48+00:00
https://www.youtube.com/watch?v=EDDQ7Lk-jGQ,Deltabolt,Forsburn,Turnap,Ranno,R2AS #10,Top 8 Losers Finals,2025-07-08 20:27:05+00:00
https://www.youtube.com/watch?v=1s1OqSup7Vk,Revilo2112,Forsburn,Bionicle,Maypul,Prodigy Classic V,Winners Semifinals,2025-07-09 19:44:25+00:00
https://www.youtube.com/watch?v=3oUWBR8Z5to,Silver,Zetterburn,verlet,Ranno,Prodigy Classic V,Pools,2025-07-09 19:44:25+00:00
https://www.youtube.com/watch?v=E1xQBURUo7c,Kipper,Kragg,Bin,Maypul,Prodigy Classic V,Winners Quarterfinals,2025-07-09 19:44:25+00:00
https://www.youtube.com/watch?v=3VEH2mTCTLg,Bionicle,Maypul,Mikoshi,Olympia,Prodigy Classic V,Winners Quarterfinals,2025-07-09 19:44:25+00:00
https://www.youtube.com/watch?v=_wug8s5r3dw,Revilo2112,Forsburn,Shadowhawke,Wrastor,Prodigy Classic V,Losers Finals,2025-07-09 19:44:28+00:00
https://www.youtube.com/watch?v=NHtAdxBPBPY,Revilo2112,Forsburn,Bin,Maypul,Prodigy Classic V,Grand Finals,2025-07-09 19:44:28+00:00
https://www.youtube.com/watch?v=kfl4Fl-ryaE,Shadowhawke,Wrastor,Drewsephix,Orcane,Prodigy Classic V,Pools,2025-07-09 19:44:29+00:00
https://www.youtube.com/watch?v=ajMotzoGMmU,Revilo2112,Forsburn,Bin,Maypul,Prodigy Classic V,Winners Finals,2025-07-09 19:44:29+00:00
https://www.youtube.com/watch?v=XSCFcNh2iq4,Silver,Zetterburn,Mikoshi,Olympia,Prodigy Classic V,Losers Eighths,2025-07-09 19:44:29+00:00
https://www.youtube.com/watch?v=xIT2neVtOTc,Shadowhawke,Wrastor,Kipper,Kragg,Prodigy Classic V,Losers Semifinals,2025-07-09 19:44:31+00:00
https://www.youtube.com/watch?v=vTMn1aiNg44,Kipper,Kragg,Bionicle,Maypul,Prodigy Classic V,Losers Quarterfinals,2025-07-09 19:44:31+00:00
https://www.youtube.com/watch?v=KLWadzcCSXo,Ryzuul,Maypul,Garfield,Kragg,Second Wind 2025,Grand Finals,2025-07-11 02:25:55+00:00
https://www.youtube.com/watch?v=AhyVUi5dz9Y,Garfield,Kragg,desmo,Orcane,Second Wind 2025,Losers Finals,2025-07-11 02:25:58+00:00
https://www.youtube.com/watch?v=5GMxN9l8Zp8,desmo,Orcane,Fisic,Forsburn,Second Wind 2025,Losers Semis,2025-07-11 02:26:00+00:00
https://www.youtube.com/watch?v=LYz0kRKeLdI,Ryzuul,Maypul,Garfield,Kragg,Second Wind 2025,Winners Finals,2025-07-11 02:26:03+00:00
https://www.youtube.com/watch?v=PbK15wtBOIw,Viiv,Loxodont,Fisic,Forsburn,Second Wind 2025,Losers Quarters,2025-07-11 02:26:06+00:00
https://www.youtube.com/watch?v=ca09UACHiKU,desmo,Orcane,Shnurgle,Maypul,Second Wind 2025,Losers Quarters,2025-07-11 02:26:09+00:00
https://www.youtube.com/watch?v=jTVAVoq4n0k,Ryzuul,Maypul,Viiv,Loxodont,Second Wind 2025,Winners Semis,2025-07-11 02:26:11+00:00
https://www.youtube.com/watch?v=9YBnOaI46VU,Garfield,Kragg,desmo,Orcane,Second Wind 2025,Winners Semis,2025-07-11 02:26:14+00:00
https://www.youtube.com/watch?v=kxmvq0ZzAb4,Fisic,Forsburn,Zingar,Ranno,Second Wind 2025,Losers Eighths,2025-07-11 02:26:16+00:00
https://www.youtube.com/watch?v=005UvVUmw6A,Shnurgle,Maypul,IcyK,Kragg,Second Wind 2025,Losers Eighths,2025-07-11 02:26:19+00:00
https://www.youtube.com/watch?v=raBrj1bFiqY,Fisic,Forsburn,K-dawg,Clairen,Second Wind 2025,Losers Round 5,2025-07-11 02:26:21+00:00
https://www.youtube.com/watch?v=OXQ4sfTEaGc,K-dawg,Clairen,Eggus,Loxodont,Second Wind 2025,Losers Round 4,2025-07-11 02:26:24+00:00
https://www.youtube.com/watch?v=mIAiU816ZGk,Unladen,Fleet,iDeeKay,Zetterburn,Second Wind 2025,Losers Round 4,2025-07-11 02:26:27+00:00
https://www.youtube.com/watch?v=w4C6Jn3bYVQ,timtam,Maypul,AlastairBL,Clairen,Second Wind 2025,Losers Round 4,2025-07-11 02:26:29+00:00
https://www.youtube.com/watch?v=9eE4TALBDKc,Lilypad,Olympia,Irene,Wrastor,Second Wind 2025,Losers Round 4,2025-07-11 02:26:32+00:00
https://www.youtube.com/watch?v=OlCOxKtPp6g,dcs,Wrastor,Unladen,Fleet,Second Wind 2025,Losers Round 3,2025-07-11 02:26:34+00:00
https://www.youtube.com/watch?v=h8iSrFr7XnE,iDeeKay,Zetterburn,Giantdad,Forsburn,Second Wind 2025,Losers Round 3,2025-07-11 02:26:36+00:00
https://www.youtube.com/watch?v=xJde_elvLNs,timtam,Maypul,atom heart father,Loxodont,Second Wind 2025,Losers Round 3,2025-07-11 02:26:39+00:00
https://www.youtube.com/watch?v=EGsda3SrIr8,desmo,Orcane,dcs,Wrastor,Second Wind 2025,Winners Round 3,2025-07-11 02:26:41+00:00
https://www.youtube.com/watch?v=OVyG_ovf-bE,Cipherus,Forsburn,K-dawg,Clairen,Second Wind 2025,Losers Round 3,2025-07-11 02:26:44+00:00
https://www.youtube.com/watch?v=5h27iUwiCIY,AlastairBL,Clairen,Giantdad,Forsburn,Second Wind 2025,Winners Round 2,2025-07-11 02:26:46+00:00
https://www.youtube.com/watch?v=SC2E2B8-qEk,Eggus,Loxodont,Taurii,Absa,Second Wind 2025,Losers Round 3,2025-07-11 02:26:49+00:00
https://www.youtube.com/watch?v=BnqF0krVY7g,Lilypad,Olympia,SebPro101,Ranno,Second Wind 2025,Losers Round 3,2025-07-11 02:26:51+00:00
https://www.youtube.com/watch?v=GWk9kl-ZqwQ,Viiv,Loxodont,Eggus,Loxodont,Second Wind 2025,Winners Round 3,2025-07-11 02:26:53+00:00
https://www.youtube.com/watch?v=oGZSbulMtyw,IcyK,Kragg,Cipherus,Forsburn,Second Wind 2025,Winners Round 3,2025-07-11 02:26:56+00:00
https://www.youtube.com/watch?v=0qLCc7AjdkI,K-dawg,Clairen,Ker,Clairen,Second Wind 2025,Losers Round 1,2025-07-11 02:26:59+00:00
https://www.youtube.com/watch?v=oYKdYrFFF4E,La_Lapin,Kragg,Taurii,Absa,Second Wind 2025,Winners Round 2,2025-07-11 02:27:01+00:00
https://www.youtube.com/watch?v=xpt4utLozak,Lilypad,Olympia,K-dawg,Clairen,Second Wind 2025,Winners Round 2,2025-07-11 02:27:04+00:00
https://www.youtube.com/watch?v=8g-OHfndejg,ss23,Clairen,Arahshii,Fleet,Second Wind 2025,Winners Round 1,2025-07-11 02:27:06+00:00
https://www.youtube.com/watch?v=xwUlWapXwGo,Zingar,Ranno,Lilypad,Olympia,Second Wind 2025,Losers Round 5,2025-07-11 02:27:09+00:00
https://www.youtube.com/watch?v=om9HWUp1_9I,Shnurgle,Maypul,iDeeKay,Zetterburn,Second Wind 2025,Losers Round 5,2025-07-11 02:27:11+00:00
https://www.youtube.com/watch?v=QzlmEZCkQzw,IcyK,Kragg,timtam,Maypul,Second Wind 2025,Losers Round 5,2025-07-11 02:27:14+00:00
https://www.youtube.com/watch?v=zn3igRywchg,desmo,Orcane,Zingar,Ranno,Second Wind 2025,Winners Quarters,2025-07-11 02:27:16+00:00
https://www.youtube.com/watch?v=RleGpwMlWNQ,Garfield,Kragg,Fisic,Forsburn,Second Wind 2025,Winners Quarters,2025-07-11 02:27:19+00:00
https://www.youtube.com/watch?v=SS5O8IVInXo,IcyK,Kragg,Viiv,Loxodont,Second Wind 2025,Winners Quarters,2025-07-11 02:27:21+00:00
https://www.youtube.com/watch?v=M5QuiwGFCLc,Ryzuul,Maypul,Shnurgle,Maypul,Second Wind 2025,Winners Quarters,2025-07-11 02:27:24+00:00
https://www.youtube.com/watch?v=1uHhIeAvebk,Zingar,Ranno,iDeeKay,Zetterburn,Second Wind 2025,Winners Round 3,2025-07-11 02:27:27+00:00
https://www.youtube.com/watch?v=MtANEqaE4mU,Fisic,Forsburn,AlastairBL,Clairen,Second Wind 2025,Winners Round 3,2025-07-11 02:27:29+00:00
https://www.youtube.com/watch?v=OnGzdKDp5AA,Garfield,Kragg,timtam,Maypul,Second Wind 2025,Winners Round 3,2025-07-11 02:27:32+00:00
https://www.youtube.com/watch?v=6Kd9CDZuIcM,timtam,Maypul,Unladen,Fleet,Second Wind 2025,Winners Round 2,2025-07-11 02:27:35+00:00
https://www.youtube.com/watch?v=ma0T2si9c1Y,La_Lapin,Kragg,Irene,Wrastor,Second Wind 2025,Losers Round 3,2025-07-11 02:27:37+00:00
https://www.youtube.com/watch?v=t2QYybNhsa4,Shnurgle,Maypul,La_Lapin,Kragg,Second Wind 2025,Winners Round 3,2025-07-11 02:27:40+00:00
https://www.youtube.com/watch?v=5OchcqQvEEY,Dew2,Clairen,MAMMOTH,Kragg,Gay State Beatdown 164,Grand Final ,2025-07-11 22:06:15+00:00
https://www.youtube.com/watch?v=xxnBuu7onoo,Oljace,Forsburn,Advers_Event,Fleet,Run The Rivals #20,Losers Top 8,2025-07-15 02:55:02+00:00
https://www.youtube.com/watch?v=1w2GUHvhZN0,sans.,Wrastor,Veka,Clairen,Run The Rivals #20,Winners Semis,2025-07-15 02:55:02+00:00
https://www.youtube.com/watch?v=ymOr5c8YM0s,Advers_Event,Fleet,Phug,Orcane,Run The Rivals #20,Winners R1,2025-07-15 02:55:10+00:00
https://www.youtube.com/watch?v=zos8aoUbqjs,Dadzie,Clairen,Lake,Forsburn,Run The Rivals #20,Winners R1,2025-07-15 02:55:14+00:00
https://www.youtube.com/watch?v=qPoQcIoKdYQ,Veka,Clairen,Landon,Clairen,Run The Rivals #20,Winners Finals,2025-07-15 02:55:43+00:00
https://www.youtube.com/watch?v=9BEUMG5PTY4,Hunter,Maypul,Landon,Clairen,Run The Rivals #20,Losers Finals,2025-07-15 02:56:00+00:00
https://www.youtube.com/watch?v=ek7i-k6kZRM,Oljace,Forsburn,sans.,Wrastor,Run The Rivals #20,Losers Quarters,2025-07-15 02:56:20+00:00
https://www.youtube.com/watch?v=IOhc74vKkq8,Landon,Clairen,Veka,Clairen,Run The Rivals #20,Grand Finals - Landon,2025-07-15 02:56:45+00:00
https://www.youtube.com/watch?v=weG3jxv04cA,Landon,Clairen,Hunter,Maypul,Run The Rivals #20,Winners Semis,2025-07-15 02:57:24+00:00
https://www.youtube.com/watch?v=YZ0CUXK-ujM,Oljace,Forsburn,Hunter,Maypul,Run The Rivals #20,Losers Semis,2025-07-15 03:01:42+00:00
https://www.youtube.com/watch?v=ywPSDipT50I,Landon,Clairen,Oljace,Forsburn,Run The Rivals #20,Winners Quarters,2025-07-15 03:03:24+00:00
https://www.youtube.com/watch?v=hLJMoP7icCI,Genarog,Fleet,DonCascone,Loxodont,Aether Reborn #5,Winners Final,2025-07-15 18:00:08+00:00
https://www.youtube.com/watch?v=jq1u4CKVen8,Dav,Wrastor,PRONTO,Forsburn,Aether Reborn #5,Losers Semis,2025-07-15 18:10:33+00:00
https://www.youtube.com/watch?v=dBTRDV9F0ZI,Genarog,Fleet,PRONTO,Forsburn,Aether Reborn #5,Losers Final,2025-07-15 18:11:14+00:00
https://www.youtube.com/watch?v=x7kVMeJ0UKY,Genarog,Fleet,DonCascone,Loxodont,Aether Reborn #5,Grand Final,2025-07-15 18:19:02+00:00
https://www.youtube.com/watch?v=Eqbk3qhGhsI,Gengur,Clairen,FD,Orcane,Major&#39;s Mansion,Pools Winners Quarterfinals,2025-07-17 08:26:48+00:00
https://www.youtube.com/watch?v=ZZZ4oGqrdV0,kapl,Clairen,Sophilo,Zetterburn,Major&#39;s Mansion,Pools Winners Quarterfinals,2025-07-17 08:26:55+00:00
https://www.youtube.com/watch?v=27RQhGAIdSU,Gengur,Clairen,GSE | Smerky,Zetterburn,Major&#39;s Mansion,Pools Winners Semifinals,2025-07-17 08:27:01+00:00
https://www.youtube.com/watch?v=7I_KhySxj0Q,Sophilo,Zetterburn,Pikmon,Etalus,Major&#39;s Mansion,Pools Winners Semifinals,2025-07-17 08:27:08+00:00
https://www.youtube.com/watch?v=HImGOo47hKo,JarekBloodDragon,Loxodont,Toddly Enough,Olympia,Major&#39;s Mansion,Pools Round 1,2025-07-17 08:27:16+00:00
https://www.youtube.com/watch?v=4LD_QAaJjPg,TheCorndogLover,Loxodont,Sawstep,Fleet,Major&#39;s Mansion,Pools Winners Round 2,2025-07-17 08:27:24+00:00
https://www.youtube.com/watch?v=Mz3NRZJ3rsc,NNG | Evil Nardwuar,Loxodont,BSC | Re:Cupid,Zetterburn,Majors Mansion,Pools WQF,2025-07-17 08:27:39+00:00
https://www.youtube.com/watch?v=7iThj7ATW14,PAR | I0N,Olympia,ant,Wrastor,Major&#39;s Mansion,Pools Winners Quarterfinals,2025-07-17 08:27:48+00:00
https://www.youtube.com/watch?v=TIEXLrjVV4c,EC | Domnique,Zetterburn,Sawstep,Fleet,Major&#39;s Mansion,Pools Losers Quarters,2025-07-17 08:28:27+00:00
https://www.youtube.com/watch?v=a0vrDs7QGqE,Pikmon,Etalus,kapl,Clairen,Major&#39;s Mansion,Losers Eighths,2025-07-17 08:28:41+00:00
https://www.youtube.com/watch?v=x0hyEM0VxB0,Mystery Sol,Fleet,PAR | I0N,Olympia,Major&#39;s Mansion,Winners Semifinals,2025-07-17 08:29:02+00:00
https://www.youtube.com/watch?v=r-VrQYEbYwY,Sophilo,Zetterburn,Gengur,Clairen,Major&#39;s Mansion,Winners Semifinals,2025-07-17 08:29:09+00:00
https://www.youtube.com/watch?v=hShq8qw6z3M,Mystery Sol,Fleet,Pikmon,Etalus,Major&#39;s Mansion,Losers Quarterfinals,2025-07-17 08:29:17+00:00
https://www.youtube.com/watch?v=IY2XtvV7f5s,Gengur,Clairen,NNG | Evil Nardwuar,Loxodont,Major&#39;s Mansion,Losers Quarterfinal,2025-07-17 08:29:38+00:00
https://www.youtube.com/watch?v=SWHY6tE6M10,Mystery Sol,Fleet,Gengur,Clairen,Major&#39;s Mansion,Losers Semifinals,2025-07-17 08:29:53+00:00
https://www.youtube.com/watch?v=_uwTv_IdqsQ,12AM,Loxodont,KhaoKG,Etalus,Blazing Battlefield #3,Winners Round 1,2025-07-18 00:00:00+00:00
https://www.youtube.com/watch?v=2HUa9nEYeUg,KhaoKG,Etalus,Mystery Sol,Absa,Blazing Battlefield #3,Winners Round 2,2025-07-18 00:00:00+00:00
https://www.youtube.com/watch?v=TV1VymIJi8U,Lyra,Fleet,HKP,Zetterburn,Blazing Battlefield #3,Winners Round 2,2025-07-18 00:00:00+00:00
https://www.youtube.com/watch?v=SIFEDLZu1ug,Mystery Sol,Absa,TS | JoJoDaHoBo,Zetterburn,Blazing Battlefield #3,Winners Quarterfinals,2025-07-18 00:00:00+00:00
https://www.youtube.com/watch?v=RUaSy2LkKho,Riveriver,Absa,Takken,Etalus,Blazing Battlefield #3,Winners Quarterfinals,2025-07-18 00:00:00+00:00
https://www.youtube.com/watch?v=5VfF8xF6WnM,HKP,Zetterburn,kapl,Clairen,Blazing Battlefield #3,Winners Semifinals,2025-07-18 00:00:00+00:00
https://www.youtube.com/watch?v=NV35V-hIObk,Takken,Etalus,Mystery Sol,Fleet,Blazing Battlefield #3,Winners Semifinals,2025-07-18 00:00:00+00:00
https://www.youtube.com/watch?v=aAN4AB_4TuM,HKP,Zetterburn,Mystery Sol,Fleet,Blazing Battlefield #3,Winners Finals,2025-07-18 00:00:00+00:00
https://www.youtube.com/watch?v=Go2BwztLMRM,Takken,Etalus,KhaoKG,Etalus,Blazing Battlefield #3,Losers Quarterfinals,2025-07-18 00:00:00+00:00
https://www.youtube.com/watch?v=jZqZ5AZt9cM,kapl,Clairen,Blank Mauser,Fleet,Blazing Battlefield #3,Losers Quarterfinals,2025-07-18 00:00:00+00:00
https://www.youtube.com/watch?v=SdKADEbQoqc,kapl,Clairen,Takken,Etalus,Blazing Battlefield #3,Losers Semifinals,2025-07-18 00:00:00+00:00
https://www.youtube.com/watch?v=PbrfaOXc3xs,kapl,Clairen,HKP,Zetterburn,Blazing Battlefield #3,Losers Finals,2025-07-18 00:00:00+00:00
https://www.youtube.com/watch?v=hsZI0f0NOgA,Mystery Sol,Fleet,HKP,Zetterburn,Blazing Battlefield #3,Grand Finals,2025-07-18 00:00:00+00:00
https://www.youtube.com/watch?v=MpUO6CyYe5U,TPK,Ranno,5D,Loxodont,La Daether #01,WR2,2025-07-18 00:00:00+00:00
https://www.youtube.com/watch?v=UHFDGN3ZZ-U,Saols,Etalus,Munjartiste,Orcane,La Daether #01,WR2,2025-07-18 00:00:00+00:00
https://www.youtube.com/watch?v=LR6xi4gRQuc,Saols,Etalus,Cross,Kragg,La Daether #01,LR1,2025-07-18 00:00:00+00:00
https://www.youtube.com/watch?v=vWz9sEOdNW4,Zen,Loxodont,NightSFW,Olympia,La Daether #01,WR3,2025-07-18 00:00:00+00:00
https://www.youtube.com/watch?v=GB1-yZEz1Dc,TPK,Ranno,Neylax,Olympia,La Daether #01,WR3,2025-07-18 00:00:00+00:00
https://www.youtube.com/watch?v=044q_gcAm-8,Sherka,Maypul,Verdigri,Kragg,La Daether #01,WR4,2025-07-18 00:00:00+00:00
https://www.youtube.com/watch?v=RDL2S27Q74o,Sherka,Maypul,Zen,Loxodont,La Daether #01,LQF,2025-07-18 00:00:00+00:00
https://www.youtube.com/watch?v=vF5HON6IcnA,Verdigri,Kragg,Diggito,Wrastor,La Daether #01,WSF,2025-07-18 00:00:00+00:00
https://www.youtube.com/watch?v=euvB1GCHQ-c,Zen,Loxodont,Neylax,Olympia,La Daether #01,WSF,2025-07-18 00:00:00+00:00
https://www.youtube.com/watch?v=xVC1S0xTzJU,Saols,Etalus,Zen,Loxodont,La Daether #01,LSF,2025-07-18 00:00:00+00:00
https://www.youtube.com/watch?v=ARFdjE7P-ro,Neylax,Olympia,Verdigri,Kragg,La Daether #01,WF,2025-07-18 00:00:00+00:00
https://www.youtube.com/watch?v=2xHnSOWDED8,Zen,Loxodont,Verdigri,Kragg,La Daether #01,LF,2025-07-18 00:00:00+00:00
https://www.youtube.com/watch?v=Oqohk2Ml-QE,Neylax,Olympia,Verdigri,Kragg,La Daether #01,GF,2025-07-18 00:00:00+00:00
https://www.youtube.com/watch?v=zRQuHDBdWFM,Marteaufou,Maypul,Misi,Loxodont,La Daether #02,WR2,2025-07-18 00:00:00+00:00
https://www.youtube.com/watch?v=8zmXDs6kZZY,Yam,Absa,Asmo,Ranno,La Daether #02,WR2,2025-07-18 00:00:00+00:00
https://www.youtube.com/watch?v=0IWG_pF0owU,Paoz,Forsburn,Gn4rk,Olympia,La Daether #02,LR2,2025-07-18 00:00:00+00:00
https://www.youtube.com/watch?v=7e9q6fV7pu0,Qylwok,Zetterburn,Saols,Etalus,La Daether #02,WQF,2025-07-18 00:00:00+00:00
https://www.youtube.com/watch?v=fvv3_GOr2mw,Saols,Etalus,Diggito,Wrastor,La Daether #02,WSF,2025-07-18 00:00:00+00:00
https://www.youtube.com/watch?v=Z_xu-lP3eZE,Scyro,Loxodont,Zen,Loxodont,La Daether #02,WSF,2025-07-18 00:00:00+00:00
https://www.youtube.com/watch?v=DG_zshpNUtA,Diggito,Wrastor,Misi,Loxodont,La Daether #02,LQF,2025-07-18 00:00:00+00:00
https://www.youtube.com/watch?v=qqMQoZ6ti2Q,Scyro,Loxodont,Misi,Loxodont,La Daether #02,LSF,2025-07-18 00:00:00+00:00
https://www.youtube.com/watch?v=6FoZC3AACuI,Saols,Etalus,Zen,Loxodont,La Daether #02,WF,2025-07-18 00:00:00+00:00
https://www.youtube.com/watch?v=BSPQpybT5vI,Saols,Etalus,Misi,Loxodont,La Daether #02,LF,2025-07-18 00:00:00+00:00
https://www.youtube.com/watch?v=7Yvt361odMc,Saols,Etalus,Zen,Loxodont,La Daether #02,GF,2025-07-18 00:00:00+00:00
https://youtu.be/hK8b_IZ_FVA?t=0,Blitz,Clairen,FinalDreamer,Clairen,Condo of Blood 4,Pools,2025-07-19 00:00:00+00:00
https://youtu.be/hK8b_IZ_FVA?t=239,FinalDreamer,Clairen,PK Lemon,Fleet,Condo of Blood 4,Pools,2025-07-19 00:00:00+00:00
https://youtu.be/hK8b_IZ_FVA?t=623,Seena,Clairen,Umari0,Loxodont,Condo of Blood 4,Round 1,2025-07-19 00:00:00+00:00
https://youtu.be/hK8b_IZ_FVA?t=1277,Blitz,Clairen,Seena,Clairen,Condo of Blood 4,Round 2,2025-07-19 00:00:00+00:00
https://youtu.be/hK8b_IZ_FVA?t=1773,PK Lemon,Fleet,Key Lime Skye,Zetterburn,Condo of Blood 4,Winners Quarters,2025-07-19 00:00:00+00:00
https://youtu.be/hK8b_IZ_FVA?t=2353,Alfoam,Loxodont,McDuckerz,Ranno,Condo of Blood 4,Winners Quarters,2025-07-19 00:00:00+00:00
https://youtu.be/hK8b_IZ_FVA?t=3242,Blush,Zetterburn,Rongunshu,Clairen,Condo of Blood 4,Winners Quarters,2025-07-19 00:00:00+00:00
https://youtu.be/hK8b_IZ_FVA?t=3841,Key Lime Skye,Zetterburn,Rongunshu,Clairen,Condo of Blood 4,Winners Semis,2025-07-19 00:00:00+00:00
https://youtu.be/hK8b_IZ_FVA?t=4349,Cresso,Clairen,Arcy,Maypul,Condo of Blood 4,Losers Round 3,2025-07-19 00:00:00+00:00
https://youtu.be/hK8b_IZ_FVA?t=5013,Blush,Zetterburn,Karamel,Kragg,Condo of Blood 4,Losers Round 4,2025-07-19 00:00:00+00:00
https://youtu.be/hK8b_IZ_FVA?t=6801,Cresso,Clairen,McDuckerz,Ranno,Condo of Blood 4,Losers Round 4,2025-07-19 00:00:00+00:00
https://youtu.be/hK8b_IZ_FVA?t=5616,Blush,Zetterburn,Alfoam,Loxodont,Condo of Blood 4,Losers Quarters,2025-07-19 00:00:00+00:00
https://youtu.be/hK8b_IZ_FVA?t=7334,McDuckerz,Ranno,Key Lime Skye,Zetterburn,Condo of Blood 4,Losers Quarters,2025-07-19 00:00:00+00:00
https://youtu.be/hK8b_IZ_FVA?t=7984,McDuckerz,Ranno,Blush,Zetterburn,Condo of Blood 4,Losers Semis,2025-07-19 00:00:00+00:00
https://youtu.be/hK8b_IZ_FVA?t=8704,McDuckerz,Ranno,Blitz,Clairen,Condo of Blood 4,Losers Finals,2025-07-19 00:00:00+00:00
https://youtu.be/hK8b_IZ_FVA?t=9851,Rongunshu,Clairen,Blitz,Clairen,Condo of Blood 4,Grand Finals,2025-07-19 00:00:00+00:00
https://www.youtube.com/watch?v=lqUiWkKSsNY,BGunn,Olympia,Frostbite,Clairen,Straight Into The Abyss #18,Wnrs Qrts,2025-07-19 14:40:41+00:00
https://www.youtube.com/watch?v=TfY2gOZRtsc,BGunn,Olympia,Monocle Gentlesir,Maypul,Straight Into The Abyss #18,Wnrs Semi,2025-07-19 14:40:43+00:00
https://www.youtube.com/watch?v=d22JeJbrv3Q,Average Alex,Clairen,Markrealth,Etalus,Straight Into The Abyss #18,Wnrs Semi,2025-07-19 14:40:46+00:00
https://www.youtube.com/watch?v=Yi0nkTDoy9k,Sh-Awe,Orcane,Markrealth,Kragg,Straight Into The Abyss #18,Lsrs Semi,2025-07-19 14:40:53+00:00
https://www.youtube.com/watch?v=e5UC9MTAIV0,Markrealth,Etalus,BGunn,Olympia,Straight Into The Abyss #18,Lsrs Final,2025-07-19 14:40:55+00:00
https://www.youtube.com/watch?v=_ZAQS6tn7uk,Focus Miss,Ranno,Mankinen,Zetterburn,Monthly of Aether #9: EU,Pools,2025-07-19 21:06:42+00:00
https://www.youtube.com/watch?v=xpiCkfzsLnQ,UNC | Frozen,Wrastor,SunStruck,Kragg,Unc Frozen's Icebox 6,Winners Bracket,2025-07-20 21:04:29+00:00
https://www.youtube.com/watch?v=pvFb0y0LJZc,EOL,Zetterburn,Drays Winters,Forsburn,Unc Frozen's Icebox 6,Winners Quarters,2025-07-20 21:05:15+00:00
https://www.youtube.com/watch?v=c67mNH5VX0k,fox,Loxodont,UM | Jimbly,Etalus,Unc Frozen's Icebox 6,Winners Semis,2025-07-20 21:05:32+00:00
https://www.youtube.com/watch?v=D8hCFRNMmM8,EOL,Zetterburn,Jermama,Zetterburn,Unc Frozen's Icebox 6,Winners Semis,2025-07-20 21:05:51+00:00
https://www.youtube.com/watch?v=fc5ogVdaAws,EOL,Zetterburn,Wood,Zetterburn,Unc Frozen's Icebox 6,Losers Quarters,2025-07-20 21:07:14+00:00
https://www.youtube.com/watch?v=ixK4aTA27uY,Fox,Loxodont,Jermama,Zetterburn,Unc Frozen's Icebox 6,Winners Finals,2025-07-20 21:07:30+00:00
https://www.youtube.com/watch?v=yIJz5SGgPQA,EOL,Zetterburn,UM | Jimbly,Etalus,Unc Frozen's Icebox 6,Losers Semifinals,2025-07-20 21:07:46+00:00
https://www.youtube.com/watch?v=-g5kT0wBYI8,EOL,Zetterburn,Jermama,Zetterburn,Unc Frozen's Icebox 6,Losers Finals,2025-07-20 21:08:20+00:00
https://www.youtube.com/watch?v=knZVyLy7acc,Jermama,Zetterburn,Fox,Loxodont,Unc Frozen's Icebox 6,Grand Finals,2025-07-20 21:08:41+00:00
https://www.youtube.com/watch?v=-cUsC7ixqNA,Deor,Loxodont,Darkgun,Clairen,Unc Frozen's Icebox 6,Winners Bracket,2025-07-20 21:15:39+00:00
https://www.youtube.com/watch?v=SKDLqdPi4dY,Fox,Loxodont,Darkgun,Clairen,Unc Frozen's Icebox 6,Winners Quarters,2025-07-20 21:17:36+00:00
https://www.youtube.com/watch?v=Z0rGLJ93bp0,Jank City,Etalus,Sirius,Clairen,Unc Frozen's Icebox 6,Losers Bracket,2025-07-20 21:18:30+00:00
https://www.youtube.com/watch?v=T1DEmisg7t0,Drays Winters,Forsburn,Sirius,Clairen,Unc Frozen's Icebox 6,Losers Bracket,2025-07-20 21:19:35+00:00
https://www.youtube.com/watch?v=2YgPNPLeWvs,Leafysnivy,Kragg,kurplank,Loxodont,Monthly of Aether #9: EU,Pools,2025-07-20 21:31:38+00:00
https://www.youtube.com/watch?v=Kqc2i01UYxg,firmiggio,Orcane,Sand,Zetterburn,Monthly of Aether #9: EU,Pools,2025-07-20 21:34:08+00:00
https://www.youtube.com/watch?v=YUMoU5VQfVc,Kingu,Clairen,Saols,Etalus,Monthly of Aether #9: EU,Losers Finals,2025-07-20 21:35:14+00:00
https://www.youtube.com/watch?v=AEE6gpN1sr8,Guthix,Kragg,Lily,Orcane,Monthly of Aether #9: EU,Winners Quarterfinals,2025-07-20 21:35:42+00:00
https://www.youtube.com/watch?v=TQyEnI1r5pU,Kingu,Clairen,firmiggio,Orcane,Monthly of Aether #9: EU,Losers Semifinals,2025-07-20 21:36:04+00:00
https://www.youtube.com/watch?v=0cnkHgRMHr0,Saols,Etalus,Mankinen,Zetterburn,Monthly of Aether #9: EU,Winners Semifinals,2025-07-20 21:36:27+00:00
https://www.youtube.com/watch?v=59RYxjxoOn0,Genarog,Fleet,Lily,Orcane,Monthly of Aether #9: EU,Winners Semifinals,2025-07-20 21:36:54+00:00
https://www.youtube.com/watch?v=3J60Xrd3edU,DonCascone,Loxodont,Saols,Etalus,Monthly of Aether #9: EU,Winners Quarterfinals,2025-07-20 21:37:53+00:00
https://www.youtube.com/watch?v=Tb6pkpGUeWA,Saols,Etalus,Genarog,Fleet,Monthly of Aether #9: EU,Winners Finals,2025-07-20 21:38:33+00:00
https://www.youtube.com/watch?v=rYkXeiI3tyk,Genarog,Fleet,Saols,Etalus,Monthly of Aether #9: EU,Grand Finals,2025-07-20 21:38:53+00:00
https://www.youtube.com/watch?v=DIBR8CCWPoo,UM | Jimbly,Etalus,UTD | Shnoopy,Ranno,Unc Frozen's Icebox 6,Losers Quarters,2025-07-20 21:39:06+00:00
https://www.youtube.com/watch?v=NYG-DVyAG-Q,Drays Winters,Forsburn,Shnoopy,Ranno,Unc Frozen's Icebox 6,Losers Bracket,2025-07-20 21:39:57+00:00
https://www.youtube.com/watch?v=tKeiIbfZyuQ,Equal,Ranno,Juls,Etalus,Monthly of Aether #9: NA,Pools,2025-07-20 21:41:15+00:00
https://www.youtube.com/watch?v=-aW0Geo7qac,Searing Arrow,Clairen,shoes,Absa,Monthly of Aether #9: NA,Pools,2025-07-20 21:45:18+00:00
https://www.youtube.com/watch?v=A9ezc34uSnk,Veka,Clairen,Godly,Ranno,Monthly of Aether #9: NA,Pools,2025-07-20 21:46:23+00:00
https://www.youtube.com/watch?v=EtyD8XuxUh8,SolarBeam,Loxodont,ceramic,Loxodont,Monthly of Aether #9: NA,Pools,2025-07-20 21:46:54+00:00
https://www.youtube.com/watch?v=uVcBCQKGyHU,Evil Nardwuar,Loxodont,SapphireGD,Zetterburn,Monthly of Aether #9: NA,Pools,2025-07-20 21:48:31+00:00
https://www.youtube.com/watch?v=4tn5SyZghJs,PRINCE OF DELAWARE,Ranno,LittleBoi,Kragg,Monthly of Aether #9: NA,Pools,2025-07-20 21:49:20+00:00
https://www.youtube.com/watch?v=mGnw9A-Iib8,mow_kitty,Etalus,Animal,Etalus,Monthly of Aether #9: NA,Pools,2025-07-20 21:49:51+00:00
https://www.youtube.com/watch?v=zS95vpB1elI,BioBirb,Wrastor,Godly,Ranno,Monthly of Aether #9: NA,Pools,2025-07-20 21:50:15+00:00
https://www.youtube.com/watch?v=wXlE4nTke94,Ant,Absa,Bbatts,Fleet,Monthly of Aether #9: NA,Pools,2025-07-20 21:50:46+00:00
https://www.youtube.com/watch?v=iCT31mbgRE4,LG | Sandstorm,Olympia,McDuckerz,Ranno,Monthly of Aether #9: NA,Pools,2025-07-20 21:54:19+00:00
https://www.youtube.com/watch?v=zsRbouCHiQc,LG | Sandstorm,Olympia,darai,Ranno,Monthly of Aether #9: NA,Pools,2025-07-20 21:54:51+00:00
https://www.youtube.com/watch?v=5Im28-luDns,Animal,Etalus,ZeusDahGoose,Kragg,Monthly of Aether #9: NA,Winners Quarterfinals,2025-07-20 21:55:59+00:00
https://www.youtube.com/watch?v=3YSDoV9eIgk,BioBirb,Wrastor,Bop GOT EM,Etalus,Monthly of Aether #9: NA,Pools,2025-07-20 21:56:31+00:00
https://www.youtube.com/watch?v=cOuVWFwSVeg,Bbatts,Fleet,Mr. Nice Guy,Forsburn,Monthly of Aether #9: NA,Winners Quarterfinals,2025-07-20 21:57:19+00:00
https://www.youtube.com/watch?v=vr_-v8l3Eo4,Sophilo,Zetterburn,LG | Sandstorm,Olympia,Monthly of Aether #9: NA,Winners Quarterfinals,2025-07-20 21:57:52+00:00
https://www.youtube.com/watch?v=ELjT3KMLCJc,PiggyG,Clairen,Bop GOT EM,Etalus,Monthly of Aether #9: NA,Winners Quarterfinals,2025-07-20 21:58:15+00:00
https://www.youtube.com/watch?v=OwOW00OkMOg,Revilo2112,Forsburn,AoC | Acorn,Zetterburn,Monthly of Aether #9: NA,Losers Top 16,2025-07-20 21:59:11+00:00
https://www.youtube.com/watch?v=zt0VgbSlnUg,ZeusDahGoose,Kragg,TacocaT,Maypul,Monthly of Aether #9: NA,Losers Top 12,2025-07-20 22:00:04+00:00
https://www.youtube.com/watch?v=MELi9YzZLx0,Bbatts,Fleet,Animal,Etalus,Monthly of Aether #9: NA,Winners Semifinals,2025-07-20 22:01:17+00:00
https://www.youtube.com/watch?v=2oEpsgBYJjc,PiggyG,Clairen,Sophilo,Zetterburn,Monthly of Aether #9: NA,Winners Semifinals,2025-07-20 22:01:41+00:00
https://www.youtube.com/watch?v=QYPETuN6NWg,ZeusDahGoose,Kragg,Mr. Nice Guy,Forsburn,Monthly of Aether #9: NA,Losers Eighths,2025-07-20 22:02:07+00:00
https://www.youtube.com/watch?v=kfjqHY346Uk,ZeeBee,Kragg,LG | Sandstorm,Olympia,Monthly of Aether #9: NA,Losers Eighths,2025-07-20 22:02:29+00:00
https://www.youtube.com/watch?v=rsyb1hjVwb0,Bbatts,Fleet,Sophilo,Zetterburn,Monthly of Aether #9: NA,Winners Finals,2025-07-20 22:03:27+00:00
https://www.youtube.com/watch?v=M6zKNeh3VnM,ZeeBee,Kragg,Animal,Etalus,Monthly of Aether #9: NA,Losers Quarterfinals,2025-07-20 22:04:30+00:00
https://www.youtube.com/watch?v=KVKFzpWjLRs,ZeusDahGoose,Kragg,PiggyG,Etalus,Monthly of Aether #9: NA,Losers Quarterfinals,2025-07-20 22:04:50+00:00
https://www.youtube.com/watch?v=2xKkGONs1E4,ZeeBee,Kragg,ZeusDahGoose,Kragg,Monthly of Aether #9: NA,Losers Semifinals,2025-07-20 22:05:15+00:00
https://www.youtube.com/watch?v=IA4miB7j6MU,Sophilo,Zetterburn,ZeusDahGoose,Kragg,Monthly of Aether #9: NA,Losers Finals,2025-07-20 22:05:34+00:00
https://www.youtube.com/watch?v=fK-5DHdGZUw,ybm,Wrastor,Reaper,Etalus,Immortal Fight Night #233 Wnrs Qrts,,2025-07-21 03:55:36+00:00
https://www.youtube.com/watch?v=OC3jHigKhkA,Grunk,Zetterburn,Reaper,Etalus,Immortal Fight Night #233 Wnrs Semi,,2025-07-21 03:55:40+00:00
https://www.youtube.com/watch?v=xx31bLWftRI,Average Alex,Olympia,Watherum,Ranno,Immortal Fight Night #233 Wnrs Semi,,2025-07-21 03:55:42+00:00
https://www.youtube.com/watch?v=GNc2O3ouRfI,Reaper,Etalus,Grunk,Zetterburn,Immortal Fight Night #233 Lsrs Final,,2025-07-21 03:55:48+00:00
https://www.youtube.com/watch?v=fbkOEUWGvTk,Average Alex,Olympia,Reaper,Etalus,Immortal Fight Night #233 Grand Final,,2025-07-21 03:55:50+00:00
https://www.youtube.com/watch?v=b6SJJxzT_GE,Jix,Wrastor,Genarog,Fleet,Aether Reborn #5,Winners semis,2025-07-21 10:18:33+00:00
https://www.youtube.com/watch?v=HqjgolniaK4,Don Cascone,Loxodont,PRONTO,Forsburn,Aether reborn #5,Winners semis,2025-07-21 10:18:33+00:00
https://www.youtube.com/watch?v=5O5Z5PMWtek,Jix,Wrastor,Dav,Wrastor,Aether Reborn #5,Losers Quarters,2025-07-21 10:18:33+00:00
https://www.youtube.com/watch?v=_o8FZISqwkg,Turtle,Ranno,Mapiz,Kragg,Aether Reborn #5,Losers Round 1,2025-07-21 10:18:33+00:00
https://www.youtube.com/watch?v=5WsT7ubv_dA,Alexo,Zetterburn,Dav,Wrastor,Aether Reborn #5,Losers Round 1,2025-07-21 10:18:33+00:00
https://www.youtube.com/watch?v=O97TIR0Vojg,Wisely,Maypul,Phug,Kragg,Run The Rivals #21,Winners R1,2025-07-22 02:27:20+00:00
https://www.youtube.com/watch?v=m9smYF9Ibe0,paperwingedowl,Loxodont,Hunter,Absa,Run The Rivals #21,Winners Quarters,2025-07-22 02:27:48+00:00
https://www.youtube.com/watch?v=O5tbPCq9qpw,Veka,Clairen,Clavual,Kragg,Run The Rivals #21,Winners Quarters,2025-07-22 02:27:48+00:00
https://www.youtube.com/watch?v=p3Swcif1qi4,Veka,Clairen,Hunter,Maypul,Run The Rivals #21,Winners Semis,2025-07-22 02:28:02+00:00
https://www.youtube.com/watch?v=zxBoI8pIM5I,Veka,Clairen,sans.,Wrastor,Run The Rivals #21,Winners Finals,2025-07-22 02:28:04+00:00
https://www.youtube.com/watch?v=AURpgMikzHM,Landon,Clairen,sans.,Wrastor,Run The Rivals #21,Winners Semis,2025-07-22 02:28:06+00:00
https://www.youtube.com/watch?v=qSCMEjvc8M4,Landon,Clairen,sans.,Wrastor,Run The Rivals #21,Losers Finals,2025-07-22 02:28:43+00:00
https://www.youtube.com/watch?v=nOe8HbBd7mk,Veka,Clairen,Landon,Clairen,Run The Rivals #21,Grand Finals,2025-07-22 02:28:49+00:00
https://www.youtube.com/watch?v=zrdRjQfPA1g,Landon,Clairen,Hunter,Absa,Run The Rivals #21,Losers Semis,2025-07-22 02:29:18+00:00
https://www.youtube.com/watch?v=SKCRjk3PhG0&t=368,Glacien,Loxodont,Xena,Fleet,Hop On Rivals #26,Round 1,2025-07-22 17:44:07+00:00
https://www.youtube.com/watch?v=SKCRjk3PhG0&t=999,Kapl,Clairen,Mustard,Loxodont,Hop On Rivals #26,Round 1,2025-07-22 17:44:07+00:00
https://www.youtube.com/watch?v=SKCRjk3PhG0&t=1599,Mystery Sol,Fleet,Seelder,Fleet,Hop On Rivals #26,Winners Quarterfinals,2025-07-22 17:44:07+00:00
https://www.youtube.com/watch?v=SKCRjk3PhG0&t=2188,Sawstep,Fleet,Gengur,Clairen,Hop On Rivals #26,Winners Quarterfinals,2025-07-22 17:44:07+00:00
https://www.youtube.com/watch?v=SKCRjk3PhG0&t=2918,Corncycle,Olympia,Mustard,Loxodont,Hop On Rivals #26,Winners Quarterfinals,2025-07-22 17:44:07+00:00
https://www.youtube.com/watch?v=SKCRjk3PhG0&t=3501,HKP,Zetterburn,Kasai,Maypul,Hop On Rivals #26,Winners Quarterfinals,2025-07-22 17:44:07+00:00
https://www.youtube.com/watch?v=SKCRjk3PhG0&t=5151,Corncycle,Olympia,HKP,Zetterburn,Hop On Rivals #26,Winners Semifinals,2025-07-22 17:44:07+00:00
https://www.youtube.com/watch?v=SKCRjk3PhG0&t=5790,Mystery Sol,Fleet,Gengur,Clairen,Hop On Rivals #26,Winners Semifinals,2025-07-22 17:44:07+00:00
https://www.youtube.com/watch?v=SKCRjk3PhG0&t=6488,Seelder,Fleet,HKP,Zetterburn,Hop On Rivals #26,Losers Quarterfinals,2025-07-22 17:44:07+00:00
https://www.youtube.com/watch?v=SKCRjk3PhG0&t=7400,Corncycle,Olympia,Gengur,Clairen,Hop On Rivals #26,Winners Finals,2025-07-22 17:44:07+00:00
https://www.youtube.com/watch?v=SKCRjk3PhG0&t=8200,Mystery Sol,Fleet,Seelder,Fleet,Hop On Rivals #26,Losers Semifinals,2025-07-22 17:44:07+00:00
https://www.youtube.com/watch?v=SKCRjk3PhG0&t=9231,Gengur,Clairen,Mystery Sol,Fleet,Hop On Rivals #26,Losers Finals,2025-07-22 17:44:07+00:00
https://www.youtube.com/watch?v=SKCRjk3PhG0&t=10599,Corncycle,Olympia,Mystery Sol,Fleet,Hop On Rivals #26,Grand Finals,2025-07-22 17:44:07+00:00
https://www.youtube.com/watch?v=At9Qtb0LSKE,QE,Clairen,BGunn,Olympia,Immortal Fight Night #234 Wnrs Qrts,,2025-07-22 20:50:07+00:00
https://www.youtube.com/watch?v=UnAtO4cIhus,Average Alex,Clairen,BGunn,Olympia,Immortal Fight Night #234 Wnrs Semi,,2025-07-22 20:50:08+00:00
https://www.youtube.com/watch?v=PNxCucGp8x8,Watherum,Ranno,Toiler,Loxodont,Immortal Fight Night #234 Wnrs Semi,,2025-07-22 20:50:11+00:00
https://www.youtube.com/watch?v=y280t5xEEeE,Watherum,Ranno,Average Alex,Clairen,Immortal Fight Night #234 Wnrs Final,,2025-07-22 20:50:13+00:00
https://www.youtube.com/watch?v=D5qaoPge-Dg,PGH Sky,Kragg,Sentry Okzz,Loxodont,PRPL,WF,2025-07-23 08:13:22+00:00
https://www.youtube.com/watch?v=y2T6RgUY3og,PGH Sky,Kragg,PGH Mr Y?,Olympia,PRPL,WSF,2025-07-23 08:13:22+00:00
https://www.youtube.com/watch?v=aHNQsWB-ah4,T4T Aurora,Absa,PGH Mr Y?,Olympia,PRPL,WQF,2025-07-23 08:13:22+00:00
https://www.youtube.com/watch?v=eoYXsxoTtbA,clementine,Clairen,T4T Aurora,Absa,PRPL,LR2,2025-07-23 08:13:22+00:00
https://www.youtube.com/watch?v=id591lSgBGA,PGH Sky,Kragg,Vv,Orcane,PRPL,LF,2025-07-23 08:13:22+00:00
https://www.youtube.com/watch?v=pY9S-cI-Pxk,PG$W Vaporeon,Clairen,PGH Sky,Kragg,PRPL,WQF,2025-07-23 08:13:22+00:00
https://www.youtube.com/watch?v=ZRDORgRc-OQ,SaberLink0,Orcane,MarkyFresh,Loxodont,PRPL,Qualifier,2025-07-23 08:13:22+00:00
https://www.youtube.com/watch?v=dTuppu2xDwg,clementine,Clairen,Vv,Orcane,PRPL,LQF,2025-07-23 08:13:22+00:00
https://www.youtube.com/watch?v=fEEf4BrdLF8,MarkyFresh,Loxodont,PGH Mr Y?,Olympia,PRPL,LQF,2025-07-23 08:13:22+00:00
https://www.youtube.com/watch?v=dtfmAXI31C0,PG$W Vaporeon,Clairen,pillsbury doegirl,Zetterburn,PRPL,Qualifier,2025-07-23 08:13:22+00:00
https://www.youtube.com/watch?v=jdQQDGzi5RE,pillsbury doegirl,Zetterburn,Aluminis,Olympia,PRPL,LR1,2025-07-23 08:13:22+00:00
https://www.youtube.com/watch?v=tFzHu_NskCg,SENTRY squatch$,Ranno,MarkyFresh,Loxodont,PRPL,LR1,2025-07-23 08:13:22+00:00
https://www.youtube.com/watch?v=-iK37E3QzmM,Aluminis,Olympia,SENTRY Okzz,Loxodont,PRPL,WQF,2025-07-23 08:13:22+00:00
https://www.youtube.com/watch?v=2FSireSRYKA,SENTRY squatch$,Ranno,T4T Aurora,Absa,PRPL,Qualifier,2025-07-23 08:13:22+00:00
https://www.youtube.com/watch?v=9B3n8o7GHcA,SaberLink0,Orcane,T4T Aurora,Absa,PRPL,LR1,2025-07-23 08:13:22+00:00
https://www.youtube.com/watch?v=FO28jUirlqg,Vv,Orcane,PGH Mr Y?,Olympia,PRPL,LSF,2025-07-23 08:13:22+00:00
https://www.youtube.com/watch?v=LHJTE1Go50E,clementine,Clairen,PG$W Vaporeon,Clairen,PRPL,LR1,2025-07-23 08:13:22+00:00
https://www.youtube.com/watch?v=SZ9RTBO_u-Y,clementine,Clairen,Aluminis,Olympia,PRPL,Qualifier,2025-07-23 08:13:22+00:00
https://www.youtube.com/watch?v=X7PXhn9pG9U,MarkyFresh,Loxodont,Vv,Orcane,PRPL,WQF,2025-07-23 08:13:22+00:00
https://www.youtube.com/watch?v=XjDnvU3OVAc,Sentry Okzz,Loxodont,PGH Sky,Kragg,PRPL,Grand Finals,2025-07-23 08:13:22+00:00
https://www.youtube.com/watch?v=JO35bTIkU_M,pillsbury doegirl,Zetterburn,MarkyFresh,Loxodont,PRPL,LR2,2025-07-23 08:13:22+00:00
https://www.youtube.com/watch?v=rXZM-WzymMI,deer,Olympia,Lord,Etalus,R2AS #12,Winners Round 2,2025-07-24 20:23:04+00:00
https://www.youtube.com/watch?v=gl9WI3MPdjk,Truthsinger,Clairen,Ferrari77,Clairen,R2AS #12,Winners Quarters,2025-07-24 20:24:47+00:00
https://www.youtube.com/watch?v=z002qKG2Fgc,Emerald_87,Zetterburn,Truthsinger,Clairen,R2AS #12,Top 8 Winners Semis,2025-07-24 20:27:04+00:00
https://www.youtube.com/watch?v=qful3ifzmLg,Orbital,Kragg,Magma,Wrastor,R2AS #12,Losers Top 8,2025-07-24 20:28:48+00:00
https://www.youtube.com/watch?v=hiDwEpG08Xo,Nori,Absa,TheConceptOfDe4th,Absa,R2AS #12,Top 8 Winners Semis,2025-07-24 20:30:48+00:00
https://www.youtube.com/watch?v=4b71jrJdQMY,TheConceptOfDe4th,Absa,Emerald_87,Zetterburn,R2AS #12,Top 8 Losers Semis,2025-07-24 20:32:54+00:00
https://www.youtube.com/watch?v=omeucd7OpOc,Orbital,Kragg,TheConceptOfDe4th,Absa,R2AS #12,Top 8 Losers Quarters,2025-07-24 20:33:00+00:00
https://www.youtube.com/watch?v=NjPR_9Fuu4M,Emerald_87,Zetterburn,Nori,Absa,R2AS #12,Top 8 Losers Finals,2025-07-24 20:33:05+00:00
https://www.youtube.com/watch?v=w-lET54KG2I,Nori,Absa,Truthsinger,Clairen,R2AS #12,Top 8 Winners Finals,2025-07-24 20:33:11+00:00
https://youtu.be/xLprAQG9JMc?t=1401,Godly,Ranno,Goljee,Absa,Gourmet Clash #73,Round 1,2025-07-27 02:38:36+00:00
https://youtu.be/xLprAQG9JMc?t=2031,Blush,Zetterburn,TvFish,Zetterburn,Gourmet Clash #73,Round 1,2025-07-27 02:38:36+00:00
https://www.youtube.com/watch?v=xLprAQG9JMc,Goljee,Absa,Blush,Zetterburn,Gourmet Clash #73,Round 2,2025-07-27 02:38:36+00:00
https://youtu.be/xLprAQG9JMc?t=379,TvFish,Zetterburn,NickSF,Absa,Gourmet Clash #73,Round 2,2025-07-27 02:38:36+00:00
https://youtu.be/xLprAQG9JMc?t=2333,McDuckerz,Olympia,Blush,Zetterburn,Gourmet Clash #73,Round 4,2025-07-27 02:38:36+00:00
https://youtu.be/xLprAQG9JMc?t=736,Blush,Zetterburn,Acarcion,Absa,Gourmet Clash #73,Round 7,2025-07-27 02:38:36+00:00
https://youtu.be/xLprAQG9JMc?t=2713,Goljee,Absa,Blush,Zetterburn,Gourmet Clash #73,Losers Semis,2025-07-27 02:38:36+00:00
https://youtu.be/xLprAQG9JMc?t=3341,McDuckerz,Ranno,Godly,Ranno,Gourmet Clash #73,Winners Finals,2025-07-27 02:38:36+00:00
https://youtu.be/xLprAQG9JMc?t=4145,McDuckerz,Ranno,Blush,Zetterburn,Gourmet Clash #73,Losers Finals,2025-07-27 02:38:36+00:00
https://youtu.be/xLprAQG9JMc?t=5005,Blush,Zetterburn,Godly,Ranno,Gourmet Clash #73,Grand Finals,2025-07-27 02:38:36+00:00
https://www.youtube.com/watch?v=REa1WBtx5BY,Splash,Maypul,niranoha,Absa,RoAsia Opeening Major,Winners Semi-Final,2025-07-28 11:28:54+00:00
https://www.youtube.com/watch?v=NGWg4hIXVAE,Killablink,Clairen,Aikawa,Kragg,RoAsia Opeening Major,Winners Semi-Final,2025-07-28 11:28:54+00:00
https://www.youtube.com/watch?v=XGWN7-o2OYA,Aikawa,Kragg,niranoha,Absa,RoAsia Opeening Major,Winners Final,2025-07-28 11:28:54+00:00
https://www.youtube.com/watch?v=UixyIqzjWBA,Ã¦vidd,Zetterburn,Splash,Maypul,RoAsia Opeening Major,Losers Quarter Final,2025-07-28 11:28:54+00:00
https://www.youtube.com/watch?v=UJ3dT75utYU,Aikawa,Kragg,Ã¦vidd,Zetterburn,RoAsia Opeening Major,Losers Final,2025-07-28 11:28:54+00:00
https://www.youtube.com/watch?v=zbLpkxRRDTw,Aikawa,Kragg,niranoha,Absa,RoAsia Opeening Major,Grand Final,2025-07-28 11:28:54+00:00
https://www.youtube.com/watch?v=st8VZ-NwTxY,ChocolatJP,Ranno,Ã¦vidd,Zetterburn,RoAsia Opeening Major,Losers Semi Final,2025-07-28 11:28:54+00:00
https://www.youtube.com/watch?v=EqipRwqPAx8,Clavual,Kragg,?Lake,Forsburn,Run The Rivals #22,Winners R1,2025-07-29 02:39:15+00:00
https://www.youtube.com/watch?v=DmWHfgLTPpU,Landon,Clairen,SongOfChaos,Clairen,Run The Rivals #22,Winners Quarters,2025-07-29 02:39:39+00:00
https://www.youtube.com/watch?v=0RYXlab16fw,Landon,Clairen,Hunter,Absa,Run The Rivals #22,Winners Semis,2025-07-29 02:39:57+00:00
https://www.youtube.com/watch?v=z_Wp2Fmt6r4,Veka,Clairen,Franzwa,Etalus,Run The Rivals #22,Winners Semis,2025-07-29 02:40:16+00:00
https://www.youtube.com/watch?v=2AbY4oxEtEU,Franzwa,Etalus,Landon,Clairen,Run The Rivals #22,Winners Finals,2025-07-29 02:41:01+00:00
https://www.youtube.com/watch?v=kDgn6mdhT5o,Hunter,Maypul,Veka,Clairen,Run The Rivals #22,Losers Semis,2025-07-29 02:41:13+00:00
https://www.youtube.com/watch?v=pK5mhyCiMhw,Veka,Clairen,Franzwa,Etalus,Run The Rivals #22,Losers Finals,2025-07-29 02:41:26+00:00
https://www.youtube.com/watch?v=GDHD7EiLbLk&t=1194,Kapl,Clairen,Tohru,Fleet,Hop On Rivals #27,Pools Winners Side,2025-07-29 18:30:10+00:00
https://www.youtube.com/watch?v=GDHD7EiLbLk&t=1800,Walk,Absa,Sophilo,Zetterburn,Hop On Rivals #27,Pools Winners Side,2025-07-29 18:30:10+00:00
https://www.youtube.com/watch?v=GDHD7EiLbLk&t=2800,Maya,Orcane,Mustard,Loxodont,Hop On Rivals #27,Winners Quarterfinals,2025-07-29 18:30:10+00:00
https://www.youtube.com/watch?v=GDHD7EiLbLk&t=3539,Darai,Ranno,Nothigh,Loxodont,Hop On Rivals #27,Winners Quarterfinals,2025-07-29 18:30:10+00:00
https://www.youtube.com/watch?v=GDHD7EiLbLk&t=4000,Sophilo,Zetterburn,Seelder,Fleet,Hop On Rivals #27,Winners Quarterfinals,2025-07-29 18:30:10+00:00
https://www.youtube.com/watch?v=GDHD7EiLbLk&t=4560,Bird,Ranno,Ceramic,Loxodont,Hop On Rivals #27,Winners Quarterfinals,2025-07-29 18:30:10+00:00
https://www.youtube.com/watch?v=GDHD7EiLbLk&t=6080,Bird,Ranno,Seelder,Fleet,Hop On Rivals #27,Winners Semifinals,2025-07-29 18:30:10+00:00
https://www.youtube.com/watch?v=GDHD7EiLbLk&t=6900,Maya,Orcane,Darai,Orcane,Hop On Rivals #27,Winners Semifinals,2025-07-29 18:30:10+00:00
https://www.youtube.com/watch?v=GDHD7EiLbLk&t=7600,Darai,Ranno,Sophilo,Zetterburn,Hop On Rivals #27,Losers Quarterfinals,2025-07-29 18:30:10+00:00
https://www.youtube.com/watch?v=GDHD7EiLbLk&t=8330,Seelder,Fleet,Maya,Orcane,Hop On Rivals #27,Winners Finals,2025-07-29 18:30:10+00:00
https://www.youtube.com/watch?v=GDHD7EiLbLk&t=9400,Sophilo,Zetterburn,Elkiies,Maypul,Hop On Rivals #27,Losers Semifinals,2025-07-29 18:30:10+00:00
https://www.youtube.com/watch?v=GDHD7EiLbLk&t=10142,Sophilo,Zetterburn,Seelder,Fleet,Hop On Rivals #27,Losers Finals,2025-07-29 18:30:10+00:00
https://www.youtube.com/watch?v=GDHD7EiLbLk&t=11109,Maya,Orcane,Sophilo,Zetterburn,Hop On Rivals #27,Grand Finals,2025-07-29 18:30:10+00:00
https://www.youtube.com/watch?v=htDVbFhxsxQ,BGunn,Olympia,Watherum,Ranno,Immortal Fight Night #235 Wnrs Qrts,,2025-07-31 02:53:41+00:00
https://www.youtube.com/watch?v=1Ytl6g_s4LQ,Grunk,Zetterburn,Reaper,Etalus,Immortal Fight Night #235 Wnrs Semi,,2025-07-31 02:53:45+00:00
https://www.youtube.com/watch?v=1ya-2Pfcxjw,Average Alex,Kragg,BGunn,Olympia,Immortal Fight Night #235 Wnrs Semi,,2025-07-31 02:53:47+00:00
https://www.youtube.com/watch?v=EcWwVT5QcWc,Reaper,Etalus,Average Alex,Kragg,Immortal Fight Night #235 Wnrs Final,,2025-07-31 02:53:49+00:00
https://www.youtube.com/watch?v=_z8ywkEmlBY,Reaper,Etalus,Grunk,Zetterburn,Immortal Fight Night #235 Lsrs Final,,2025-07-31 02:53:53+00:00
https://www.youtube.com/watch?v=0VF8UDHlsCY,Advers_Event,Fleet,Linne,Olympia,R2AS #13,Winners Round 2,2025-07-31 04:39:03+00:00
https://www.youtube.com/watch?v=GyJ0Mk1l548,Meechole,Loxodont,Lucent ÎµÏ‡Î˜,Orcane,R2AS #13,Winners Round 2,2025-07-31 04:40:35+00:00
https://www.youtube.com/watch?v=dFhbKZTOlr8,TheConceptOfDe4th,Absa,approximately 7 moths,Loxodont,R2AS #13,Top 8 Winners Semis,2025-07-31 04:42:20+00:00
https://www.youtube.com/watch?v=Z4cI5H_sR2g,Searing Arrow,Clairen,Meechole,Loxodont,R2AS #13,Top 8 Winners Semis,2025-07-31 04:42:57+00:00
https://www.youtube.com/watch?v=GHOPB07dowg,Meechole,Loxodont,NormalPunch,Wrastor,R2AS #13,Top 8 Losers Quarters,2025-07-31 04:44:44+00:00
https://www.youtube.com/watch?v=siPTBXNCj8s,Tacobros,Clairen,TheConceptOfDe4th,Absa,R2AS #13,Top 8 Losers Quarters,2025-07-31 04:45:29+00:00
https://www.youtube.com/watch?v=ey37bG-A0O0,Searing Arrow,Clairen,approximately 7 moths,Loxodont,R2AS #13,Top 8 Winners Finals,2025-07-31 04:45:53+00:00
https://www.youtube.com/watch?v=nztldkqvs5k,Meechole,Loxodont,Tacobros,Clairen,R2AS #13,Top 8 Losers Semis,2025-07-31 04:47:01+00:00
https://www.youtube.com/watch?v=ASpFHcpmVpc,NormalPunch,Wrastor,Env3lop,Wrastor,R2AS #13,Top 8 Losers,2025-07-31 04:53:29+00:00
https://www.youtube.com/watch?v=gwkdbEATR40,Average Alex,Zetterburn,Drewsephix,Orcane,Straight Into The Abyss #19,Wnrs Semi,2025-08-01 17:36:08+00:00
https://www.youtube.com/watch?v=UmYY_k0aZdI,Bowler,Clairen,Reaper,Etalus,Straight Into The Abyss #19,Lsrs Final,2025-08-01 17:36:18+00:00
https://www.youtube.com/watch?v=DyM37GtOknE,Average Alex,Kragg,Bowler,Clairen,Straight Into The Abyss #19,Grand Finals,2025-08-01 17:36:20+00:00
https://www.youtube.com/watch?v=t9_KUl5RwGY,i0n,Olympia,Wisp,Maypul,"Trey's Trashcan Jul 22, 2025",,2025-08-01 20:26:47+00:00
https://www.youtube.com/watch?v=qpXKDqMsDYg,Always,Ranno,Nevereatcars,Maypul,"Trey's Trashcan Jul 22, 2025",,2025-08-01 20:27:39+00:00
https://www.youtube.com/watch?v=CQ4AuyGKjos,Nevereatcars,Maypul,Christos,Kragg,"Trey's Trashcan Jul 22, 2025",,2025-08-01 20:28:18+00:00
https://www.youtube.com/watch?v=tWBzpgMVXEs,Wisp,Maypul,Zeoark,Forsburn,"Trey's Trashcan Jul 22, 2025 ",,2025-08-01 20:28:54+00:00
https://www.youtube.com/watch?v=TajfhxYSw2g,Wisp,Maypul,TheCorndogLover,Loxodont,"Trey's Trashcan Jul 22, 2025",,2025-08-01 20:29:45+00:00
https://www.youtube.com/watch?v=tIx42kAf1nQ,Sacto Style,Zetterburn,Christos,Olympia,"Trey's Trashcan Jul 22, 2025",,2025-08-01 20:30:22+00:00
https://www.youtube.com/watch?v=3lStWX4oMWU,Wisp,Maypul,Zale Lionheart,Absa,"Trey's Trashcan Jul 22, 2025",,2025-08-01 20:30:53+00:00
https://www.youtube.com/watch?v=FxIfWPfSZc0,Zeoark,Forsburn,Sabre,Orcane,"Trey's Trashcan Jul 22, 2025",,2025-08-01 20:31:25+00:00
https://www.youtube.com/watch?v=s5xdUp7IuQE,Zeoark,Forsburn,TheCorndogLover,Loxodont,The Kitchen 2,,2025-08-01 20:31:48+00:00
https://www.youtube.com/watch?v=p3kQevjukG8,I0N,Olympia,Wisp,Maypul,"Trey's Trashcan Jul 22, 2025",,2025-08-01 20:31:56+00:00
https://www.youtube.com/watch?v=WBQBy8Tkvrg,Zeoark,Forsburn,Gnarlee,Zetterburn,The Kitchen 2,,2025-08-01 20:32:21+00:00
https://www.youtube.com/watch?v=10i1uMezUNk,Zeoark,Forsburn,Boggle,Maypul,The Kitchen 2,,2025-08-01 20:32:49+00:00
https://www.youtube.com/watch?v=MOLH5D0v2Uc,Wisp,Maypul,TheCorndogLover,Loxodont,The Kitchen 2,,2025-08-01 20:33:24+00:00
https://www.youtube.com/watch?v=7o4wrPnUGa8,i0n,Olympia,Boggle,Maypul,The Kitchen 2,,2025-08-01 20:33:52+00:00
https://www.youtube.com/watch?v=adpKCm0-wOY,Boggle,Maypul,PotatoesAreYum,Loxodont,The Kitchen 2,,2025-08-01 20:34:16+00:00
https://www.youtube.com/watch?v=2FzoNNGsMHg,Boggle,Maypul,Gnarlee,Zetterburn,The Kitchen 2,,2025-08-01 20:34:41+00:00
https://www.youtube.com/watch?v=p9dpIawO3NY,Gengu,Kragg,Christos,Olympia,"Trey's Trashcan Jul 8th, 2025",,2025-08-01 20:37:00+00:00
https://www.youtube.com/watch?v=4DlwpIWpsw8,i0n,Olympia,Sophilo,Zetterburn,"Trey's Trashcan Jul 8th, 2025",,2025-08-01 20:37:00+00:00
https://www.youtube.com/watch?v=u9mDN2Rb2bE,i0n,Olympia,Zeoark,Forsburn,"Trey's Trashcan Jul 8th, 2025",,2025-08-01 20:37:00+00:00
https://www.youtube.com/watch?v=cB8fSQV4vi4,OriMori,Absa,Femme,Clairen,"Trey's Trashcan Jul 8th, 2025",,2025-08-01 20:37:00+00:00
https://www.youtube.com/watch?v=iKItz71pHSY,Sophilo,Clairen,tipmaster420,Clairen,"Trey's Trashcan Jul 8th, 2025",,2025-08-01 20:37:00+00:00
https://www.youtube.com/watch?v=QaylPqlXE0Q,Sophilo,Zetterburn,Zeoark,Forsburn,"Trey's Trashcan Jul 8th, 2025",,2025-08-01 20:37:00+00:00
https://www.youtube.com/watch?v=ceBgFzMGKFo,Wisp,Maypul,OriMori,Absa,"Trey's Trashcan Jul 8th, 2025 ",,2025-08-01 20:37:00+00:00
https://www.youtube.com/watch?v=kUGeE3-Fwdc,Wisp,Maypul,Zeoark,Forsburn,"Trey's Trashcan Jul 8th,2025 ",,2025-08-01 20:37:00+00:00
https://www.youtube.com/watch?v=Fwu7mkZyXeY,Wisp,Maypul,Zeoark,Forsburn,"Trey's Trashcan Jul 8th, 2025 ",,2025-08-01 20:37:00+00:00
https://www.youtube.com/watch?v=aRqE00XGvi0,Wisp,Maypul,Always,Ranno,Treys Trashcan Jul 8th 2025,,2025-08-01 20:37:00+00:00
https://www.youtube.com/watch?v=lCD5-XqXJyE,Sabre,Orcane,Always,Ranno,Treys Trashcan Jul 8th 2025,,2025-08-01 20:37:00+00:00
https://www.youtube.com/watch?v=G_v5dQAJ3OQ,Terra,Zetterburn,Furret,Ranno,Floorhug #1,Round 2,2025-08-02 06:36:02+00:00
https://www.youtube.com/watch?v=-e_cI_TAdZg,EC | Domnique,Zetterburn,Willie Stroker,Kragg,Floorhug #1,Round 2,2025-08-02 06:36:35+00:00
https://www.youtube.com/watch?v=Or4HpF2bvyA,Sawstep,Absa,Gengur,Clairen,Floorhug #1,Winners Semifinals,2025-08-02 06:37:09+00:00
https://www.youtube.com/watch?v=8cd_U5spEl0,Terra,Zetterburn,ianology,Olympia,Floorhug #1,Losers Quarterfinals,2025-08-02 06:38:12+00:00
https://www.youtube.com/watch?v=eQWRv4hlkIk,EC | Domnique,Zetterburn,Gengur,Clairen,Floorhug #1,Winners Finals,2025-08-02 06:38:48+00:00
https://www.youtube.com/watch?v=mJ7nBTlu_xI,ianology,Olympia,Furret,Ranno,Floorhug #1,Losers Semifinals,2025-08-02 06:39:18+00:00
https://www.youtube.com/watch?v=Ti5lfF8FNqk,ianology,Olympia,Gengur,Clairen,Floorhug #1,Losers Finals,2025-08-02 06:39:45+00:00
https://www.youtube.com/watch?v=8R5xTL7WPoM,EC | Domnique,Zetterburn,Gengur,Clairen,Floorhug #1,Grand Finals,2025-08-02 06:40:15+00:00
https://www.youtube.com/watch?v=TRdID-jjVm4,dosboxfalco,Zetterburn,Hazelnut,Zetterburn,R2AS #14,Top 8 Winners Semis,2025-08-02 19:04:20+00:00
https://www.youtube.com/watch?v=W3yoCSUvFns,Trifoce!,Forsburn,TheConceptOfDe4th,Absa,R2AS #14,Top 8 Winners Semis,2025-08-02 19:06:13+00:00
https://www.youtube.com/watch?v=kgzcI5d-Vko,dosboxfalco,Zetterburn,Triforce!,Forsburn,R2AS #14,Top 8 Winners Finals,2025-08-02 19:07:26+00:00
https://www.youtube.com/watch?v=DcB6EcAE5P4,TheConceptOfDe4th,Absa,hobby,Kragg,R2AS #14,Top 8 Loserse Quarters,2025-08-02 19:08:27+00:00
https://www.youtube.com/watch?v=LbNr5pKnNsU,Env3lop,Wrastor,Hazelnut,Zetterburn,R2AS #14,Top 8 Losers Quarters,2025-08-02 19:09:17+00:00
https://www.youtube.com/watch?v=jOIm8QGTunI,TheConceptOfDe4th,Absa,Env3lop,Wrastor,R2AS #14,Top 8 Losers Semis,2025-08-02 19:10:33+00:00
https://www.youtube.com/watch?v=o_mvDt0sQHc&t=0,CakeAssault,Forsburn,Sandstorm,Olympia,EVO 2025 Top 8,Winners Final,2025-08-02 21:33:44+00:00
https://www.youtube.com/watch?v=o_mvDt0sQHc&t=476,Plup,Olympia,Sparg0,Clairen,EVO 2025 Top 8,Winners Final,2025-08-02 21:33:44+00:00
https://www.youtube.com/watch?v=o_mvDt0sQHc&t=1207,Stango,Kragg,FullStream,Etalus,EVO 2025 Top 8,Losers Round 1,2025-08-02 21:33:44+00:00
https://www.youtube.com/watch?v=o_mvDt0sQHc&t=2220,Marlon,Orcane,Bbatts,Fleet,EVO 2025 Top 8,Losers Round 1,2025-08-02 21:33:44+00:00
https://www.youtube.com/watch?v=o_mvDt0sQHc&t=2808,Sparg0,Clairen,Stango,Olympia,EVO 2025 Top 8,Losers Quarterfinal,2025-08-02 21:33:44+00:00
https://www.youtube.com/watch?v=o_mvDt0sQHc&t=3890,Marlon,Wrastor,Sandstorm,Olympia,EVO 2025 Top 8,Losers Quarterfinal,2025-08-02 21:33:44+00:00
https://www.youtube.com/watch?v=o_mvDt0sQHc&t=4860,CakeAssault,Forsburn,Plup,Maypul,EVO 2025 Top 8,Winners Final,2025-08-02 21:33:44+00:00
https://www.youtube.com/watch?v=o_mvDt0sQHc&t=5536,Stango,Olympia,Marlon,Wrastor,EVO 2025 Top 8,Losers Semifinal,2025-08-02 21:33:44+00:00
https://www.youtube.com/watch?v=o_mvDt0sQHc&t=6125,Stango,Olympia,CakeAssault,Forsburn,EVO 2025 Top 8,Losers Final,2025-08-02 21:33:44+00:00
https://www.youtube.com/watch?v=o_mvDt0sQHc&t=6960,Stango,Olympia,Plup,Orcane,EVO 2025 Top 8,Grand Final,2025-08-02 21:33:44+00:00
https://www.youtube.com/watch?v=_gGLtPBAeto,Love Tub,Etalus,Stealth_Pilot,Loxodont,Run The Rivals #23,Winners R1,2025-08-05 02:36:13+00:00
https://www.youtube.com/watch?v=rOppdI_whhY,Veka,Clairen,Love Tub,Etalus,Run The Rivals #23,Winners Quarters,2025-08-05 02:36:32+00:00
https://www.youtube.com/watch?v=n-R84kVqsWU,Landon,Clairen,paperwingedowl,Loxodont,Run The Rivals #23,Winners Quarters,2025-08-05 02:36:52+00:00
https://www.youtube.com/watch?v=eCL3BnvqiKo,Veka,Clairen,Hunter,Maypul,Run The Rivals #23,Winners Semis,2025-08-05 02:36:57+00:00
https://www.youtube.com/watch?v=ox0T5XeqEOA,Landon,Clairen,sans.,Wrastor,Run The Rivals #23,Winners Semis,2025-08-05 02:37:03+00:00
https://www.youtube.com/watch?v=tqiZ1P_hN-0,Hunter,Maypul,paperwingedowl,Loxodont,Run The Rivals #23,Losers Quarters,2025-08-05 02:37:20+00:00
https://www.youtube.com/watch?v=Az1ISypLv0U,Hunter,Maypul,sans.,Wrastor,Run The Rivals #23,Losers Semis,2025-08-05 02:37:47+00:00
https://www.youtube.com/watch?v=jI0IPzTLAME,Hunter,Maypul,Veka,Clairen,Run The Rivals #23,Losers Finals,2025-08-05 02:38:10+00:00
https://www.youtube.com/watch?v=hFVgfGMEWmc,Landon,Clairen,Veka,Clairen,Run The Rivals #23,Grand Finals,2025-08-05 02:38:19+00:00
https://www.youtube.com/watch?v=0flYNsOt3Rw,Stealth_Pilot,Etalus,Superdog,Clairen,Run The Rivals #23,Thug Finals,2025-08-05 02:38:19+00:00
https://www.youtube.com/watch?v=2ETDVQwIqwE,Landon,Clairen,Veka,Clairen,Run The Rivals #23,Winners Finals,2025-08-05 02:38:36+00:00
https://www.youtube.com/watch?v=ves2Ib3jk1w&t=547,Zamsire,Zetterburn,Uberransy,Clairen,Hop On Rivals #28,Pools Winners Side,2025-08-05 18:02:35+00:00
https://www.youtube.com/watch?v=ves2Ib3jk1w&t=1110,Maya,Orcane,Spikefire,Zetterburn,Hop On Rivals #28,Pools Winners Side,2025-08-05 18:02:35+00:00
https://www.youtube.com/watch?v=ves2Ib3jk1w&t=1654,Bullets,Etalus,Mow_Kitty,Etalus,Hop On Rivals #28,Winners Quarterfinals,2025-08-05 18:02:35+00:00
https://www.youtube.com/watch?v=ves2Ib3jk1w&t=2146,Sawstep,Fleet,Gengur,Clairen,Hop On Rivals #28,Winners Quarterfinals,2025-08-05 18:02:35+00:00
https://www.youtube.com/watch?v=ves2Ib3jk1w&t=2745,Oneoutkast,Kragg,Ceramic,Loxodont,Hop On Rivals #28,Winners Quarterfinals,2025-08-05 18:02:35+00:00
https://www.youtube.com/watch?v=ves2Ib3jk1w&t=3334,Maya,Orcane,King I Kapl,Clairen,Hop On Rivals #28,Winners Quarterfinals,2025-08-05 18:02:35+00:00
https://www.youtube.com/watch?v=ves2Ib3jk1w&t=5599,Maya,Orcane,Oneoutkast,Kragg,Hop On Rivals #28,Winners Semifinals,2025-08-05 18:02:35+00:00
https://www.youtube.com/watch?v=ves2Ib3jk1w&t=6600,Sawstep,Fleet,Mow_Kitty,Etalus,Hop On Rivals #28,Winners Semifinals,2025-08-05 18:02:35+00:00
https://www.youtube.com/watch?v=ves2Ib3jk1w&t=7901,Maya,Orcane,Gengur,Clairen,Hop On Rivals #28,Losers Quarterfinals,2025-08-05 18:02:35+00:00
https://www.youtube.com/watch?v=ves2Ib3jk1w&t=9147,Sawstep,Fleet,Oneoutkast,Kragg,Hop On Rivals #28,Winners Finals,2025-08-05 18:02:35+00:00
https://www.youtube.com/watch?v=ves2Ib3jk1w&t=10266,Maya,Orcane,Mow_Kitty,Olympia,Hop On Rivals #28,Losers Semifinals,2025-08-05 18:02:35+00:00
https://www.youtube.com/watch?v=ves2Ib3jk1w&t=11018,Maya,Orcane,Sawstep,Fleet,Hop On Rivals #28,Losers Finals,2025-08-05 18:02:35+00:00
https://www.youtube.com/watch?v=ves2Ib3jk1w&t=12020,Sawstep,Fleet,Oneoutkast,Kragg,Hop On Rivals #28,Grand Finals,2025-08-05 18:02:35+00:00
https://www.youtube.com/watch?v=-qv1aD75nr4,Grunk,Zetterburn,Sourkroutt,Clairen,Immortal Fight Night #236 Wnrs Qrts,,2025-08-06 00:16:27+00:00
https://www.youtube.com/watch?v=9o87a9S5jqw,Bowler,Clairen,Average Alex,Kragg,Immortal Fight Night #236 Wnrs Final,,2025-08-06 00:16:33+00:00
https://www.youtube.com/watch?v=MNntDZCZioM,Wisp,Maypul,Samoe,Loxodont,Trey's Trashcan Aug 5th 2025,,2025-08-06 10:36:55+00:00
https://www.youtube.com/watch?v=F2bD17dJpn0,Always,Ranno,Samoe,Loxodont,Trey's Trashcan Aug 5th 2025,,2025-08-06 10:36:55+00:00
https://www.youtube.com/watch?v=1zyK4wYuFu0,Christos,Kragg,OriMori,Etalus,Trey's Trashcan Aug 5th 2025,,2025-08-06 10:36:55+00:00
https://www.youtube.com/watch?v=qs2cGLfeq7Y,i0n,Loxodont,Sabre,Orcane,Trey's Trashcan Aug 5th 2025,,2025-08-06 10:36:55+00:00
https://www.youtube.com/watch?v=8gm4R5tndm8,i0n,Loxodont,Wisp,Maypul,Trey's Trashcan Aug 5th 2025,,2025-08-06 10:36:55+00:00
https://www.youtube.com/watch?v=-1DalWe04E4,Always,Ranno,Sabre,Orcane,Trey's Trashcan Aug 5th 2025,,2025-08-06 10:36:55+00:00
https://www.youtube.com/watch?v=eJL1FEzHfOg,ManNeeTee12,Loxodont,Clinical,Kragg,Supernova 2025,,2025-08-09 15:11:35+00:00
https://www.youtube.com/watch?v=JIEVOS3_vPs,Quist,Ranno,Russellsprouts,Ranno,Supernova 2025,,2025-08-09 15:11:49+00:00
https://www.youtube.com/watch?v=_Qpw55IXtrg,Kezzup,Loxodont,Froggy_CFL,Ranno,Supernova 2025,,2025-08-09 15:26:54+00:00
https://www.youtube.com/watch?v=q6C3-KSsbgY,Jorg,Olympia,Narwhal,Orcane,Supernova 2025,,2025-08-09 15:55:17+00:00
https://www.youtube.com/watch?v=5BduBjN1gpE,Cora,Ranno,Approximately 7 Moths,Loxodont,Supernova 2025,,2025-08-09 15:57:08+00:00
https://www.youtube.com/watch?v=H5dRikevJBc,Yoda Cage,Maypul,Ogdog,Kragg,Supernova 2025,,2025-08-09 16:03:40+00:00
https://www.youtube.com/watch?v=7mdykniyoG8,Zeebee,Kragg,Space,Etalus,Supernova 2025,,2025-08-09 16:04:23+00:00
https://www.youtube.com/watch?v=KOxysuHeewg,Darren,Maypul,Crank,Clairen,Supernova 2025,,2025-08-09 16:06:20+00:00
https://www.youtube.com/watch?v=RIku61KkeB4,Iota,Orcane,CheesyPotato,Kragg,Supernova 2025,,2025-08-09 17:17:51+00:00
https://www.youtube.com/watch?v=REXMHRQY1tE,Max Ketchum,Clairen,Musiq,Clairen,Supernova 2025,,2025-08-09 17:44:51+00:00
https://www.youtube.com/watch?v=AmzDnMM-UUc,Jorg,Olympia,Jmac,Ranno,Supernova 2025,,2025-08-09 17:44:56+00:00
https://www.youtube.com/watch?v=uwuDS9Tfhro,Spargo,Clairen,Dia,Ranno,Supernova 2025,,2025-08-09 18:14:03+00:00
https://www.youtube.com/watch?v=qByHfrfIAn8,Prince Of Delaware,Ranno,Hyperflame,Zetterburn,Supernova 2025,,2025-08-09 18:37:57+00:00
https://www.youtube.com/watch?v=3W5j7lKWcRE,Sandstorm,Olympia,Nexplosion,Absa,Supernova 2025,,2025-08-09 19:28:54+00:00
https://www.youtube.com/watch?v=rpZDsGihfZ4,Yoda Cage,Maypul,Barking_Frog,Ranno,Supernova 2025,,2025-08-09 19:52:12+00:00
https://www.youtube.com/watch?v=oHrMmCRgDBc,Hampolo,Forsburn,ItsYaBoi8865,Zetterburn,Supernova 2025,,2025-08-09 19:54:57+00:00
https://www.youtube.com/watch?v=0VVHNpt31z0,ZeeBee,Kragg,Gekkingga,Loxodont,Supernova 2025,,2025-08-09 20:14:52+00:00
https://www.youtube.com/watch?v=k72EsfFCreI,Ant,Absa,LandOrca,Maypul,Supernova 2025,,2025-08-09 20:41:10+00:00
https://www.youtube.com/watch?v=_J91GFG8gas,CakeAssault,Fleet,CheesyPotato,Kragg,Supernova 2025,,2025-08-09 21:10:33+00:00
https://www.youtube.com/watch?v=PH3R_s9qvls,CakeAssault,Forsburn,HamPolo,Zetterburn,Supernova 2025,,2025-08-09 21:10:51+00:00
https://www.youtube.com/watch?v=FxIgynA6aPw,Stango,Olympia,Zeebee,Kragg,Supernova 2025,,2025-08-09 21:38:20+00:00
https://www.youtube.com/watch?v=p6RnAU8d9w8,Bbatts,Fleet,Sandstorm,Olympia,Supernova 2025,,2025-08-09 22:20:28+00:00
https://www.youtube.com/watch?v=qL5IufTayvA,Yoda Cage,Maypul,Spargo,Clairen,Supernova 2025,,2025-08-09 22:21:09+00:00
https://www.youtube.com/watch?v=PBN4h7vclTQ,Yoda Cage,Maypul,Dakpo,Wrastor,Supernova 2025,,2025-08-09 22:32:02+00:00
https://www.youtube.com/watch?v=1_L7GL6TDFk,ZeeBee,Kragg,Sandstorm,Olympia,Supernova 2025,Top 8,2025-08-09 23:23:16+00:00
https://www.youtube.com/watch?v=0xFZxAttisY,Dakpo,Wrastor,Musiq,Clairen,Supernova 2025,Top 8,2025-08-10 00:05:21+00:00
https://youtu.be/l8oguSXOiw8,Karamel,Kragg,Acrator,Maypul,Gacha Grind #1,Round 1,2025-08-10 02:38:36+00:00
https://youtu.be/l8oguSXOiw8?t=498,Alfoam,Loxodont,PK Lemon,Fleet,Gacha Grind #1,Winners Quarters,2025-08-10 02:38:36+00:00
https://youtu.be/l8oguSXOiw8?t=990,PlantEnjoyer,Maypul,Rongunshu,Forsburn,Gacha Grind #1,Winners Quarters,2025-08-10 02:38:36+00:00
https://youtu.be/l8oguSXOiw8?t=1381,McDuckerz,Ranno,BtanH,Wrastor,Gacha Grind #1,Winners Quarters,2025-08-10 02:38:36+00:00
https://youtu.be/l8oguSXOiw8?t=1860,Alfoam,Loxodont,Rongunshu,Forsburn,Gacha Grind #1,Winners Semis,2025-08-10 02:38:36+00:00
https://youtu.be/l8oguSXOiw8?t=2525,McDuckerz,Olympia,Goljee,Absa,Gacha Grind #1,Winners Semis,2025-08-10 02:38:36+00:00
https://youtu.be/l8oguSXOiw8?t=3623,McDuckerz,Ranno,PK Lemon,Fleet,Gacha Grind #1,Losers Quarters,2025-08-10 02:38:36+00:00
https://youtu.be/l8oguSXOiw8?t=4385,Rongunshu,Forsburn,Goljee,Absa,Gacha Grind #1,Winners Finals,2025-08-10 02:38:36+00:00
https://youtu.be/l8oguSXOiw8?t=5487,Alfoam,Loxodont,McDuckerz,Ranno,Gacha Grind #1,Losers Semis,2025-08-10 02:38:36+00:00
https://youtu.be/l8oguSXOiw8?t=6090,Goljee,Absa,McDuckerz,Olympia,Gacha Grind #1,Losers Finals,2025-08-10 02:38:36+00:00
https://youtu.be/l8oguSXOiw8?t=6995,Rongunshu,Forsburn,McDuckerz,Ranno,Gacha Grind #1,Grand Finals,2025-08-10 02:38:36+00:00
https://www.youtube.com/watch?v=bsrxNxQr2us,Dakpo,Wrastor,Chumpkin,Etalus,Supernova 2025,Pools,2025-08-10 02:57:14+00:00
https://www.youtube.com/watch?v=nRyK_pGY8-U,Spargo,Clairen,CakeAssault,Forsburn,Supernova 2025,Top 8,2025-08-10 15:29:34+00:00
https://www.youtube.com/watch?v=uKayTPgVkXI,Stango,Olympia,Bbatts,Fleet,Supernova 2025,Top 8,2025-08-10 16:27:04+00:00
https://www.youtube.com/watch?v=P78atWIpryk,Spargo,Clairen,Sandstorm,Olympia,Supernova 2025,Top 8,2025-08-10 16:29:17+00:00
https://www.youtube.com/watch?v=NJxDE_7sx3c,Spargo,Clairen,Bbatts,Fleet,Supernova 2025,Losers Semis,2025-08-10 17:21:02+00:00
https://www.youtube.com/watch?v=IEgwLk1IES8,Spargo,Clairen,CakeAssault,Forsburn,Supernova 2025,Losers Finals,2025-08-10 17:27:28+00:00
https://www.youtube.com/watch?v=iUnMaASNJjE,Spargo,Clairen,Stango,Olympia,Supernova 2025,Grand Finals,2025-08-10 18:58:30+00:00
https://www.youtube.com/watch?v=I5lmtlRmfy4,CakeAssault,Forsburn,Stango,Olympia,Supernova 2025,Winners Finals,2025-08-10 19:24:26+00:00
https://www.youtube.com/watch?v=jWjL0uXzcv8,Clavual,Kragg,Geyser,Fleet,Run The Rivals #24,Winners R1,2025-08-12 03:14:58+00:00
https://www.youtube.com/watch?v=8_aVBbUSa24,Sean Sorey,Clairen,SongOfChaos,Clairen,Run The Rivals #24,Winners R1,2025-08-12 03:14:58+00:00
https://www.youtube.com/watch?v=j3vlG62ydeo,Landon,Clairen,Love Tub,Etalus,Run The Rivals #24,Winners Quarters,2025-08-12 03:14:58+00:00
https://www.youtube.com/watch?v=mIK8wyyjicM,Franzwa,Etalus,sans.,Wrastor,Run The Rivals #24,Winners Quarters,2025-08-12 03:14:58+00:00
https://www.youtube.com/watch?v=WbunjleWlr0,Veka,Clairen,Sean Sorey,Clairen,Run The Rivals #24,Winners Semis,2025-08-12 03:14:58+00:00
https://www.youtube.com/watch?v=FsjaUY7EFDU,Franzwa,Etalus,Landon,Clairen,Run The Rivals #24,Winners Semis,2025-08-12 03:14:58+00:00
https://www.youtube.com/watch?v=ce_SzthlibI,Sean Sorey,Clairen,Love Tub,Etalus,Run The Rivals #24,Losers Quarters,2025-08-12 03:14:58+00:00
https://www.youtube.com/watch?v=w9srGiOYnyQ,Landon,Clairen,Hunter,Orcane,Run The Rivals #24,Losers Quarters,2025-08-12 03:14:58+00:00
https://www.youtube.com/watch?v=dvOycPh6qLY,Veka,Clairen,Franzwa,Etalus,Run The Rivals #24,Winners Finals,2025-08-12 03:14:58+00:00
https://www.youtube.com/watch?v=PhURJfeiOGk,Landon,Clairen,Sean Sorey,Clairen,Run The Rivals #24,Losers Semis,2025-08-12 03:14:58+00:00
https://www.youtube.com/watch?v=ttfwo-QnYhI,Franzwa,Etalus,Landon,Clairen,Run The Rivals #24,Losers Finals,2025-08-12 03:14:58+00:00
https://www.youtube.com/watch?v=m-bjRBFu6D4,Veka,Clairen,Landon,Clairen,Run The Rivals #24,Grand Finals,2025-08-12 03:14:58+00:00
https://www.youtube.com/watch?v=hYJXilyomls,Cou,Clairen,ybm,Wrastor,Immortal Fight Night #237 Wnrs Rd 1,,2025-08-12 10:25:41+00:00
https://www.youtube.com/watch?v=ctFRwhrCGfI,Bowler,Clairen,ybm,Wrastor,Immortal Fight Night #237 Wnrs Qrts,,2025-08-12 10:25:43+00:00
https://www.youtube.com/watch?v=v4Xw_lHznFo,Watherum,Ranno,Bowler,Clairen,Immortal Fight Night #237 Wnrs Semi,,2025-08-12 10:25:45+00:00
https://www.youtube.com/watch?v=2rKnWGJ1uvQ&t=199,Stevereen,Orcane,Penguinos,Zetterburn,Hop On Rivals #29,Round 2,2025-08-12 18:00:17+00:00
https://www.youtube.com/watch?v=2rKnWGJ1uvQ&t=995,Sawstep,Fleet,Bgd,Zetterburn,Hop On Rivals #29,Round 2,2025-08-12 18:00:17+00:00
https://www.youtube.com/watch?v=2rKnWGJ1uvQ&t=1470,Endr,Wrastor,Bird,Ranno,Hop On Rivals #29,Round 2,2025-08-12 18:00:17+00:00
https://www.youtube.com/watch?v=2rKnWGJ1uvQ&t=2199,Kapl,Clairen,Sophilo,Zetterburn,Hop On Rivals #29,Round 3,2025-08-12 18:00:17+00:00
https://www.youtube.com/watch?v=2rKnWGJ1uvQ&t=2952,Sawstep,Fleet,Seelder,Fleet,Hop On Rivals #29,Round 3,2025-08-12 18:00:17+00:00
https://www.youtube.com/watch?v=2rKnWGJ1uvQ&t=3599,Bird,Ranno,Gengur,Clairen,Hop On Rivals #29,Winners Quarterfinals,2025-08-12 18:00:17+00:00
https://www.youtube.com/watch?v=2rKnWGJ1uvQ&t=4360,Darai,Ranno,Mustard,Loxodont,Hop On Rivals #29,Winners Quarterfinals,2025-08-12 18:00:17+00:00
https://www.youtube.com/watch?v=2rKnWGJ1uvQ&t=5599,Sophilo,Zetterburn,Seelder,Fleet,Hop On Rivals #29,Winners Semifinals,2025-08-12 18:00:17+00:00
https://www.youtube.com/watch?v=2rKnWGJ1uvQ&t=6443,Mustard,Loxodont,Gengur,Clairen,Hop On Rivals #29,Winners Semifinals,2025-08-12 18:00:17+00:00
https://www.youtube.com/watch?v=2rKnWGJ1uvQ&t=7331,Seelder,Fleet,Darai,Orcane,Hop On Rivals #29,Losers Quarterfinals,2025-08-12 18:00:17+00:00
https://www.youtube.com/watch?v=2rKnWGJ1uvQ&t=8361,Gengur,Clairen,Sophilo,Zetterburn,Hop On Rivals #29,Winners Finals,2025-08-12 18:00:17+00:00
https://www.youtube.com/watch?v=2rKnWGJ1uvQ&t=9308,Kapl,Clairen,Darai,Ranno,Hop On Rivals #29,Winners Finals,2025-08-12 18:00:17+00:00
https://www.youtube.com/watch?v=2rKnWGJ1uvQ&t=10600,Kapl,Clairen,Gengur,Clairen,Hop On Rivals #29,Losers Finals,2025-08-12 18:00:17+00:00
https://www.youtube.com/watch?v=2rKnWGJ1uvQ&t=11500,Gengur,Clairen,Sophilo,Zetterburn,Hop On Rivals #29,Grand Finals,2025-08-12 18:00:17+00:00
https://www.youtube.com/watch?v=optS1sRInKA,Taylor,Fleet,Nck,Clairen,R2AS #16,Top 8 Winners Semis,2025-08-13 15:45:34+00:00
https://www.youtube.com/watch?v=4irFSgEeXWU,stellice,Fleet,Teve,Olympia,R2AS #16,Top 8 Winners Semis,2025-08-13 15:46:58+00:00
https://www.youtube.com/watch?v=9HGpZbCtkBY,Lord,Etalus,Env3lop,Wrastor,R2AS #16,Losers Top 8,2025-08-13 15:47:14+00:00
https://www.youtube.com/watch?v=kKQwMnm6orc,THE GLUE,Loxodont,Nck,Clairen,R2AS #16,Top 8 Losers Quarters,2025-08-13 15:47:38+00:00
https://www.youtube.com/watch?v=bicDYNTPDhc,stellice,Fleet,Env3lop,Wrastor,R2AS #16,Top 8 Losers Quarters,2025-08-13 15:48:14+00:00
https://www.youtube.com/watch?v=f5VuXpMH1y0,Taylor,Fleet,Teve,Olympia,R2AS #16,Top 8 Winners Finals,2025-08-13 15:49:44+00:00
https://www.youtube.com/watch?v=YIYv7roeBnc,Env3lop,Wrastor,THE GLUE,Loxodont,R2AS #16,Top 8 Losers Semis,2025-08-13 15:50:40+00:00
https://www.youtube.com/watch?v=BoKQaZ48iqw,Teve,Olympia,Env3lop,Wrastor,R2AS #16,Top 8 Losers Finals,2025-08-13 15:50:49+00:00
https://www.youtube.com/watch?v=iA5q35lum9g,Air | Juno,Absa,Evil Gang | Tammy~,Zetterburn,Double Dunk #42,Bracket,2025-08-14 01:09:31+00:00
https://www.youtube.com/watch?v=TAaRN2Kb-dw,Dream,Fleet,Broadway!,Fleet,Double Dunk #42,Bracket,2025-08-14 01:12:43+00:00
https://www.youtube.com/watch?v=3TMUzEcwXEE,Ubergronk,Maypul,Evil Gang | Tammy~,Zetterburn,Double Dunk #42,Bracket,2025-08-14 01:13:14+00:00
https://www.youtube.com/watch?v=EQDsS8WfWvo,Evil Gang | Tammy~,Zetterburn,Dream,Fleet,Double Dunk #42,Bracket,2025-08-14 01:13:40+00:00
https://www.youtube.com/watch?v=cFxmDwqQEWA,Watermint,Kragg,Evil Gang | Tammy~,Zetterburn,Double Dunk #42,Bracket,2025-08-14 01:13:44+00:00
https://www.youtube.com/watch?v=718d-Kgcr_Q,Air | Juno,Absa,Watermint,Kragg,Double Dunk #42,Bracket,2025-08-14 01:15:02+00:00
https://www.youtube.com/watch?v=_xMePoV0u_A,Broadway!,Fleet,Ubergronk,Maypul,Double Dunk #42,Top 12,2025-08-14 01:15:25+00:00
https://www.youtube.com/watch?v=J1na698ZmEA,Evil Gang | Tammy~,Zetterburn,Dream,Fleet,Double Dunk #42,Top 12,2025-08-14 01:17:04+00:00
https://www.youtube.com/watch?v=GTgy47hUT8c,Stanley&#39;s Chicken,Kragg,SoulCombo,Orcane,Double Dunk #42,Top 12,2025-08-14 01:17:58+00:00
https://www.youtube.com/watch?v=IOPvOfA5KTI,Air | Juno,Absa,Ubergronk,Maypul,Double Dunk #42,Bracket,2025-08-14 01:18:36+00:00
https://www.youtube.com/watch?v=P-0TakXyw_M,SSK,Zetterburn,Brain,Loxodont,Double Dunk #42,Top 12,2025-08-14 01:18:56+00:00
https://www.youtube.com/watch?v=eS7QL8d7Stk,Rayne,Kragg,Tux | BoboTheChimp,Fleet,Chef&#39;s Choice #12,Winners Round 1,2025-08-16 16:00:58+00:00
https://www.youtube.com/watch?v=t8Brzz2gM_s,WDR | Triforce!,Forsburn,Wattmelon,Loxodont,Chef&#39;s Choice #12,Winners Semi,2025-08-16 16:15:05+00:00
https://www.youtube.com/watch?v=JdDhKQoDV9k,Gob,Orcane,Rayne,Kragg,Chef&#39;s Choice #12,Winners Semis,2025-08-16 16:30:12+00:00
https://www.youtube.com/watch?v=FcQnSNM2iuM,WDR | Triforce!,Forsburn,Gob,Orcane,Chef&#39;s Choice #12,Winners Finals,2025-08-16 16:45:00+00:00
https://www.youtube.com/watch?v=FuDqm_MsXJU,stellice,Fleet,Tux | BoboTheChimp,Fleet,Chef&#39;s Choice #12,Losers Semis,2025-08-16 17:00:26+00:00
https://www.youtube.com/watch?v=Uqw4NW7PcgQ,Gob,Orcane,stellice,Fleet,Chef&#39;s Choice #12,Losers Finals,2025-08-16 17:15:02+00:00
https://www.youtube.com/watch?v=xAehckGbYUk,WDR | Triforce!,Forsburn,Gob,Orcane,Chef&#39;s Choice #12,Grand Final,2025-08-16 17:30:24+00:00
https://www.youtube.com/watch?v=OV20Do6s0yU,Always,Ranno,watermelyn,Maypul,Runway Rivals August 2025,,2025-08-17 05:12:52+00:00
https://www.youtube.com/watch?v=j4ahY8lQleQ,elkiies,Maypul,Desultima,Olympia,Runway Rivals August 2025,,2025-08-17 05:24:09+00:00
https://www.youtube.com/watch?v=QmpkV71zwC0,Desultima,Olympia,Salmon,Etalus,Runway Rivals August 2025,,2025-08-17 05:32:12+00:00
https://www.youtube.com/watch?v=TpyAExOb2ng,Glum,Clairen,Potatoes,Loxodont,Runway Rivals August 2025,,2025-08-17 05:56:03+00:00
https://www.youtube.com/watch?v=omvqKPiyuPg,Jett the Jenga God,Kragg,lolnice,Fleet,Runway Rivals August 2025,,2025-08-17 06:03:06+00:00
https://www.youtube.com/watch?v=vh3HQsYEfdA,elkiies,Maypul,Always,Ranno,Runway Rivals August 2025,Winners Semis,2025-08-17 06:16:00+00:00
https://www.youtube.com/watch?v=23cPz15ymnY,Glum,Clairen,Always,Ranno,Runway Rivals August 2025,Winners Final,2025-08-17 06:24:56+00:00
https://www.youtube.com/watch?v=dauIQWU-qEA,Potatoes,Loxodont,elkiies,Maypul,Runway Rivals August 2025,Losers Semi,2025-08-17 06:41:33+00:00
https://www.youtube.com/watch?v=LcnS0mhoF7E,Potatoes,Olympia,Desultima,Olympia,Runway Rivals August 2025,,2025-08-17 06:41:33+00:00
https://www.youtube.com/watch?v=EupQPgXR7cc,Always,Ranno,elkiies,Maypul,Runway Rivals August 2025,Losers Final,2025-08-17 06:49:44+00:00
https://www.youtube.com/watch?v=-rk-RfWvRME,Glum,Clairen,elkiies,Maypul,Runway Rivals August 2025,Grand FInal,2025-08-17 07:16:52+00:00
https://www.youtube.com/watch?v=ujG-AcCwT0c,CyberHex,Clairen,Winters,Absa,Chef&#39;s Choice #13,Winners Round 1,2025-08-17 14:01:23+00:00
https://www.youtube.com/watch?v=74ZmkeOrlis,Lulius,Clairen,XaviBun,Absa,Chef&#39;s Choice #13,Winners Semis,2025-08-17 14:15:00+00:00
https://www.youtube.com/watch?v=gtnisBE9dlk,CyberHex,Clairen,Takkun,Absa,Chef&#39;s Choice #13,Winners Semis,2025-08-17 14:30:27+00:00
https://www.youtube.com/watch?v=R0MaG1DyJs0,CyberHex,Clairen,Dougsauce,Loxodont,Chef&#39;s Choice #13,Losers Semis,2025-08-17 15:00:45+00:00
https://www.youtube.com/watch?v=Go0_ampQKVw,Takkun,Fleet,CyberHex,Clairen,Chef&#39;s Choice #13,Losers Finals,2025-08-17 15:15:02+00:00
https://www.youtube.com/watch?v=TC8kwwY7EdY,Lulius,Clairen,CyberHex,Clairen,Chef&#39;s Choice #13,Grand Finals,2025-08-17 15:30:24+00:00
https://www.youtube.com/watch?v=3u8Hul_JlsI,Love Tub,Etalus,Superdog,Clairen,Run The Rivals #25,Winners R1,2025-08-19 02:49:00+00:00
https://www.youtube.com/watch?v=w-Kp3ElMGqU,Franzwa,Etalus,Sean Sorey,Clairen,Run The Rivals #25,Winners Quarters,2025-08-19 02:49:00+00:00
https://www.youtube.com/watch?v=DJvZcJsPw5w,SeggoAhmet,Olympia,paperwingedowl,Loxodont,Run The Rivals #25,Winners Quarters,2025-08-19 02:49:00+00:00
https://www.youtube.com/watch?v=9Br_vanPZXc,Landon,Clairen,Hunter,Maypul,Run The Rivals #25,Winners Semis,2025-08-19 02:49:00+00:00
https://www.youtube.com/watch?v=Tl566DPZOas,SeggoAhmet,Olympia,Franzwa,Etalus,Run The Rivals #25,Winners Semis,2025-08-19 02:49:00+00:00
https://www.youtube.com/watch?v=BvwtL6S843M,Sean Sorey,Clairen,paperwingedowl,Loxodont,Run The Rivals #25,Losers Top 8,2025-08-19 02:49:00+00:00
https://www.youtube.com/watch?v=NBGuL2vMLfY,Landon,Clairen,SeggoAhmet,Olympia,Run The Rivals #25,Winners Finals,2025-08-19 02:49:00+00:00
https://www.youtube.com/watch?v=ggutQLtZ84E,Hunter,Maypul,Franzwa,Etalus,Run The Rivals #25,Losers Semis,2025-08-19 02:49:00+00:00
https://www.youtube.com/watch?v=SiVhk9Y5OH8,Franzwa,Etalus,SeggoAhmet,Olympia,Run The Rivals #25,Losers Finals,2025-08-19 02:49:00+00:00
https://www.youtube.com/watch?v=hzdzz_-bSW8,Franzwa,Etalus,Landon,Clairen,Run The Rivals #25,Grand Finals - Franzwa,2025-08-19 02:49:00+00:00
https://www.youtube.com/watch?v=CAz7JTZuif8,Bowler,Clairen,Average Alex,Olympia,Immortal Fight Night #238 Wnrs Final,,2025-08-19 10:00:24+00:00
https://www.youtube.com/watch?v=vo6s8ylvUhs&t=500,Dolphinbrick,Orcane,Walk,Absa,Hop On Rivals #30,Round 2,2025-08-19 17:57:05+00:00
https://www.youtube.com/watch?v=vo6s8ylvUhs&t=1599,Corncycle,Olympia,Rhyme621,Clairen,Hop On Rivals #30,Round 3,2025-08-19 17:57:05+00:00
https://www.youtube.com/watch?v=vo6s8ylvUhs&t=2799,Sophilo,Zetterburn,Bullets,Etalus,Hop On Rivals #30,Winners Quarterfinals,2025-08-19 17:57:05+00:00
https://www.youtube.com/watch?v=vo6s8ylvUhs&t=3400,Corncycle,Olympia,Darai,Ranno,Hop On Rivals #30,Winners Quarterfinals,2025-08-19 17:57:05+00:00
https://www.youtube.com/watch?v=vo6s8ylvUhs&t=4000,Theoneoutkast,Kragg,Elkiies,Maypul,Hop On Rivals #30,Winners Quarterfinals,2025-08-19 17:57:05+00:00
https://www.youtube.com/watch?v=vo6s8ylvUhs&t=4800,Sawstep,Fleet,Maya,Orcane,Hop On Rivals #30,Winners Quarterfinals,2025-08-19 17:57:05+00:00
https://www.youtube.com/watch?v=vo6s8ylvUhs&t=6480,Sophilo,Zetterburn,Elkiies,Maypul,Hop On Rivals #30,Winners Semifinals,2025-08-19 17:57:05+00:00
https://www.youtube.com/watch?v=vo6s8ylvUhs&t=7200,Maya,Olympia,Corncycle,Orcane,Hop On Rivals #30,Winners Semifinals,2025-08-19 17:57:05+00:00
https://www.youtube.com/watch?v=vo6s8ylvUhs&t=8160,Sophilo,Zetterburn,Sawstep,Fleet,Hop On Rivals #30,Losers Quarterfinals,2025-08-19 17:57:05+00:00
https://www.youtube.com/watch?v=vo6s8ylvUhs&t=9105,Corncycle,Olympia,Elkiies,Maypul,Hop On Rivals #30,Winners Finals,2025-08-19 17:57:05+00:00
https://www.youtube.com/watch?v=vo6s8ylvUhs&t=9999,Bullets,Zetterburn,Sophilo,Etalus,Hop On Rivals #30,Losers Semifinals,2025-08-19 17:57:05+00:00
https://www.youtube.com/watch?v=vo6s8ylvUhs&t=10599,Sophilo,Zetterburn,Elkiies,Maypul,Hop On Rivals #30,Losers Finals,2025-08-19 17:57:05+00:00
https://www.youtube.com/watch?v=vo6s8ylvUhs&t=11599,Sophilo,Zetterburn,Corncycle,Olympia,Hop On Rivals #30,Grand Finals,2025-08-19 17:57:05+00:00
https://www.youtube.com/watch?v=6RP1VKCnCnM,Arcy,Maypul,Sidereus,Fleet,Pressure Point 2025,Losers Semis,2025-08-20 18:36:41+00:00
https://www.youtube.com/watch?v=ppabkAOXfeA,BIG DEEZY,Forsburn,Arcy,Maypul,Pressure Point 2025,Losers Round 4,2025-08-20 18:37:33+00:00
https://www.youtube.com/watch?v=J1Dhqmq9CFk,BIG DEEZY,Forsburn,Rongunshu,Clairen,Pressure Point 2025,Winners Quarters,2025-08-20 18:37:58+00:00
https://www.youtube.com/watch?v=HdE7E5gpboU,Karamel,Kragg,Arcy,Maypul,Pressure Point 2025,Losers Quarters,2025-08-20 18:38:47+00:00
https://www.youtube.com/watch?v=3u979UipNJM,Karamel,Kragg,key lime skye,Zetterburn,Pressure Point 2025,Winners Quarter,2025-08-20 18:40:22+00:00
https://www.youtube.com/watch?v=MX0-rBPB9WY,key lime skye,Zetterburn,Sidereus,Fleet,Pressure Point 2025,Losers Quarter,2025-08-20 18:42:02+00:00
https://www.youtube.com/watch?v=cJ38Cu4T7aY,McDuckerz,Ranno,Rongunshu,Clairen,Pressure Point 2025,Winners Finals,2025-08-20 18:43:08+00:00
https://www.youtube.com/watch?v=8YjD7FmNTQA,Sidereus,Fleet,McDuckerz,Ranno,Pressure Point 2025,Losers Finals,2025-08-20 18:43:52+00:00
https://www.youtube.com/watch?v=e5ZGnk8WC3g,Puff,Maypul,key lime skye,Zetterburn,Pressure Point 2025,Losers Round 4,2025-08-20 18:44:32+00:00
https://www.youtube.com/watch?v=VgDFh3TJ9r8,Puff,Maypul,McDuckerz,Ranno,Pressure Point 2025,Winners Quarters,2025-08-20 18:45:15+00:00
https://www.youtube.com/watch?v=3PQzr2gMUSM,Sidereus,Fleet,Arcy,Maypul,Pressure Point 2025,Winners Quarters,2025-08-20 18:52:23+00:00
https://www.youtube.com/watch?v=qou10e4fMzU,Sidereus,Fleet,Arcy,Maypul,Pressure Point 2025,Winners Quarters,2025-08-20 18:55:51+00:00
https://www.youtube.com/watch?v=PFMIaZP-DVM,Sidereus,Fleet,Rongunshu,Clairen,Pressure Point 2025,Grand Finals,2025-08-20 18:56:41+00:00
https://www.youtube.com/watch?v=KsNDyrp_iIs,Tsk,Zetterburn,BIG DEEZY,Forsburn,Pressure Point 2025,Losers Round 3,2025-08-20 18:57:59+00:00
https://www.youtube.com/watch?v=SEFmMOlmL7Q,SoulCombo,Orcane,Stanley&#39;s Chicken,Kragg,Double Dunk #43,Top 8,2025-08-21 01:25:13+00:00
https://www.youtube.com/watch?v=ZmdJARe1FRU,DWD | KindaCupid,Ranno,Ubergronk,Maypul,Double Dunk #43,Top 8,2025-08-21 01:25:32+00:00
https://www.youtube.com/watch?v=NJ2iSK5q4Zw,Watermint,Kragg,Brain,Loxodont,Double Dunk #43,Bracket,2025-08-21 01:25:53+00:00
https://www.youtube.com/watch?v=G7i13rqQ84Y,Dream,Fleet,Stanley&#39;s Chicken,Kragg,Double Dunk #43,Top 8,2025-08-21 01:28:36+00:00
https://www.youtube.com/watch?v=Oa2lHj2KF7Q,Air | Juno,Absa,Dream,Fleet,Double Dunk #43,Bracket,2025-08-21 01:29:13+00:00
https://www.youtube.com/watch?v=RHOpJiJ49Nk,Ubergronk,Maypul,Brain,Loxodont,Double Dunk #43,Top 8,2025-08-21 01:30:00+00:00
https://www.youtube.com/watch?v=ai7gxBLjFCU,Watermint,Kragg,Brain,Loxodont,Double Dunk #43,Bracket,2025-08-21 01:30:02+00:00
https://www.youtube.com/watch?v=hpJCO3HPIOs,Air | Juno,Absa,Watermint,Kragg,Double Dunk #43,Bracket,2025-08-21 01:31:40+00:00
https://www.youtube.com/watch?v=Y7_TlxMTm1g,Dream,Fleet,Ubergronk,Maypul,Double Dunk #43,Bracket,2025-08-21 01:34:48+00:00
https://www.youtube.com/watch?v=f0DPnkePZnI,Air | Juno,Absa,Watermint,Kragg,Double Dunk #43,Bracket,2025-08-21 01:38:16+00:00
https://www.youtube.com/watch?v=Lhv34CPbXvg,Toddly Enough,Olympia,Takken,Absa,Blazing Battlefield #4,Round 1,2025-08-23 00:00:00+00:00
https://www.youtube.com/watch?v=Hfh8EsxMBJk,Furret,Ranno,Takken,Clairen,Blazing Battlefield #4,Round 2,2025-08-23 00:00:00+00:00
https://www.youtube.com/watch?v=E_FrQKwqeVw,TS | JoJoDaHoBo,Zetterburn,Xena,Fleet,Blazing Battlefield #4,Round 2,2025-08-23 00:00:00+00:00
https://www.youtube.com/watch?v=Isps4tUoIVA,kapl,Clairen,BSC | Re:Cupid,Zetterburn,Blazing Battlefield #4,Winners Quarters,2025-08-23 00:00:00+00:00
https://www.youtube.com/watch?v=QORWrtfqiIA,Gengur,Clairen,Rome0,Clairen,Blazing Battlefield #4,Winners Quarterfinals,2025-08-23 00:00:00+00:00
https://www.youtube.com/watch?v=5zXdL9KdgVU,BSC UW | Re:Cupid,Zetterburn,Mystery Sol,Fleet,Blazing Battlefield #4,Winners Semifinals,2025-08-23 00:00:00+00:00
https://www.youtube.com/watch?v=lBBVBLj7yNM,Corncycle,Olympia,Gengur,Clairen,Blazing Battlefield #4,Winners Semifinals,2025-08-23 00:00:00+00:00
https://www.youtube.com/watch?v=CKQm1iE-TmI,Gengur,Clairen,kapl,Clairen,Blazing Battlefield #4,Losers Quarters,2025-08-23 00:00:00+00:00
https://www.youtube.com/watch?v=IlS0-Fj0Imk,BSC | Re:Cupid,Zetterburn,Rome0,Clairen,Blazing Battlefield #4,Losers Quarters,2025-08-23 00:00:00+00:00
https://www.youtube.com/watch?v=lpE2YulCndM,Corncycle,Olympia,Mystery Sol,Fleet,Blazing Battlefield #4,Winners Finals,2025-08-23 00:00:00+00:00
https://www.youtube.com/watch?v=pKA6Wmu6i_o,BSC UW | Re:Cupid,Zetterburn,Gengur,Clairen,Blazing Battlefield #4,Losers Semis,2025-08-23 00:00:00+00:00
https://www.youtube.com/watch?v=W5Ft84aGpjk,Corncycle,Olympia,Gengur,Clairen,Blazing Battlefield #4,Losers Finals,2025-08-23 00:00:00+00:00
https://www.youtube.com/watch?v=NVj-VfmSvZA,Corncycle,Clairen,Mystery Sol,Fleet,Blazing Battlefield #4,Grand Finals,2025-08-23 00:00:00+00:00
https://www.youtube.com/watch?v=4_bwqCkstQE,Ubergronk,Maypul,Brain,Loxodont,Triple Dunk #6,Bracket,2025-08-23 01:56:08+00:00
https://www.youtube.com/watch?v=TlwqhlyVkkg,Dream,Fleet,Ubergronk,Maypul,Triple Dunk #6,Bracket,2025-08-23 01:56:43+00:00
https://www.youtube.com/watch?v=mjWgEUVakTo,Raze,Ranno,Wackagragles,Fleet,Triple Dunk #6,Bracket,2025-08-23 01:56:57+00:00
https://www.youtube.com/watch?v=mr8Z0gr98s4,Zontopho,Olympia,Wackagragles,Fleet,Triple Dunk #6,Top 8,2025-08-23 01:58:39+00:00
https://www.youtube.com/watch?v=JI_wUrEmT7Y,Ubergronk,Maypul,Raze,Ranno,Triple Dunk #6,Bracket,2025-08-23 01:59:23+00:00
https://www.youtube.com/watch?v=Wvd9V_WFZjI,Aura | Johnwick3,Clairen,Dream,Fleet,Triple Dunk #6,Bracket,2025-08-23 02:00:05+00:00
https://www.youtube.com/watch?v=wUTdqAt2Qag,Ubergronk,Maypul,Wackagragles,Fleet,Triple Dunk #6,Top 8,2025-08-23 02:01:27+00:00
https://www.youtube.com/watch?v=TXpxaBLw7Dg,Brain,Loxodont,Raze,Ranno,Triple Dunk #6,Bracket,2025-08-23 02:01:33+00:00
https://www.youtube.com/watch?v=sfjbR42YB9M,Dream,Fleet,Zontopho,Olympia,Triple Dunk #6,Top 8,2025-08-23 02:02:08+00:00
https://www.youtube.com/watch?v=Qv4UVAdSfv8,Aura | Johnwick3,Ranno,Raze,Ranno,Triple Dunk #6,Bracket,2025-08-23 02:02:51+00:00
https://www.youtube.com/watch?v=Qw2ehE-heSI,Dream,Fleet,Ubergronk,Maypul,Triple Dunk #6,Bracket,2025-08-23 02:04:52+00:00
https://www.youtube.com/watch?v=3xnYcQ8IOzI,Mufn,Ranno,Smokingaces,Kragg,Collision 2025,Pools Winners Round 2,2025-08-23 16:29:51+00:00
https://www.youtube.com/watch?v=QIlZGK6AK10,Yoda Cage,Maypul,YTG,Maypul,Collision 2025,Pools Winners Quarters,2025-08-23 16:32:11+00:00
https://www.youtube.com/watch?v=rpQNSRmFoTU,Sandstorm,Olympia,Lone,Maypul,Collision 2025,Pools Winners Semis,2025-08-23 17:54:41+00:00
https://www.youtube.com/watch?v=Uq7S8Q5RVGg,Gekkingga,Loxodont,Lagiakai,Olympia,Collision 2025,Pools Winners Quarters,2025-08-23 17:55:14+00:00
https://www.youtube.com/watch?v=J3c_-k5wU6c,Rongunshu,Clairen,Mr.Watch&amp;Learn,Etalus,Collision 2025,Pools Winners Semis,2025-08-23 18:00:15+00:00
https://www.youtube.com/watch?v=ay2VvC2dob4,HamPolo,Zetterburn,Yoda Cage,Maypul,Collision 2025,Pools Winners Semis,2025-08-23 18:02:24+00:00
https://www.youtube.com/watch?v=MfetYA9TTNs,LucyR5000,Kragg,A9,Clairen,Collision 2025,Pools Winners Round 2,2025-08-23 18:04:56+00:00
https://www.youtube.com/watch?v=vkgtuUO5Jgo,Musiq,Clairen,Odyssey,Clairen,Collision 2025,Pools Winners Quarters,2025-08-23 18:23:46+00:00
https://www.youtube.com/watch?v=TosvaIEj8bU,Ant,Absa,Elu,Ranno,Collision 2025,Pools Winners Quarter-Final,2025-08-23 18:25:23+00:00
https://www.youtube.com/watch?v=DNDHCb5aHMI,Sophilo,Zetterburn,Revilo2112,Forsburn,Collision 2025,Pools Winners Semis,2025-08-23 19:24:17+00:00
https://www.youtube.com/watch?v=feVELTXMlxI,Bbatts,Fleet,Silver,Ranno,Collision 2025,Pools,2025-08-23 19:26:46+00:00
https://www.youtube.com/watch?v=0KJM764uY6U,Musiq,Clairen,John Numbers,Maypul,Collision 2025,Pools Winners Semi,2025-08-23 19:49:00+00:00
https://www.youtube.com/watch?v=oBupmUr4Akk,Re:Cupid,Zetterburn,edith,Clairen,Collision 2025,Pools Winners Round 2,2025-08-23 19:56:51+00:00
https://www.youtube.com/watch?v=hTPinC8qJyI,SolarBeam,Loxodont,Lunar,Maypul,Collision 2025,Pools Winners Quarters,2025-08-23 20:27:05+00:00
https://www.youtube.com/watch?v=PtUFjOhvEVM,nard,Clairen,Kopter,Etalus,Collision 2025,Pools Winners Quarters,2025-08-23 20:28:44+00:00
https://www.youtube.com/watch?v=F18mshbmGBI,Switch,Olympia,Prince of Delaware,Ranno,Collision 2025,Pools Winners Semi,2025-08-23 21:18:53+00:00
https://www.youtube.com/watch?v=4Fs-flIAtQI,CakeAssault,Forsburn,Solarbeam,Loxodont,Collision 2025,Pools Winners Semis,2025-08-23 21:20:50+00:00
https://www.youtube.com/watch?v=LscBXvcFh0w,CyberHex,Clairen,nard,Clairen,Collision 2025,Pools Winners Semis,2025-08-23 21:27:07+00:00
https://www.youtube.com/watch?v=01wtje4ZAAY,Air Gordon,Fleet,Dice_R,Loxodont,Collision 2025,Pools Winners Round 2,2025-08-23 21:37:57+00:00
https://www.youtube.com/watch?v=E6VcF-LZ5Rk,SolarBeam,Loxodont,hotel Pneumario,Etalus,Collision 2025,Pools L Quarters,2025-08-23 21:41:49+00:00
https://www.youtube.com/watch?v=pd9tgy2qX30,Salt,Zetterburn,Xaria,Orcane,Collision 2025,Pools Winners Quarters,2025-08-23 21:59:34+00:00
https://www.youtube.com/watch?v=4soPGQQdb3M,Stango,Olympia,DrLobster,Kragg,Collision 2025,Pools Winners Semis,2025-08-23 22:01:37+00:00
https://www.youtube.com/watch?v=iZzr2v3kFlU,Animal,Etalus,CheesyPotato,Kragg,Collision 2025,Pools Winners Semi,2025-08-23 23:00:52+00:00
https://www.youtube.com/watch?v=zf29dy1RQR4,Zeebee,Kragg,Salt,Zetterburn,Collision 2025,Pools Winners Semis,2025-08-23 23:02:50+00:00
https://www.youtube.com/watch?v=r-u9uGFcmeo,Average Alex,Wrastor,Reaper,Etalus,Straight Into The Abyss #21,Grand Finals,2025-08-24 00:00:00+00:00
https://www.youtube.com/watch?v=FBCl73Xz9co,Bowler,Clairen,Reaper,Etalus,Straight Into The Abyss #21,Lsrs Final,2025-08-24 00:00:00+00:00
https://www.youtube.com/watch?v=_3sguaPtXMM,Markrealth,Etalus,Reaper,Etalus,Straight Into The Abyss #21,Lsrs Semi,2025-08-24 00:00:00+00:00
https://www.youtube.com/watch?v=tBrz2JR0iao,Bowler,Clairen,Average Alex,Kragg,Straight Into The Abyss #21,Wnrs Final,2025-08-24 00:00:00+00:00
https://www.youtube.com/watch?v=BP_cfz8YHSU,Bowler,Clairen,BGunn,Olympia,Straight Into The Abyss #21,Wnrs Semi,2025-08-24 00:00:00+00:00
https://www.youtube.com/watch?v=zyWHa6vrUPg,Average Alex,Forsburn,Drewsephix,Orcane,Straight Into The Abyss #21,Wnrs Semi,2025-08-24 00:00:00+00:00
https://www.youtube.com/watch?v=E3Axw7YccQc,Suture,Ranno,Bowler,Clairen,Straight Into The Abyss #21,Wnrs Qrts,2025-08-24 00:00:00+00:00
https://www.youtube.com/watch?v=q88JF1aHPbg,Suture,Ranno,Toiler,Loxodont,Straight Into The Abyss #21,Wnrs Rd 1,2025-08-24 00:00:00+00:00
https://www.youtube.com/watch?v=aGDU-xVV4ro,Stango,Loxodont,CakeAssault,Loxodont,Collision 2025,Grand Finals,2025-08-24 18:09:50+00:00
https://www.youtube.com/watch?v=eIcG_Gb92hQ,Sophilo,Zetterburn,CakeAssault,Forsburn,Collision 2025,Losers Finals,2025-08-24 18:09:50+00:00
https://www.youtube.com/watch?v=fa-y9JVQy-E,Stango,Olympia,CakeAssault,Fleet,Collision 2025,Winners Finals,2025-08-24 18:09:50+00:00
https://www.youtube.com/watch?v=mrTMRlbQ8N0,Sophilo,Zetterburn,Ant,Absa,Collision 2025,Losers Semis,2025-08-24 18:09:50+00:00
https://www.youtube.com/watch?v=9yUaA9ot2jo,Sophilo,Zetterburn,ZeeBee,Kragg,Collision 2025,Losers Quarters,2025-08-24 18:09:50+00:00
https://www.youtube.com/watch?v=9qOAEGO87qc,Rongunshu,Clairen,Ant,Absa,Collision 2025,Losers Quarters,2025-08-24 18:09:50+00:00
https://www.youtube.com/watch?v=GJZZe2-73r8,Stango,Olympia,Rongunshu,Clairen,Collision 2025,Winners Semis,2025-08-24 18:09:50+00:00
https://www.youtube.com/watch?v=S6eyDvt8ttQ,CakeAssault,Forsburn,Sophilo,Zetterburn,Collision 2025,Winners Semis,2025-08-24 18:09:50+00:00
https://www.youtube.com/watch?v=ey3SbS_LXng,ZeeBee,Kragg,Sandstorm,Olympia,Collision 2025,Losers Round 1,2025-08-24 18:09:50+00:00
https://www.youtube.com/watch?v=kv8KuBDEbCM&t=0,Edgintheledge,Maypul,Nogh,Loxodont,Guild Gauntlet 2,Winners Semis,2025-08-24 21:33:44+00:00
https://www.youtube.com/watch?v=kv8KuBDEbCM&t=601,John Neutral,Clairen,Shiv,Loxodont,Guild Gauntlet 2,Winners Semis,2025-08-24 21:33:44+00:00
https://www.youtube.com/watch?v=kv8KuBDEbCM&t=1282,Tas,Maypul,Edgintheledge,Maypul,Guild Gauntlet 2,Losers Quarters,2025-08-24 21:33:44+00:00
https://www.youtube.com/watch?v=kv8KuBDEbCM&t=2267,Shiv,Loxodont,Nogh,Etalus,Guild Gauntlet 2,Winners Finals,2025-08-24 21:33:44+00:00
https://www.youtube.com/watch?v=kv8KuBDEbCM&t=2718,John Neutral,Clairen,Tas,Maypul,Guild Gauntlet 2,Losers Semis,2025-08-24 21:33:44+00:00
https://www.youtube.com/watch?v=kv8KuBDEbCM&t=3315,John Neutral,Clairen,Shiv,Loxodont,Guild Gauntlet 2,Losers Finals,2025-08-24 21:33:44+00:00
https://www.youtube.com/watch?v=kv8KuBDEbCM&t=3849,Nogh,Etalus,Shiv,Loxodont,Guild Gauntlet 2,Grand Finals,2025-08-24 21:33:44+00:00
https://www.youtube.com/watch?v=oKaVxKKc0bw,SeggoAhmet,Olympia,Air | Juno,Absa,Double Dunk #44,Bracket,2025-08-25 01:37:03+00:00
https://www.youtube.com/watch?v=Ea-bXZQZ038,LucyR5000,Kragg,erickson,Loxodont,Double Dunk #44,Bracket,2025-08-25 01:39:29+00:00
https://www.youtube.com/watch?v=460ouXVfWGw,Air | Juno,Absa,Watermint,Kragg,Double Dunk #44,Bracket,2025-08-25 01:40:34+00:00
https://www.youtube.com/watch?v=rqo5ETrCcWc,Watermint,Kragg,Ubergronk,Maypul,Double Dunk #44,Bracket,2025-08-25 01:40:52+00:00
https://www.youtube.com/watch?v=UUHLK9JTS1A,Air | Juno,Absa,SuperMrJMT,Absa,Double Dunk #44,Top 16,2025-08-25 01:42:50+00:00
https://www.youtube.com/watch?v=GQdcG2CzMI4,SeggoAhmet,Olympia,Air | Juno,Absa,Double Dunk #44,Bracket,2025-08-25 01:43:32+00:00
https://www.youtube.com/watch?v=hO-fvnITIxw,LucyR5000,Kragg,Watermint,Kragg,Double Dunk #44,Bracket,2025-08-25 01:44:02+00:00
https://www.youtube.com/watch?v=VVH0m6Q1tR8,LucyR5000,Kragg,Ubergronk,Maypul,Double Dunk #44,Top 12,2025-08-25 01:44:33+00:00
https://www.youtube.com/watch?v=hhY1gBFA4jA,Raze,Ranno,Wackagragles,Fleet,Double Dunk #44,Top 16,2025-08-25 01:45:03+00:00
https://www.youtube.com/watch?v=qChysKSRmrE,SeggoAhmet,Olympia,LucyR5000,Kragg,Double Dunk #44,Bracket,2025-08-25 01:46:50+00:00
https://www.youtube.com/watch?v=mKaf71Kf_Jk,nines,Clairen,Jakobi,Maypul,Unc Frozen's Icebox 7,Winners Bracket,2025-08-25 20:54:54+00:00
https://www.youtube.com/watch?v=MiPy40RL7bs,nines,Clairen,Fox,Loxodont,Unc Frozen's Icebox 7,Winners Quarters,2025-08-25 20:55:55+00:00
https://www.youtube.com/watch?v=szlPyKBixWU,Ben L,Kragg,Wood,Zetterburn,Unc Frozen's Icebox 7,Winners Quarters,2025-08-25 20:58:11+00:00
https://www.youtube.com/watch?v=Dibjrsd5OYM,Ben L,Kragg,UM | Jimbly,Etalus,Unc Frozen's Icebox 7,Winners Semis,2025-08-25 20:59:52+00:00
https://www.youtube.com/watch?v=fLLwPyFIYfg,Ben L,Kragg,Fox,Loxodont,Unc Frozen's Icebox 7,Winners Finals,2025-08-25 21:01:01+00:00
https://www.youtube.com/watch?v=4D_byHxljvY,UM | Jimbly,Etalus,nines,Clairen,Unc Frozen's Icebox 7,Losers Quarters,2025-08-25 21:01:31+00:00
https://www.youtube.com/watch?v=9ef45kQ0jec,EOL,Zetterburn,nines,Clairen,Unc Frozen's Icebox 7,Losers Semis,2025-08-25 21:02:08+00:00
https://www.youtube.com/watch?v=SFV8iy1X1fo,Ben L,Kragg,nines,Clairen,Unc Frozen's Icebox 7,Losers Finals,2025-08-25 21:02:43+00:00
https://www.youtube.com/watch?v=MS2c_e7VqyA,Ben L,Kragg,Fox,Loxodont,Unc Frozen's Icebox 7,Grand Finals,2025-08-25 21:02:58+00:00
https://www.youtube.com/watch?v=NtUF2kBawYI,Yonni,Clairen,C.R.M,Clairen,Unc Frozen's Icebox 7,Winners Bracket,2025-08-25 22:34:08+00:00
https://www.youtube.com/watch?v=Becd6DWl-KE,Yonni,Clairen,Jimbly,Etalus,Unc Frozen's Icebox 7,Winners Quarters,2025-08-25 22:34:51+00:00
https://www.youtube.com/watch?v=bDVazLucSnU,Shnoopy,Ranno,EOL,Zetterburn,Unc Frozen's Icebox 7,Winners Quarters,2025-08-25 22:35:47+00:00
https://www.youtube.com/watch?v=EUENDmNNaEA,Failbot,Clairen,Love Tub,Etalus,Run The Rivals #26,Winners R1,2025-08-26 02:39:46+00:00
https://www.youtube.com/watch?v=M30ua7O5h88,Franzwa,Etalus,The Football,Etalus,Run The Rivals #26,Winners R1,2025-08-26 02:39:46+00:00
https://www.youtube.com/watch?v=9SW1sa8Yulc,Landon,Clairen,Failbot,Kragg,Run The Rivals #26,Winners Semis,2025-08-26 02:39:46+00:00
https://www.youtube.com/watch?v=NUUaW_LhkHo,Franzwa,Etalus,Hunter,Maypul,Run The Rivals #26,Winners Semis,2025-08-26 02:39:46+00:00
https://www.youtube.com/watch?v=F6mmwX5h-yg,Failbot,Clairen,The Football,Ranno,Run The Rivals #26,Losers Quarters,2025-08-26 02:39:46+00:00
https://www.youtube.com/watch?v=P9n6Bm4wGiU,Franzwa,Etalus,Love Tub,Etalus,Run The Rivals #26,Losers Quarters,2025-08-26 02:39:46+00:00
https://www.youtube.com/watch?v=vMDySvfYwiU,Landon,Clairen,Hunter,Maypul,Run The Rivals #26,Winners Finals,2025-08-26 02:39:46+00:00
https://www.youtube.com/watch?v=nd143LF9gs0,Failbot,Kragg,Franzwa,Absa,Run The Rivals #26,Losers Semis,2025-08-26 02:39:46+00:00
https://www.youtube.com/watch?v=pswJ--3uIMg,Failbot,Clairen,Hunter,Maypul,Run The Rivals #26,Losers Finals,2025-08-26 02:39:46+00:00
https://www.youtube.com/watch?v=VYE22CUg6Xg,Failbot,Clairen,Landon,Clairen,Run The Rivals #26,Grand Finals,2025-08-26 02:39:46+00:00
https://www.youtube.com/watch?v=JgUe9rPBE8E&t=999,Stevereen,Orcane,Scooby,Forsburn,Hop On Rivals #31,Pools Winners Side,2025-08-26 18:42:00+00:00
https://www.youtube.com/watch?v=JgUe9rPBE8E&t=1796,Theoneoutkast,Kragg,Gengu,Kragg,Hop On Rivals #31,Pools Winners Side,2025-08-26 18:42:00+00:00
https://www.youtube.com/watch?v=JgUe9rPBE8E&t=2349,Oneoutkast,Kragg,Nothigh,Loxodont,Hop On Rivals #31,Winners Quarterfinal,2025-08-26 18:42:00+00:00
https://www.youtube.com/watch?v=JgUe9rPBE8E&t=2997,Kapl,Clairen,Mow_kitty,Etalus,Hop On Rivals #31,Winners Quarterfinal,2025-08-26 18:42:00+00:00
https://www.youtube.com/watch?v=JgUe9rPBE8E&t=3939,Seelder,Fleet,Mustard,Loxodont,Hop On Rivals #31,Winners Quarterfinals,2025-08-26 18:42:00+00:00
https://www.youtube.com/watch?v=JgUe9rPBE8E&t=4399,Sawstep,Fleet,Bullets,Etalus,Hop On Rivals #31,Winners Quarterfinals,2025-08-26 18:42:00+00:00
https://www.youtube.com/watch?v=JgUe9rPBE8E&t=6200,Theoneoutkast,Kragg,Kapl,Clairen,Hop On Rivals #31,Winners Semifinals,2025-08-26 18:42:00+00:00
https://www.youtube.com/watch?v=JgUe9rPBE8E&t=7392,Bullets,Etalus,Seelder,Fleet,Hop On Rivals #31,Winners Semifinals,2025-08-26 18:42:00+00:00
https://www.youtube.com/watch?v=JgUe9rPBE8E&t=8390,Bullets,Etalus,Mow_Kitty,Etalus,Hop On Rivals #31,Losers Quarterfinals,2025-08-26 18:42:00+00:00
https://www.youtube.com/watch?v=JgUe9rPBE8E&t=9398,Kapl,Clairen,Seelder,Fleet,Hop On Rivals #31,Winners Finals,2025-08-26 18:42:00+00:00
https://www.youtube.com/watch?v=JgUe9rPBE8E&t=10400,Sawstep,Fleet,Mow_Kitty,Etalus,Hop On Rivals #31,Losers Semifinals,2025-08-26 18:42:00+00:00
https://www.youtube.com/watch?v=JgUe9rPBE8E&t=11200,Sawstep,Absa,Seelder,Fleet,Hop On Rivals #31,Losers Finals,2025-08-26 18:42:00+00:00
https://www.youtube.com/watch?v=JgUe9rPBE8E&t=12370,Kapl,Clairen,Seelder,Fleet,Hop On Rivals #31,Grand Finals,2025-08-26 18:42:00+00:00
https://www.youtube.com/watch?v=XgLVQGVDa0I,Reaper,Etalus,Sourkroutt,Clairen,Immortal Fight Night #239 Wnrs Rd 1,,2025-08-27 17:06:36+00:00
https://www.youtube.com/watch?v=cWAM8muErpE,Grunk,Zetterburn,BGunn,Olympia,Immortal Fight Night #239 Wnrs Rd 1,,2025-08-27 17:06:39+00:00
https://www.youtube.com/watch?v=OmPhMH9z_hg,Reaper,Etalus,Bowler,Clairen,Immortal Fight Night #239 Wnrs Semi,,2025-08-27 17:06:41+00:00
https://www.youtube.com/watch?v=j4eTq5OPxXI,Average Alex,Wrastor,BGunn,Olympia,Immortal Fight Night #239 Wnrs Semi,,2025-08-27 17:06:43+00:00
https://www.youtube.com/watch?v=5isPbgbUkns,Bowler,Clairen,Average Alex,Zetterburn,Immortal Fight Night #239 Wnrs Final,,2025-08-27 17:06:46+00:00
https://www.youtube.com/watch?v=H0Y18ShVoMs,Watherum,Ranno,Reaper,Etalus,Immortal Fight Night #239 Lsrs Semi,,2025-08-27 17:06:49+00:00
https://www.youtube.com/watch?v=KZCU5zoei5A,Bowler,Clairen,Watherum,Ranno,Immortal Fight Night #239 Lsrs Final,,2025-08-27 17:06:51+00:00
https://www.youtube.com/watch?v=E20OJ0Vnxu4,Average Alex,Zetterburn,Bowler,Clairen,Immortal Fight Night #239 Grand Final,,2025-08-27 17:06:53+00:00
https://www.youtube.com/watch?v=QfPWm7tKIWU,Sherka,Maypul,Nibodax,Loxodont,Monthly of Aether #10: EU,Pools,2025-08-28 18:49:30+00:00
https://www.youtube.com/watch?v=sV_3kVfZ1Kg,Sho,Zetterburn,NoGoat,Etalus,Monthly of Aether #10: EU,Pools,2025-08-28 18:49:30+00:00
https://www.youtube.com/watch?v=NmMJpj0Jdak,RSN | Frenzy,Clairen,Lily,Orcane,Monthly of Aether #10: EU,Pools,2025-08-28 18:49:30+00:00
https://www.youtube.com/watch?v=s15YgXFwGKc,Midmol,Forsburn,Cone,Clairen,Monthly of Aether #10: EU,Winners Quarterfinals,2025-08-28 18:49:30+00:00
https://www.youtube.com/watch?v=sEQZ5N4Z5c4,Flamberik,Loxodont,fishingman57,Olympia,Monthly of Aether #10: EU,Winners Quarterfinals,2025-08-28 18:49:30+00:00
https://www.youtube.com/watch?v=wVQsvV7adXg,Cone,Clairen,Sho,Zetterburn,Monthly of Aether #10: EU,Winners Semifinals,2025-08-28 18:49:30+00:00
https://www.youtube.com/watch?v=pVYUsVFAnf0,Lily,Orcane,fishingman57,Orcane,Monthly of Aether #10: EU,Winners Semifinals,2025-08-28 18:49:30+00:00
https://www.youtube.com/watch?v=vfFQ1q9Ij5c,Cone,Clairen,Lily,Orcane,Monthly of Aether #10: EU,Winners Finals,2025-08-28 18:49:30+00:00
https://www.youtube.com/watch?v=NDGLp1WM9jM,Guthix,Kragg,Genarog,Fleet,Monthly of Aether #10: EU,Losers Semifinals,2025-08-28 18:49:30+00:00
https://www.youtube.com/watch?v=0odMZLbQMSI,Lily,Orcane,Genarog,Fleet,Monthly of Aether #10: EU,Losers Finals,2025-08-28 18:49:30+00:00
https://www.youtube.com/watch?v=aMCCWAkMmp0,Cone,Clairen,Lily,Orcane,Monthly of Aether #10: EU,Grand Finals,2025-08-28 18:49:30+00:00
https://www.youtube.com/watch?v=ojIhwo-cz9Y,Mr Y?,Olympia,Salt,Zetterburn,Monthly of Aether #10: NA,Pools,2025-08-28 18:50:26+00:00
https://www.youtube.com/watch?v=nn02Z13yArQ,Ant,Absa,Risas,Etalus,Monthly of Aether #10: NA,Pools,2025-08-28 18:50:26+00:00
https://www.youtube.com/watch?v=ccC6Whl7fDs,Lunar,Maypul,Bbatts,Fleet,Monthly of Aether #10: NA,Winners Quarterfinals,2025-08-28 18:50:26+00:00
https://www.youtube.com/watch?v=gXLHJpAD8JM,Ant,Absa,Kynin,Orcane,Monthly of Aether #10: NA,Winners Quarterfinals,2025-08-28 18:50:26+00:00
https://www.youtube.com/watch?v=Y8upE_TL7fw,Sophilo,Zetterburn,NS | FPZ,Maypul,Monthly of Aether #10: NA,Winners Quarterfinals,2025-08-28 18:50:26+00:00
https://www.youtube.com/watch?v=O3I-M9MdS8g,Bbatts,Fleet,Ant,Absa,Monthly of Aether #10: NA,Winners Semifinals,2025-08-28 18:50:26+00:00
https://www.youtube.com/watch?v=M1_eJboWDKA,Sophilo,Zetterburn,Beastly,Zetterburn,Monthly of Aether #10: NA,Winners Semifinals,2025-08-28 18:50:26+00:00
https://www.youtube.com/watch?v=kHhS3XjiZRw,Bbatts,Fleet,Beastly,Zetterburn,Monthly of Aether #10: NA,Winners Finals,2025-08-28 18:50:26+00:00
https://www.youtube.com/watch?v=5QXXpoTQH3M,NE | ZeeBee,Kragg,Ant,Absa,Monthly of Aether #10: NA,Losers Quarterfinals,2025-08-28 18:50:26+00:00
https://www.youtube.com/watch?v=tW_Qkr7XOLQ,Kynin,Orcane,Ant,Absa,Monthly of Aether #10: NA,Losers Semifinals,2025-08-28 18:50:26+00:00
https://www.youtube.com/watch?v=FV9BPHaEjas,Beastly,Zetterburn,Kynin,Orcane,Monthly of Aether #10: NA,Losers Finals,2025-08-28 18:50:26+00:00
https://www.youtube.com/watch?v=cpT3GZ3qN90,Bbatts,Fleet,Beastly,Zetterburn,Monthly of Aether #10: NA,Grand Finals,2025-08-28 18:50:26+00:00
https://www.youtube.com/watch?v=TGAC909cG7Y,Mint,Absa,Freakazoiid,Absa,Rivalote de Invierno '25,Pools,2025-09-02 00:36:41+00:00
https://www.youtube.com/watch?v=BtN2fSqHBas,Mitsu,Clairen,Deo,Forsburn,Rivalote de Invierno '25,Pools,2025-09-02 00:37:24+00:00
https://www.youtube.com/watch?v=31jZakF3zPs,Rey Rata,Fleet,Catwo,Etalus,Rivalote de Invierno '25,Pools,2025-09-02 00:37:49+00:00
https://www.youtube.com/watch?v=Fcq2t5jKJBY,Lazerth,Fleet,Catwo,Etalus,Rivalote de Invierno '25,Pools,2025-09-02 00:38:33+00:00
https://www.youtube.com/watch?v=fTtDpkvKcvA,Mitsu,Clairen,Freakazoiid,Absa,Rivalote de Invierno '25,Pools,2025-09-02 00:38:53+00:00
https://www.youtube.com/watch?v=MCUp9BfmQZc,CachorrÃ£o,Forsburn,Mint,Maypul,Rivalote de Invierno '25,Pools,2025-09-02 00:39:21+00:00
https://www.youtube.com/watch?v=yxXngq-7mT4,Lazerth,Fleet,Freakazoiid,Absa,Rivalote de Invierno '25,Pools,2025-09-02 00:43:07+00:00
https://www.youtube.com/watch?v=balnO_ZLBxo,Mint,Maypul,Deo,Forsburn,Rivalote de Invierno '25,Pools,2025-09-02 00:43:29+00:00
https://www.youtube.com/watch?v=8GTiCfaYEOE,Rey Rata,Fleet,Freakazoiid,Absa,Rivalote de Invierno '25,Pools,2025-09-02 00:43:51+00:00
https://www.youtube.com/watch?v=fbNSufMZxLM,Lazerth,Fleet,Rey Rata,Fleet,Rivalote de Invierno '25,Pools,2025-09-02 00:44:26+00:00
https://www.youtube.com/watch?v=LWqhEf2wa4c,Mitsu,Clairen,Lazerth,Fleet,Rivalote de Invierno '25,Pools,2025-09-02 00:45:06+00:00
https://www.youtube.com/watch?v=tDnJh6A2t04,Mint,Maypul,Mitsu,Clairen,Rivalote de Invierno '25,Pools,2025-09-02 00:45:33+00:00
https://www.youtube.com/watch?v=b0ZOXh-28fc,Mitsu,Clairen,CachorrÃ£o,Forsburn,Rivalote de Invierno '25,Pools,2025-09-02 00:45:55+00:00
https://www.youtube.com/watch?v=QVo804BuQAM,CachorrÃ£o,Forsburn,Lazerth,Fleet,Rivalote de Invierno '25,Pools,2025-09-02 00:46:25+00:00
https://www.youtube.com/watch?v=CU6Cy06GXew,Deo,Forsburn,Freakazoiid,Absa,Rivalote de Invierno '25,Pools,2025-09-02 00:46:43+00:00
https://www.youtube.com/watch?v=eC4gGa75JtQ,Mitsu,Clairen,Mint,Maypul,Rivalote de Invierno '25,Winners Finals,2025-09-02 00:47:09+00:00
https://www.youtube.com/watch?v=Bk5y-3BBd84,Mint,Maypul,CachorrÃ£o,Forsburn,Rivalote de Invierno '25,Losers Finals,2025-09-02 00:47:31+00:00
https://www.youtube.com/watch?v=VnxOjoLcXow,Mitsu,Clairen,Mint,Maypul,Rivalote de Invierno '25,Grand Finals,2025-09-02 00:47:50+00:00
https://www.youtube.com/watch?v=rl0PQ0eMvwY,BobbyTito,Zetterburn,The Football,Kragg,Run The Rivals #27,Winners R1,2025-09-02 02:37:05+00:00
https://www.youtube.com/watch?v=ze65creco-o,Advers_Event,Fleet,anth0ntt,Clairen,Run The Rivals #27,Winners R1,2025-09-02 02:37:05+00:00
https://www.youtube.com/watch?v=zP8qWGjeA4o,Advers_Event,Fleet,Landon,Clairen,Run The Rivals #27,Winners Quarters,2025-09-02 02:37:05+00:00
https://www.youtube.com/watch?v=UnN_N5wJfNM,Oljace,Forsburn,Love Tub,Etalus,Run The Rivals #27,Winners Quarters,2025-09-02 02:37:05+00:00
https://www.youtube.com/watch?v=tnVVTPUauB4,Landon,Clairen,Sean Sorey,Clairen,Run The Rivals #27,Winners Semis,2025-09-02 02:37:05+00:00
https://www.youtube.com/watch?v=yrqEOAj6GTE,Veka,Clairen,Oljace,Forsburn,Run The Rivals #27,Winners Semis,2025-09-02 02:37:05+00:00
https://www.youtube.com/watch?v=cSpEy4N4GCA,Oljace,Forsburn,Superdog,Clairen,Run The Rivals #27,Losers Quarters,2025-09-02 02:37:05+00:00
https://www.youtube.com/watch?v=64MFLFbSyyA,Veka,Clairen,Sean Sorey,Clairen,Run The Rivals #27,Winners Finals,2025-09-02 02:37:05+00:00
https://www.youtube.com/watch?v=7pArXG0RO4I,Landon,Clairen,Superdog,Clairen,Run The Rivals #27,Losers Semis,2025-09-02 02:37:05+00:00
https://www.youtube.com/watch?v=NRgc-c2ddT4,Landon,Clairen,Sean Sorey,Clairen,Run The Rivals #27,Losers Finals,2025-09-02 02:37:05+00:00
https://www.youtube.com/watch?v=0qLe8L-JeQY,Landon,Clairen,Veka,Clairen,Run The Rivals #27,Grand Finals,2025-09-02 02:37:05+00:00
https://www.youtube.com/watch?v=Kpi8tar5iuk,Bowler,Clairen,ybm,Wrastor,Immortal Fight Night #240 Wnrs Rd 2,,2025-09-03 01:28:03+00:00
https://www.youtube.com/watch?v=8DIUQc3x0X8,Average Alex,Kragg,Reaper,Etalus,Immortal Fight Night #240 Wnrs Semi,,2025-09-03 01:28:07+00:00
https://www.youtube.com/watch?v=TFTnsREOlmI,Bowler,Clairen,Reaper,Etalus,Immortal Fight Night #240 Wnrs Final,,2025-09-03 01:28:08+00:00
https://www.youtube.com/watch?v=98E5xLqdP4E,Bowler,Clairen,Average Alex,Zetterburn,Immortal Fight Night #240 Lsrs Final,,2025-09-03 01:28:14+00:00
https://www.youtube.com/watch?v=GjoYQD5WAKs,Reaper,Etalus,Average Alex,Clairen,Immortal Fight Night #240 Grand Final,,2025-09-03 01:28:46+00:00
https://www.youtube.com/watch?v=roLMmRYScR8,Shard,Fleet,SapphireGD,Zetterburn,Straight Into The Abyss #22,Grand Finals,2025-09-05 00:00:00+00:00
https://www.youtube.com/watch?v=k9puNku3zxY,SapphireGD,Zetterburn,Shard,Fleet,Straight Into The Abyss #22,Wnrs Semi,2025-09-05 00:00:00+00:00
https://www.youtube.com/watch?v=pWD-t8sPON4,SapphireGD,Zetterburn,Drewsephix,Orcane,Straight Into The Abyss #22,Wnrs Qrts,2025-09-05 00:00:00+00:00
https://www.youtube.com/watch?v=YHwZ8akYXks,Drewsephix,Orcane,Turnap,Ranno,Straight Into The Abyss #22,Lsrs Qrts,2025-09-05 00:00:00+00:00
https://www.youtube.com/watch?v=AxZFxlBRdt0,Nothigh,Loxodont,SapphireGD,Zetterburn,Straight Into The Abyss #22,Lsrs Final,2025-09-05 00:00:00+00:00
https://www.youtube.com/watch?v=Ae2um8S1c4Y,Turnap,Ranno,SapphireGD,Zetterburn,Straight Into The Abyss #22,Lsrs Semi,2025-09-05 00:00:00+00:00
https://www.youtube.com/watch?v=6nggqt8MtkA,Nothigh,Loxodont,Turnap,Ranno,Straight Into The Abyss #22,Wnrs Semi,2025-09-05 00:00:00+00:00
https://www.youtube.com/watch?v=2XbTHgfBMZU,Nothigh,Loxodont,Shard,Fleet,Straight Into The Abyss #22,Wnrs Final,2025-09-05 00:00:00+00:00
https://www.youtube.com/watch?v=2YhAFbyou-w,Cou,Kragg,Turnap,Ranno,Straight Into The Abyss #22,Wnrs Rd 2,2025-09-05 00:00:00+00:00
https://www.youtube.com/watch?v=4S9xxxYCgts,Nothigh,Loxodont,BGunn,Olympia,Straight Into The Abyss #22,Wnrs Qrts,2025-09-05 00:00:00+00:00
https://www.youtube.com/watch?v=ZRLan-gQM84,jason,Olympia,moey_joehawk,Maypul,R2AS #18,Pools Round 2,2025-09-06 16:35:19+00:00
https://www.youtube.com/watch?v=VHlf7h6HMoE,Ivy Clora,Absa,Lord,Etalus,R2AS #18,Winners Quarters,2025-09-06 16:37:23+00:00
https://www.youtube.com/watch?v=gG0519-ZgWQ,The Glue,Loxodont,drovi,Zetterburn,R2AS #18,Winners Quarters,2025-09-06 16:37:36+00:00
https://www.youtube.com/watch?v=pUUbgU2A-nU,Goljee,Absa,Lord,Etalus,R2AS #18,Top 8 Winners Semis,2025-09-06 16:39:42+00:00
https://www.youtube.com/watch?v=FcD9JNs_Gdg,The Glue,Loxodont,TheConceptOfDe4th,Absa,R2AS #18,Top 8 Winners Semis,2025-09-06 16:39:56+00:00
https://www.youtube.com/watch?v=sk7JYjtqg54,moey_joehawk,Maypul,The Glue,Loxodont,R2AS #18,Top 8 Losers Quarters,2025-09-06 16:40:55+00:00
https://www.youtube.com/watch?v=GnE9qDu-YKM,Goljee,Absa,TheConceptOfDe4th,Absa,R2AS #18,Top 8 Winners Finals,2025-09-06 16:43:03+00:00
https://www.youtube.com/watch?v=nyFCR4lroBI,Teve,Olympia,Lord,Etalus,R2AS #18,Top 8 Losers Quarters,2025-09-06 16:43:45+00:00
https://www.youtube.com/watch?v=_MP4moSxLRM,Teve,Olympia,The Glue,Loxodont,R2AS #18,Top 8 Losers Semis,2025-09-06 16:43:54+00:00
https://www.youtube.com/watch?v=cmkR31IiOS4,The Glue,Loxodont,TheConceptOfDe4th,Absa,R2AS #18,Top 8 Losers Finals,2025-09-06 16:45:26+00:00
https://www.youtube.com/watch?v=njWqIDXZP88,Concept of De4th,Absa,Env3lop,Wrastor,R2AS #17,Top 8 Losers Quarters,2025-09-06 23:29:51+00:00
https://www.youtube.com/watch?v=dye83ZH9hss,Clover,Forsburn,Goljee,Absa,R2AS #17,Top 8 Grand Finals,2025-09-06 23:31:15+00:00
https://www.youtube.com/watch?v=1mVsJsZ7suc,Goljee,Absa,Maybe,Olympia,R2AS #17,Top 8 Winners Semis,2025-09-06 23:36:57+00:00
https://www.youtube.com/watch?v=yyJ2aZ4VXu0,PRINCE OF DELAWARE,Ranno,Lagiakai,Olympia,Riptide 2025,,2025-09-07 00:00:00+00:00
https://www.youtube.com/watch?v=6hZj_5O7ofQ,elkiies,Maypul,Johnwick3,Clairen,Riptide 2025,,2025-09-07 00:00:00+00:00
https://www.youtube.com/watch?v=BQ6nGInYkbU,Stango,Loxodont,darai,Ranno,Riptide 2025,,2025-09-07 00:00:00+00:00
https://www.youtube.com/watch?v=iViSpVZ_ZAo,jorg,Olympia,Lucio,Zetterburn,Riptide 2025,,2025-09-07 00:00:00+00:00
https://www.youtube.com/watch?v=y0SWXVtKQ6w,Ravenking,Wrastor,Bucketfullabiscuits,Absa,Riptide 2025,,2025-09-07 00:00:00+00:00
https://www.youtube.com/watch?v=ejISDqTmn_4,Cora,Ranno,Scoops,Forsburn,Riptide 2025,,2025-09-07 00:00:00+00:00
https://www.youtube.com/watch?v=OMq89yLa3ns,Mikoshi,Olympia,Space,Etalus,Riptide 2025,,2025-09-07 00:00:00+00:00
https://www.youtube.com/watch?v=9SgZj443OP4,Lucius,Ranno,Kendrick,Ranno,Riptide 2025,,2025-09-07 00:00:00+00:00
https://www.youtube.com/watch?v=xffHKU5f5JQ,Lunar,Maypul,Ubl,Forsburn,Riptide 2025,,2025-09-07 00:00:00+00:00
https://www.youtube.com/watch?v=rlYWK71Eu3E,Dakpo,Wrastor,Adam,Etalus,Riptide 2025,,2025-09-07 00:00:00+00:00
https://www.youtube.com/watch?v=3cGNjN_uJfM,Joe Cool,Ranno,Albert,Zetterburn,Riptide 2025,,2025-09-07 00:00:00+00:00
https://www.youtube.com/watch?v=UG9D76mwUBI,ThrownOrc,Wrastor,Space,Etalus,Riptide 2025,,2025-09-07 00:00:00+00:00
https://www.youtube.com/watch?v=3sLnj0im7nQ,loafin,Ranno,666blazikin,Zetterburn,Riptide 2025,,2025-09-07 00:00:00+00:00
https://www.youtube.com/watch?v=4yy-8VG-zwk,Cork,Forsburn,Broly,Loxodont,Riptide 2025,,2025-09-07 00:00:00+00:00
https://www.youtube.com/watch?v=jNXs9mgEk8E,Boiko,Clairen,Giga,Loxodont,Riptide 2025,,2025-09-07 00:00:00+00:00
https://www.youtube.com/watch?v=VDyjIwAiwsU,I0n,Olympia,Iota,Absa,Riptide 2025,,2025-09-07 00:00:00+00:00
https://www.youtube.com/watch?v=8W9WYgWfUyU,Ampsen,Zetterburn,Aurora,Absa,Riptide 2025,,2025-09-07 00:00:00+00:00
https://www.youtube.com/watch?v=RUJaV96uigE,Chumpkin,Etalus,Veka,Clairen,Riptide 2025,,2025-09-07 00:00:00+00:00
https://www.youtube.com/watch?v=NLcWEATnf7A,Kopter,Absa,Broly,Loxodont,Riptide 2025,,2025-09-07 00:00:00+00:00
https://www.youtube.com/watch?v=EixYyyQ-H7M,Gekkingga,Loxodont,OoDa,Clairen,Riptide 2025,,2025-09-07 00:00:00+00:00
https://www.youtube.com/watch?v=xGj3if7nvjA,Lucio,Zetterburn,Halcyon,Zetterburn,Riptide 2025,,2025-09-07 00:00:00+00:00
https://www.youtube.com/watch?v=6IUd957z9dc,Quack,Ranno,Guthix,Kragg,Riptide 2025,,2025-09-07 00:00:00+00:00
https://www.youtube.com/watch?v=n3qyd9KjVX0,Menderbug,Clairen,Sophilo,Zetterburn,Riptide 2025,,2025-09-07 00:00:00+00:00
https://www.youtube.com/watch?v=nURS79KJF30,SolarBeam,Loxodont,Musiq,Clairen,Riptide 2025,,2025-09-07 00:00:00+00:00
https://www.youtube.com/watch?v=VXoOuJuZNMU,Beastly,Zetterburn,Bullets,Etalus,Riptide 2025,,2025-09-07 00:00:00+00:00
https://www.youtube.com/watch?v=tojedUmLT7U,Kurgo,Absa,Scooby,Forsburn,Riptide 2025,,2025-09-07 00:00:00+00:00
https://www.youtube.com/watch?v=ODRVFog4tVU,OoDa,Clairen,The Librarian,Olympia,Riptide 2025,,2025-09-07 00:00:00+00:00
https://www.youtube.com/watch?v=L4Px_djPWP0,KD8,Etalus,Kraite,Wrastor,Riptide 2025,,2025-09-07 00:00:00+00:00
https://www.youtube.com/watch?v=Yt8dZXTACWA,Okzz,Loxodont,fourside,Absa,Riptide 2025,,2025-09-07 00:00:00+00:00
https://www.youtube.com/watch?v=weUpS6Ui4u4,Sophilo,Zetterburn,CheesyPotato,Kragg,Riptide 2025,,2025-09-07 00:00:00+00:00
https://www.youtube.com/watch?v=Ssx-k0X3N6M,elkiies,Maypul,Boiko,Clairen,Riptide 2025,,2025-09-07 00:00:00+00:00
https://www.youtube.com/watch?v=tShEA2_YdAg,Adam,Etalus,Rongunshu,Clairen,Riptide 2025,,2025-09-07 00:00:00+00:00
https://www.youtube.com/watch?v=hJ52ClzNWzU,Gekkingga,Loxodont,CakeAssault,Forsburn,Riptide 2025,,2025-09-07 00:00:00+00:00
https://www.youtube.com/watch?v=A_FymmZkwmU,elkiies,Maypul,ZeusDahGoose,Kragg,Riptide 2025,,2025-09-07 00:00:00+00:00
https://www.youtube.com/watch?v=uys6TSuLWFk,Sophilo,Zetterburn,I0N,Olympia,Riptide 2025,,2025-09-07 00:00:00+00:00
https://www.youtube.com/watch?v=OhZo8sZrwOs,Gekkingga,Loxodont,Beastly,Zetterburn,Riptide 2025,,2025-09-07 00:00:00+00:00
https://www.youtube.com/watch?v=j6Q0GM64XBA,Stango,Loxodont,Adam,Etalus,Riptide 2025,,2025-09-07 00:00:00+00:00
https://www.youtube.com/watch?v=FtAS6CnLH6I,Gekkingga,Loxodont,Boiko,Clairen,Riptide 2025,,2025-09-07 00:00:00+00:00
https://www.youtube.com/watch?v=LS7qIUmu850,Adam,Etalus,HamPolo,Zetterburn,Riptide 2025,,2025-09-07 00:00:00+00:00
https://www.youtube.com/watch?v=3pNHYl9YI58,Sophilo,Zetterburn,Pikmon,Etalus,Riptide 2025,,2025-09-07 00:00:00+00:00
https://www.youtube.com/watch?v=xTVn6CfcjlA,ZeeBee,Kragg,Beastly,Zetterburn,Riptide 2025,,2025-09-07 00:00:00+00:00
https://www.youtube.com/watch?v=JKVI5ao6pBM,Boiko,Clairen,Sophilo,Zetterburn,Riptide 2025,Top 8,2025-09-07 00:00:00+00:00
https://www.youtube.com/watch?v=WNpOLwQ-nGw,ZeusDahGoose,Kragg,I0N,Kragg,Riptide 2025,Top 8,2025-09-07 00:00:00+00:00
https://www.youtube.com/watch?v=M7yZlMykf-s,Rongunshu,Clairen,CakeAssault,Forsburn,Riptide 2025,Top 8,2025-09-07 00:00:00+00:00
https://www.youtube.com/watch?v=zcQifX1MrNU,Stango,Loxodont,Beastly,Zetterburn,Riptide 2025,Top 8,2025-09-07 00:00:00+00:00
https://www.youtube.com/watch?v=7j8WmEtBnQw,ZeusDahGoose,Kragg,CakeAssault,Forsburn,Riptide 2025,Top 8,2025-09-07 00:00:00+00:00
https://www.youtube.com/watch?v=jkGJMV_4Qgc,Stango,Loxodont,Boiko,Clairen,Riptide 2025,Top 8,2025-09-07 00:00:00+00:00
https://www.youtube.com/watch?v=Xy4_VaPxOPA,Beastly,Zetterburn,I0N,Olympia,Riptide 2025,Winners Finals,2025-09-07 00:00:00+00:00
https://www.youtube.com/watch?v=fXR5zngijxo,CakeAssault,Forsburn,Stango,Loxodont,Riptide 2025,Losers Semis,2025-09-07 00:00:00+00:00
https://www.youtube.com/watch?v=fQRxCOT6iN8,CakeAssault,Forsburn,Beastly,Zetterburn,Riptide 2025,Losers Finals,2025-09-07 00:00:00+00:00
https://www.youtube.com/watch?v=k3Tg4xSZUUw,CakeAssault,Forsburn,I0N,Olympia,Riptide 2025,Grand Finals,2025-09-07 00:00:00+00:00
https://www.youtube.com/watch?v=g1yBbPd-oGM,Goljee,Absa,Concept of De4th,Absa,R2AS #17,Top 8 Losers Finals,2025-09-07 00:02:03+00:00
https://www.youtube.com/watch?v=EcqgPqVXxMo,Hylian,Etalus,Concept of De4th,Absa,R2AS #17,Top 8 Losers Semis,2025-09-07 00:02:06+00:00
https://www.youtube.com/watch?v=DmalLUZG1WI,Clover,Forsburn,Goljee,Absa,R2AS #17,Top 8 Winners Finals,2025-09-07 00:02:18+00:00
https://www.youtube.com/watch?v=N9EUfewHxWw,Mr.Oato156,Zetterburn,Concept of De4th,Absa,R2AS #17,Losers Top 8,2025-09-07 00:02:25+00:00
https://www.youtube.com/watch?v=0-vTv5xkIkE,Env3lop,Wrastor,Clover,Forsburn,R2AS #17,Top 8 Winners Semis,2025-09-07 00:03:12+00:00
https://www.youtube.com/watch?v=p8SsV2u9f-E&t=0s,Alfoam,Loxodont,PlantEnjoyer,Maypul,MSS 2025,,2025-09-08 00:00:00+00:00
https://www.youtube.com/watch?v=p8SsV2u9f-E&t=308s,Mkok,Zetterburn,Glum,Clairen,MSS 2025,,2025-09-08 00:05:08+00:00
https://www.youtube.com/watch?v=p8SsV2u9f-E&t=849s,McDuckerz,Ranno,Alfoam,Loxodont,MSS 2025,,2025-09-08 00:14:09+00:00
https://www.youtube.com/watch?v=p8SsV2u9f-E&t=1989s,Goljee,Absa,Mkok,Zetterburn,MSS 2025,,2025-09-08 00:33:09+00:00
https://www.youtube.com/watch?v=p8SsV2u9f-E&t=2875s,McDuckerz,Ranno,Goljee,Absa,MSS 2025,,2025-09-08 00:47:55+00:00
https://www.youtube.com/watch?v=zHFztKhCpss,Landon,Loxodont,Dadzie,Clairen,Run The Rivals #28,Winners R1,2025-09-09 02:14:53+00:00
https://www.youtube.com/watch?v=K6wA_cPFha4,The Football,Kragg,Wisely,Maypul,Run The Rivals #28,Winners R1,2025-09-09 02:14:53+00:00
https://www.youtube.com/watch?v=Ldkqgb0u6wo,Dadzie,Clairen,sans.,Loxodont,Run The Rivals #28,Winners Semis,2025-09-09 02:14:53+00:00
https://www.youtube.com/watch?v=1DOFqb1FNNU,Failbot,Orcane,The Football,Olympia,Run The Rivals #28,Winners Semis,2025-09-09 02:14:53+00:00
https://www.youtube.com/watch?v=aswZArgwjrA,Landon,Loxodont,The Football,Loxodont,Run The Rivals #28,Losers Quarters,2025-09-09 02:14:53+00:00
https://www.youtube.com/watch?v=0tOjIwPrZqU,Failbot,Clairen,sans.,Loxodont,Run The Rivals #28,Winners Finals,2025-09-09 02:14:53+00:00
https://www.youtube.com/watch?v=yrev9QVpCeo,Dadzie,Clairen,Landon,Clairen,Run The Rivals #28,Losers Semis,2025-09-09 02:14:53+00:00
https://www.youtube.com/watch?v=B3wco-1Pzro,sans.,Loxodont,Landon,Loxodont,Run The Rivals #28,Losers Finals,2025-09-09 02:14:53+00:00
https://www.youtube.com/watch?v=CYLIN9GP3fk,Failbot,Clairen,sans. - L ,Loxodont,Run The Rivals #28,Grand Finals,2025-09-09 02:14:53+00:00
https://www.youtube.com/watch?v=MJtaE2roJhk,Sh-Awe,Kragg,QE,Clairen,Immortal Fight Night #241 Wnrs Rd 1,,2025-09-09 12:31:59+00:00
https://www.youtube.com/watch?v=EzrNwRi5uLI,Average Alex,Zetterburn,QE,Clairen,Immortal Fight Night #241 Wnrs Qrts,,2025-09-09 12:32:01+00:00
https://www.youtube.com/watch?v=Xbj3R3hczgY,Watherum,Ranno,Reaper,Etalus,Immortal Fight Night #241 Wnrs Semi,,2025-09-09 12:32:03+00:00
https://www.youtube.com/watch?v=par7BbmTOkY,Reaper,Etalus,Watherum,Ranno,Immortal Fight Night #241 Lsrs Final,,2025-09-09 12:32:11+00:00
https://www.youtube.com/watch?v=LS76SZUJsNQ,Average Alex,Zetterburn,Reaper,Etalus,Immortal Fight Night #241 Grand Final,,2025-09-09 12:32:13+00:00
https://www.youtube.com/watch?v=w4EojEJt99M,Zeoark,Forsburn,lolnice,Fleet,SurgeGT #1,,2025-09-11 22:08:04+00:00
https://www.youtube.com/watch?v=sI8fRqBkiQY,TheCorndogLover,Loxodont,Sirc,Absa,SurgeGT #1,,2025-09-11 22:08:04+00:00
https://www.youtube.com/watch?v=hhEou_v9dzY,Zeoark,Forsburn,Wisp,Maypul,SurgeGT #1,,2025-09-11 22:08:04+00:00
https://www.youtube.com/watch?v=goyPPEH2Has,TheCorndogLover,Loxodont,Vuetzel,Wrastor,SurgeGT #1,,2025-09-11 22:08:04+00:00
https://www.youtube.com/watch?v=dozBzKK6IlQ,Always,Ranno,lolnice,Fleet,SurgeGT #1,,2025-09-11 22:08:04+00:00
https://www.youtube.com/watch?v=bS8Hd0ukL4A,Zeoark,Forsburn,TheCorndogLover,Loxodont,SurgeGT #1,,2025-09-11 22:08:04+00:00
https://www.youtube.com/watch?v=KwoWf8cz2dg,lolnice,Fleet,OriMori,Loxodont,SurgeGT #1,,2025-09-11 22:08:04+00:00
https://www.youtube.com/watch?v=IQSOytsR3VE,Always,Ranno,Wisp,Maypul,SurgeGT #1,,2025-09-11 22:08:04+00:00
https://www.youtube.com/watch?v=HQWefQWeMeI,Vuetzel,Wrastor,JayLunatic,Zetterburn,SurgeGT #1,,2025-09-11 22:08:04+00:00
https://www.youtube.com/watch?v=y-VQcSvZMts,Wisp,Maypul,psyduck3000,Loxodont,Trey's Trashcan Sep 9th 2025,,2025-09-11 22:08:59+00:00
https://www.youtube.com/watch?v=qEjABd9Ojpk,Vuetzel,Wrastor,psyduck3000,Loxodont,Trey's Trashcan Sep 9th 2025,,2025-09-11 22:08:59+00:00
https://www.youtube.com/watch?v=hvDITgaC2gY,TheCorndogLover,Loxodont,Vuetzel,Wrastor,Trey's Trashcan Sep 9th 2025,,2025-09-11 22:08:59+00:00
https://www.youtube.com/watch?v=g_Ku_1VtSrE,Wisp,Maypul,Nevereatcars,Maypul,Trey's Trashcan Sep 9th 2025,,2025-09-11 22:08:59+00:00
https://www.youtube.com/watch?v=U-Uqg2Pot0c,Always,Ranno,TheCorndogLover,Loxodont,Trey's Trashcan Sep 9th 2025,Loser's Finals,2025-09-11 22:08:59+00:00
https://www.youtube.com/watch?v=FGib6_n_dY4,Wisp,Maypul,Always,Ranno,Trey's Trashcan Sep 9th 2025,Winners Finals,2025-09-11 22:08:59+00:00
https://www.youtube.com/watch?v=iihNSu3RzXI,Wisp,Maypul,Always,Ranno,Trey's Trashcan Sep 9th 2025,Grand Finals,2025-09-11 22:08:59+00:00
https://www.youtube.com/watch?v=D-U0-wbnm3E,Always,Ranno,Geo,Zetterburn,Trey's Trashcan Sep 9th 2025,,2025-09-11 22:08:59+00:00
https://www.youtube.com/watch?v=7nALOyyVBb8,TheCorndogLover,Loxodont,Nevereatcars,Maypul,Trey's Trashcan Sep 9th 2025,,2025-09-11 22:08:59+00:00
https://www.youtube.com/watch?v=41M-iSbh8zg,TheCorndogLover,Loxodont,Christos,Zetterburn,Trey's Trashcan Sep 9th 2025,,2025-09-11 22:08:59+00:00
https://www.youtube.com/watch?v=-w1FGskKPNk,Always,Ranno,TheCorndogLover,Loxodont,Trey's Trashcan Sep 9th 2025,,2025-09-11 22:08:59+00:00
https://www.youtube.com/watch?v=GWDMvRiELBg,Wisp,Maypul,Nevereatcars,Maypul,"Trey's Trashcan Aug 26th, 2025",,2025-09-11 22:09:54+00:00
https://www.youtube.com/watch?v=QV5gPyN7MvA,TheCorndogLover,Loxodont,Nevereatcars,Maypul,"Trey's Trashcan Aug 26th, 2025",,2025-09-11 22:09:54+00:00
https://www.youtube.com/watch?v=dxaTMWXexUE,Always,Ranno,Sacto Style,Zetterburn,"Trey's Trashcan Aug 26th, 2025",,2025-09-11 22:09:54+00:00
https://www.youtube.com/watch?v=sP2pIWSEWS4,Vuetzel,Wrastor,Beedrill,Fleet,"Trey's Trashcan Aug 26th, 2025",,2025-09-11 22:09:54+00:00
https://www.youtube.com/watch?v=0WCp6cfIilg,TheCorndogLover,Loxodont,Sacto Style,Kragg,"Trey's Trashcan Aug 26th, 2025",,2025-09-11 22:09:54+00:00
https://www.youtube.com/watch?v=1NmAhD6L1YE,Wisp,Maypul,TheCorndogLover,Loxodont,"Trey's Trashcan Aug 26th, 2025",,2025-09-11 22:09:54+00:00
https://www.youtube.com/watch?v=2JwFDAE9vpE,Potatoesareyum,Loxodont,TheCorndogLover,Loxodont,"Trey's Trashcan Aug 26th, 2025",,2025-09-11 22:09:54+00:00
https://www.youtube.com/watch?v=5rmOby2rxw0,Wisp,Maypul,Always,Ranno,"Trey's Trashcan Aug 26th, 2025",,2025-09-11 22:09:54+00:00
https://www.youtube.com/watch?v=7Gp0pOtSOQ4,Always,Ranno,Potatoesareyum,Loxodont,"Trey's Trashcan Aug 26th, 2025",Winners Finals,2025-09-11 22:09:54+00:00
https://www.youtube.com/watch?v=GQdIMrRvuUQ,Nevereatcars,Maypul,Beedrill,Fleet,"Trey's Trashcan Aug 26th, 2025",,2025-09-11 22:09:54+00:00
https://www.youtube.com/watch?v=LzGShGHh7BA,Sacto Style,Kragg,Milkwaffles,Clairen,"Trey's Trashcan Aug 26th, 2025",,2025-09-11 22:09:54+00:00
https://www.youtube.com/watch?v=VlVn4O65Wec,PotatoesAreYum,Loxodont,TheCorndogLover,Loxodont,"Trey's Trashcan Aug 26th, 2025",Losers Finals,2025-09-11 22:09:54+00:00
https://www.youtube.com/watch?v=sNbhnfEqx9A,PotatoesAreYum,Loxodont,Always,Ranno,"Trey's Trashcan Aug 26th, 2025",Grand Finals,2025-09-11 22:09:54+00:00
https://www.youtube.com/watch?v=A81YD_50zBA,GDL,Kragg,Fray,Wrastor,Kings of Hali #8,,2025-09-12 07:48:47+00:00
https://www.youtube.com/watch?v=-ldNjYdUwc0,Moju,Zetterburn,M1das,Ranno,Kings of Hali #8,,2025-09-12 07:48:47+00:00
https://www.youtube.com/watch?v=9Iu9cJnPFiY,Moju,Zetterburn,SolarFlare,Loxodont,Kings of Hali #8,,2025-09-12 07:48:47+00:00
https://www.youtube.com/watch?v=d5jMVfXUG90,Bogmire,Loxodont,SolarFlare,Loxodont,Kings of Hali #8,Top 8,2025-09-12 07:48:47+00:00
https://www.youtube.com/watch?v=BbtIVJBezAw,Bogmire,Loxodont,SaintHeavens,Etalus,Kings of Hali #8,Losers Semis,2025-09-12 07:48:47+00:00
https://www.youtube.com/watch?v=8JAIDV3bELo,GDL,Kragg,Bop GOT EM,Etalus,Kings of Hali #8,Winners Finals,2025-09-12 07:48:47+00:00
https://www.youtube.com/watch?v=Q4Pl8gHdKJ4,Bogmire,Loxodont,GDL,Kragg,Kings of Hali #8,Losers Finals,2025-09-12 07:48:47+00:00
https://www.youtube.com/watch?v=HUkMoK263z4,Bop GOT EM,Etalus,GDL,Kragg,Kings of Hali #8,Grand Finals,2025-09-12 07:48:47+00:00
https://www.youtube.com/watch?v=zJavHzigWVY,JollyRoger,Clairen,Emerald_87,Zetterburn,R2AS #19,Top 8 Winners Semis,2025-09-13 16:21:39+00:00
https://www.youtube.com/watch?v=UUhfGH_HZE0,hobby,Kragg,Sophie-meister,Loxodont,R2AS #19,Top 8 Winners Semis,2025-09-13 16:21:50+00:00
https://www.youtube.com/watch?v=Lf905X5FQPY,Mrperson,Fleet,The Glue,Loxodont,R2AS #19,Losers Top 8,2025-09-13 16:24:16+00:00
https://www.youtube.com/watch?v=F4H870FgBQg,Sophie-meister,Loxodont,Brodie,Zetterburn,R2AS #19,Top 8 Losers Quarters,2025-09-13 16:25:03+00:00
https://www.youtube.com/watch?v=yHF3cQt2Res,Mrperson,Fleet,JollyRoger,Clairen,R2AS #19,Top 8 Losers Quarters,2025-09-13 16:26:40+00:00
https://www.youtube.com/watch?v=hW2Mx547-Ho,hobby,Kragg,JollyRoger,Clairen,R2AS #19,Top 8 Losers Finals,2025-09-13 16:27:10+00:00
https://www.youtube.com/watch?v=xNbSZnU2F-g,hobby,Kragg,Emerald_87,Zetterburn,R2AS #19,Top 8 Winners Finals,2025-09-13 16:27:32+00:00
https://www.youtube.com/watch?v=v-3SozfeZu4,Brodie,Zetterburn,JollyRoger,Clairen,R2AS #19,Top 8 Losers Semis,2025-09-13 16:27:43+00:00
https://www.youtube.com/watch?v=5pUQ4Y0AFTo,Chippy,Clairen,Seo_MF,Absa,Floorhug #2,Round 1,2025-09-14 20:20:06+00:00
https://www.youtube.com/watch?v=B3j46aqfBho,Sawstep,Fleet,Seo_MF,Absa,Floorhug #2,Round 2,2025-09-14 20:25:50+00:00
https://www.youtube.com/watch?v=MlXPEb6L_kQ,Sawstep,Fleet,ianology,Olympia,Floorhug #2,Winners Semifinals,2025-09-14 20:26:35+00:00
https://www.youtube.com/watch?v=_ZYCqzgUtvE,EC | Domnique,Zetterburn,Clem!!,Absa,Floorhug #2,Winners Semifinals,2025-09-14 20:26:56+00:00
https://www.youtube.com/watch?v=NLKZAJkHpd4,EC | Domnique,Zetterburn,Sawstep,Fleet,Floorhug #2,Winners Finals,2025-09-14 20:27:31+00:00
https://www.youtube.com/watch?v=lH2-F8TkCJE,Clem!!,Absa,ianology,Olympia,Floorhug #2,Losers Semifinals,2025-09-14 20:27:57+00:00
https://www.youtube.com/watch?v=Zi_lp4oDf3U,EC | Domnique,Zetterburn,ianology,Olympia,Floorhug #2,Losers Finals,2025-09-14 20:28:19+00:00
https://www.youtube.com/watch?v=JlezwCMvXzU,EC | Domnique,Zetterburn,Sawstep,Fleet,Floorhug #2,Grand Finals,2025-09-14 20:28:45+00:00
https://www.youtube.com/watch?v=hWaxe4ErEy4,Sean Sorey,Clairen,Hunter,Absa,Run The Rivals #29,Winners Quarters,2025-09-16 02:49:14+00:00
https://www.youtube.com/watch?v=zcGBURhA-kw,Failbot,Clairen,Franzwa,Etalus,Run The Rivals #29,Winners Semis,2025-09-16 02:50:20+00:00
https://www.youtube.com/watch?v=6d3JEvvE7cs,Landon,Clairen,Sean Sorey,Clairen,Run The Rivals #29,Winners Semis,2025-09-16 02:50:55+00:00
https://www.youtube.com/watch?v=LPyW14_PjXw,Failbot,Clairen,Hunter,Zetterburn,Run The Rivals #29,Losers Quarters,2025-09-16 02:51:17+00:00
https://www.youtube.com/watch?v=fLQL_9EyjFQ,Sean Sorey,Fleet,The Football,Clairen,Run The Rivals #29,LQF,2025-09-16 02:51:52+00:00
https://www.youtube.com/watch?v=sp3N8kxIjBA,Landon,Clairen,Franzwa,Etalus,Run The Rivals #29,Winners Finals,2025-09-16 02:52:22+00:00
https://www.youtube.com/watch?v=KvMSB5x31c0,Sean Sorey,Clairen,Failbot,Clairen,Run The Rivals #29,Losers Semis,2025-09-16 02:52:51+00:00
https://www.youtube.com/watch?v=Vkzi5tagfIQ,Franzwa,Etalus,Failbot,Clairen,Run The Rivals #29,Losers Finals,2025-09-16 02:54:01+00:00
https://www.youtube.com/watch?v=fibzHS_E0kI,Franzwa,Forsburn,The Football,Kragg,Run The Rivals #29,Winners Quarters,2025-09-16 02:54:21+00:00
https://www.youtube.com/watch?v=FwxxNJyJBbw,Landon,Clairen,Failbot,Clairen,Run The Rivals #29,Grand Finals,2025-09-16 02:55:12+00:00
https://www.youtube.com/watch?v=7-xLKeQ6NkI,Deltaforce,Random,Yeast,Random,Fusion # 266,Grand Finals,2025-09-16 22:15:50+00:00
https://www.youtube.com/watch?v=mfZ2x1PZe9M,Arbar,Maypul,ListlessJKO,Ranno,Duke It Out #3,Winners Finals,2025-09-16 22:59:42+00:00
https://www.youtube.com/watch?v=kKho0hWarW8,Aryeh,Zetterburn,ListlessJKO,Ranno,Duke It Out #3,Winners Semis,2025-09-16 22:59:42+00:00
https://www.youtube.com/watch?v=b4JHe33l10k,ListlessJKO,Ranno,MIZE,Etalus,Duke It Out #3,Winners Round 2,2025-09-16 22:59:42+00:00
https://www.youtube.com/watch?v=csvqq1qXqMU,ListlessJKO,Loxodont,Pyronic,Etalus,Duke It Out #3,Losers Finals,2025-09-16 22:59:42+00:00
https://www.youtube.com/watch?v=UqMcM9EJoIM,Pyronic,Etalus,Morley,Zetterburn,Duke It Out #3,Losers Semis,2025-09-16 22:59:42+00:00
https://www.youtube.com/watch?v=VybTCvmDzJo,Difference,Maypul,Kingknight,Kragg,Duke It Out #3,Winners Round 1,2025-09-16 22:59:42+00:00
https://www.youtube.com/watch?v=I2NaIOUjVFE,Difference,Maypul,Morley,Zetterburn,Duke It Out #3,Losers Round 2,2025-09-16 22:59:42+00:00
https://www.youtube.com/watch?v=XEFMdF7fqGg,Arbar,Maypul,Pyronic,Etalus,Duke It Out #3,Winners Semis,2025-09-16 22:59:42+00:00
https://www.youtube.com/watch?v=DPXgm4EQdPI,Arbar,Maypul,Pyronic,Etalus,Duke It Out #3,Grand Finals,2025-09-16 22:59:42+00:00
https://www.youtube.com/watch?v=auW_WMKPc4U,Mize,Etalus,KingKnight,Kragg,Duke It Out #3,Losers Round 1,2025-09-16 22:59:42+00:00
https://www.youtube.com/watch?v=OIAGcvMHDLA,JohnWick3,Forsburn,Spicy,Ranno,Cream City Convergence 2025,Losers Top 8,2025-09-17 18:38:57+00:00
https://www.youtube.com/watch?v=XvUek4lFOd4,Kendrick,Ranno,KilogramHours,Loxodont,Cream City Convergence 2025,Losers Top 8,2025-09-17 18:39:38+00:00
https://www.youtube.com/watch?v=x-pqt9_7Q9w,Ravenking,Wrastor,Landon,Clairen,Cream City Convergence 2025,Winners Semifinals,2025-09-17 18:40:17+00:00
https://www.youtube.com/watch?v=QZpYsXwSmIo,Frosty,Kragg,Seggo,Olympia,Cream City Convergence 2025,Winners Semifinals,2025-09-17 18:41:02+00:00
https://www.youtube.com/watch?v=r1cFX5Di2mE,Ravenking,Wrastor,JohnWick3,Ranno,Cream City Convergence 2025,Losers Quarters,2025-09-17 18:42:14+00:00
https://www.youtube.com/watch?v=wqegbnOsIhc,Ravenking,Wrastor,Kendrick,Ranno,Cream City Convergence 2025,Losers Semifinals,2025-09-17 18:42:41+00:00
https://www.youtube.com/watch?v=R2LL7kiLsXc,Landon,Clairen,Ravenking,Wrastor,Cream City Convergence 2025,Losers Finals,2025-09-17 18:43:31+00:00
https://www.youtube.com/watch?v=zHoHUpVTJ80,Seggo,Olympia,Landon,Clairen,Cream City Convergence 2025,Winners Finals,2025-09-17 18:44:16+00:00
https://www.youtube.com/watch?v=yOoDi1HQ8CY,Seggo,Olympia,Ravenking,Wrastor,Cream City Convergence 2025,Grand Finals,2025-09-17 18:44:48+00:00
https://www.youtube.com/watch?v=fY5q1Inm6So,SeggoAhmet,Etalus,Watermint,Kragg,Double Dunk #46,Bracket,2025-09-18 01:50:54+00:00
https://www.youtube.com/watch?v=Kqzfe1b1Rgw,SeggoAhmet,Fleet,Watermint,Kragg,Double Dunk #46,Bracket,2025-09-18 01:51:48+00:00
https://www.youtube.com/watch?v=-lgMJZWGaY0,Watermint,Kragg,DWD | KindaCupid,Ranno,Double Dunk #46,Top 8,2025-09-18 01:53:22+00:00
https://www.youtube.com/watch?v=Bjn4ClIhcoY,Ubergronk,Maypul,SoulCombo,Orcane,Double Dunk #46,Top 8,2025-09-18 01:53:29+00:00
https://www.youtube.com/watch?v=y4ydR8_5Zpk,Dream,Fleet,Brain,Loxodont,Double Dunk #46,Bracket,2025-09-18 01:54:29+00:00
https://www.youtube.com/watch?v=7XlVSC3Cetc,nard,Clairen,Archangel,Clairen,Collision 2025,Top 16,2025-09-18 02:03:39+00:00
https://www.youtube.com/watch?v=Zs3Lg67h1Js,Lord,Etalus,JuanSolo,Loxodont,R2AS #20,Top 8 Winners Quarters,2025-09-18 03:42:19+00:00
https://www.youtube.com/watch?v=WYSFcIdxndg,hobby,Kragg,Nck,Clairen,R2AS #20,Top 8 Winners Semis,2025-09-18 03:43:35+00:00
https://www.youtube.com/watch?v=KMdbiKvUU4Q,Triforce!,Forsburn,JuanSolo,Loxodont,R2AS #20,Top 8 Winners Semis,2025-09-18 03:44:04+00:00
https://www.youtube.com/watch?v=7WtbRIGClQM,Triforce!,Forsburn,hobby,Kragg,R2AS #20,Top 8 Winners Finals,2025-09-18 03:45:08+00:00
https://www.youtube.com/watch?v=q1UVlEy6vko,JuanSolo,Loxodont,Lord,Etalus,R2AS #20,Top 8 Losers Semis,2025-09-18 03:46:05+00:00
https://www.youtube.com/watch?v=gYzVM4hdaao,Lord,Etalus,Nck,Clairen,R2AS #20,Top 8 Losers Quarters,2025-09-18 03:46:14+00:00
https://www.youtube.com/watch?v=eU4ezAeaBlo,hobby,Kragg,Lord,Etalus,R2AS #20,Top 8 Losers Finals,2025-09-18 03:47:14+00:00
https://www.youtube.com/watch?v=NbbX3IATtBY,Watherum,Ranno,BGunn,Olympia,Immortal Fight Night #242,Wnrs Qrts,2025-09-18 20:02:43+00:00
https://www.youtube.com/watch?v=kmj0hEluWig,Bowler,Clairen,Average Alex,Ranno,Immortal Fight Night,242 Wnrs Final,2025-09-18 20:02:49+00:00
https://www.youtube.com/watch?v=NzymqZD7Q_Y,ybm,Wrastor,Bowler,Clairen,Immortal Fight Night #242,Lsrs Final,2025-09-18 20:02:53+00:00
https://www.youtube.com/watch?v=y7OsUUtTB9U,Average Alex,Zetterburn,Bowler,Clairen,Immortal Fight Night #242,Grand Final,2025-09-18 20:02:55+00:00
https://www.youtube.com/watch?v=BEfZjm8AZSQ,The Reek,Loxodont,Nck,Clairen,R2AS #21,Winners Quarters,2025-09-18 22:17:25+00:00
https://www.youtube.com/watch?v=RgCfodOTelM,Nck,Clairen,Advers_Event,Fleet,R2AS #21,Top 8 Winners Semis,2025-09-18 22:18:48+00:00
https://www.youtube.com/watch?v=f9pQ9Lz9n4E,Lord,Etalus,Env3lop,Wrastor,R2AS #21,Top 8 Winners Semis,2025-09-18 22:19:22+00:00
https://www.youtube.com/watch?v=-DX2oO3Cv-Q,Nck,Clairen,Env3lop,Wrastor,R2AS #21,Top 8 Winners Finals,2025-09-18 22:21:04+00:00
https://www.youtube.com/watch?v=PlfMlj0jQnY,mr.oat0156,Zetterburn,Lord,Etalus,R2AS #21,Top 8 Losers Semis,2025-09-18 22:21:34+00:00
https://www.youtube.com/watch?v=sIfWQ9mQIJ4,Nck,Clairen,Lord,Etalus,R2AS #21,Top 8 Losers Finals,2025-09-18 22:22:40+00:00
https://www.youtube.com/watch?v=_AazBnFo0-A,Lord,Etalus,The Reek,Loxodont,R2AS #21,Top 8 Losers Quarters,2025-09-18 22:22:48+00:00
https://www.youtube.com/watch?v=un7RBSqzeVQ,Suture,Ranno,BGunn,Olympia,Straight Into The Abyss #23,Wnrs Qrts,2025-09-19 21:09:59+00:00
https://www.youtube.com/watch?v=Qv0NKFRnKTs,Drewsephix,Absa,UniTy,Absa,Straight Into The Abyss #23,Wnrs Semi,2025-09-19 21:10:01+00:00
https://www.youtube.com/watch?v=wFmdZKN41do,Average Alex,Ranno,BGunn,Olympia,Straight Into The Abyss #23,Wnrs Semi,2025-09-19 21:10:03+00:00
https://www.youtube.com/watch?v=wIk00s9pA5w,Drewsephix,Absa,BGunn,Olympia,Straight Into The Abyss #23,Wnrs Final,2025-09-19 21:10:05+00:00
https://www.youtube.com/watch?v=_pUGYY_oXhA,Average Alex,Clairen,Drewsephix,Orcane,Straight Into The Abyss #23,Lsrs Final,2025-09-19 21:10:09+00:00
https://www.youtube.com/watch?v=1jE5Koyqoas,Nushinator,Kragg,VCent,Maypul,Chef&#39;s Choice #14,Winners Quarters,2025-09-20 14:00:02+00:00
https://www.youtube.com/watch?v=ydk7_riW2nU,Takkun,Absa,ScootDotMetro,Olympia,Chef&#39;s Choice #14,Winners Quarters,2025-09-20 14:15:11+00:00
https://www.youtube.com/watch?v=RnUeO-OUZq8,Iggy Ontario,Loxodont,stellice,Fleet,Chef&#39;s Choice #14,Winners Quarters,2025-09-20 14:30:22+00:00
https://www.youtube.com/watch?v=dDpFzKxEU5Y,OhNo | Gorklax,Clairen,Dougsauce,Orcane,Chef&#39;s Choice #14,Winners Quarters,2025-09-20 14:45:05+00:00
https://www.youtube.com/watch?v=j8JI9ZPRBHo,Takkun,Fleet,VCent,Maypul,Chef&#39;s Choice #14,Winners Semis,2025-09-20 15:01:22+00:00
https://www.youtube.com/watch?v=i6N9MRdjqVk,OhNo | Gorklax,Clairen,stellice,Fleet,Chef&#39;s Choice #14,Winners Semis,2025-09-20 15:15:10+00:00
https://www.youtube.com/watch?v=KfS51Zc-1g8,VCent,Maypul,OhNo | Gorklax,Clairen,Chef&#39;s Choice #14,Winners Final,2025-09-20 15:30:08+00:00
https://www.youtube.com/watch?v=TbF5rH7GMK4,Takkun,Absa,stellice,Fleet,Chef&#39;s Choice #14,Losers Semis,2025-09-20 15:45:06+00:00
https://www.youtube.com/watch?v=Lsnx35cJdYQ,OhNo | Gorklax,Clairen,Takkun,Absa,Chef&#39;s Choice #14,Losers Final,2025-09-20 16:00:37+00:00
https://www.youtube.com/watch?v=42pm74M8KFA,VCent,Maypul,Takkun,Absa,Chef&#39;s Choice #14,Grand Final,2025-09-20 16:15:00+00:00
https://www.youtube.com/watch?v=AaXzbQN8AeQ,Lord Bagel,Etalus,PK Lemon,Fleet,The Mosh Pit 2025,Winners Round 2,2025-09-20 21:36:41+00:00
https://www.youtube.com/watch?v=WXeJdf7fkTU,Cou,Kragg,Stickless,Kragg,The Mosh Pit 2025,Winners Round 1,2025-09-20 21:36:41+00:00
https://www.youtube.com/watch?v=DERgXG0ce_Q,Mister-Wizz,Clairen,McDuckerz,Ranno,The Mosh Pit 2025,Winners Round 2,2025-09-20 21:36:41+00:00
https://www.youtube.com/watch?v=mBZQvxRp1B0,Pixie Gangstereo,Wrastor,Omega Raider,Olympia,The Mosh Pit 2025,Winners Quarter-Final,2025-09-20 21:36:41+00:00
https://www.youtube.com/watch?v=SvFEKgL7F98,SPIRAL,Etalus,McDuckerz,Ranno,The Mosh Pit 2025,Winners Quarter-Final,2025-09-20 21:36:41+00:00
https://www.youtube.com/watch?v=i5xorSrKZJE,Remrin,Orcane,Turnap,Ranno,The Mosh Pit 2025,Winners Semi-Final,2025-09-20 21:36:41+00:00
https://www.youtube.com/watch?v=llhlXnFsmN4,Pixie Gangstereo,Wrastor,McDuckerz,Ranno,The Mosh Pit 2025,Winners Semi-Final,2025-09-20 21:36:41+00:00
https://www.youtube.com/watch?v=9VTgC9cxOFg,Remrin,Orcane,McDuckerz,Ranno,The Mosh Pit 2025,Winners Final,2025-09-20 21:36:41+00:00
https://www.youtube.com/watch?v=0NSgzX8OK7I,Rolly,Absa,SPIRAL,Etalus,The Mosh Pit 2025,Losers Round 4,2025-09-20 21:36:41+00:00
https://www.youtube.com/watch?v=NhOdvQDNdYo,alfoam,Loxodont,Pixie Gangstereo,Wrastor,The Mosh Pit 2025,Losers Quarter-Final,2025-09-20 21:36:41+00:00
https://www.youtube.com/watch?v=0dPYKYdlP8M,SPIRAL,Etalus,Turnap,Ranno,The Mosh Pit 2025,Losers Quarter-Final,2025-09-20 21:36:41+00:00
https://www.youtube.com/watch?v=WZUHC2BbRHY,alfoam,Loxodont,Turnap,Ranno,The Mosh Pit 2025,Losers Semi-Final,2025-09-20 21:36:41+00:00
https://www.youtube.com/watch?v=lIIj0pc-fCA,alfoam,Loxodont,McDuckerz,Ranno,The Mosh Pit 2025,Losers Final,2025-09-20 21:36:41+00:00
https://www.youtube.com/watch?v=I_PZx0Q2HwM,Remrin,Orcane,McDuckerz,Ranno,The Mosh Pit 2025,Grand Final,2025-09-20 21:36:41+00:00
https://www.youtube.com/watch?v=FF_BT_0szTc,SeggoAhmet,Olympia,RFDP | Kendrick,Ranno,Triple Dunk #7,Bracket,2025-09-21 00:40:01+00:00
https://www.youtube.com/watch?v=nElU0Se-gSo,RFDP | Kendrick,Ranno,Air | Juno,Absa,Triple Dunk #7,Bracket,2025-09-21 00:41:09+00:00
https://www.youtube.com/watch?v=a0gCqYQjwtM,Aura | Johnwick3,Clairen,Watermint,Kragg,Triple Dunk #7,Bracket,2025-09-21 00:41:25+00:00
https://www.youtube.com/watch?v=nD6bIThWiZw,Air | Juno,Absa,POLITUDE*ARTS | Politude,Clairen,Triple Dunk #7,Bracket,2025-09-21 00:42:49+00:00
https://www.youtube.com/watch?v=IYa4ZHCF3Ro,Ubergronk,Maypul,POLITUDE*ARTS | Politude,Clairen,Triple Dunk #7,Top 8,2025-09-21 00:43:36+00:00
https://www.youtube.com/watch?v=L4p1aj0-2Rg,Watermint,Kragg,Air | Juno,Absa,Triple Dunk #7,Bracket,2025-09-21 00:44:23+00:00
https://www.youtube.com/watch?v=zR1ZG-c329k,Aura | Johnwick3,Clairen,Ubergronk,Maypul,Triple Dunk #7,Top 12,2025-09-21 00:45:24+00:00
https://www.youtube.com/watch?v=3AwWCUMXwKk,Dream,Fleet,Gooshi | Veil,Absa,Triple Dunk #7,Top 16,2025-09-21 00:46:20+00:00
https://www.youtube.com/watch?v=TFpE_l2DXX4,SeggoAhmet,Olympia,RFDP | Kendrick,Ranno,Triple Dunk #7,Bracket,2025-09-21 00:47:12+00:00
https://www.youtube.com/watch?v=Ab9uva4zMzg,Watermint,Kragg,Air | Juno,Absa,Triple Dunk #7,Top 12,2025-09-21 00:48:10+00:00
https://www.youtube.com/watch?v=pi1k4Xurb8Y,RFDP | Kendrick,Ranno,Aura | Johnwick3,Clairen,Triple Dunk #7,Bracket,2025-09-21 00:49:04+00:00
https://www.youtube.com/watch?v=Mq3cHNSvaQA,SeggoAhmet,Olympia,Air | Juno,Absa,Triple Dunk #7,Bracket,2025-09-21 00:49:45+00:00
https://www.youtube.com/watch?v=2j3vcNj_XOI,Desultima,Clairen,666blaziken,Olympia,Runway Rivals September 2025,,2025-09-21 21:53:06+00:00
https://www.youtube.com/watch?v=jGnc22TUdk4,Xerox,Maypul,666blaziken,Olympia,Runway Rivals September 2025,,2025-09-21 21:54:34+00:00
https://www.youtube.com/watch?v=GhHO8R_i80Y,Desultima,Clairen,Dauzen,Ranno,Runway Rivals September 2025,,2025-09-21 22:02:20+00:00
https://www.youtube.com/watch?v=1Z7O_bOkLfM,Desultima,Clairen,Velouria,Absa,Runway Rivals September 2025,,2025-09-21 22:06:06+00:00
https://www.youtube.com/watch?v=Mv9ZBI_PiEM,Desultima,Clairen,XuperBryan,Orcane,Runway Rivals September 2025,,2025-09-21 22:07:03+00:00
https://www.youtube.com/watch?v=9xkJIncDNMs,Jake3,Orcane,Velouria,Absa,Runway Rivals September 2025,,2025-09-21 22:08:41+00:00
https://www.youtube.com/watch?v=0UBQP2e9Woc,Velouria,Absa,666blaziken,Olympia,Runway Rivals September 2025,,2025-09-21 22:11:08+00:00
https://www.youtube.com/watch?v=RhvJFMFQC7w,Xerox,Clairen,Desultima,Clairen,Runway Rivals September 2025,,2025-09-21 22:47:44+00:00
https://www.youtube.com/watch?v=YjpO9Zst4Tw,Emerald_87,Zetterburn,MajinMiku,Olympia,The Great SoCal Melting Pot 11,Winners Round 2,2025-09-22 15:01:17+00:00
https://www.youtube.com/watch?v=-1uP-cJoiaU,T-Rex,Loxodont,Potatoes,Loxodont,The Great SoCal Melting Pot 11,Winners Quarters,2025-09-22 15:02:48+00:00
https://www.youtube.com/watch?v=4_dSwOACBnQ,sly,Clairen,Potatoes,Loxodont,The Great SoCal Melting Pot 11,Winners Semis,2025-09-22 15:04:44+00:00
https://www.youtube.com/watch?v=J-WFycUgIIc,Seelder,Fleet,T-Rex,Loxodont,The Great SoCal Melting Pot 11,Losers Quarters,2025-09-22 15:05:18+00:00
https://www.youtube.com/watch?v=VxIfuXs_vZ8,darai,Ranno,Seelder,Fleet,The Great SoCal Melting Pot 11,Winners Semis,2025-09-22 15:05:18+00:00
https://www.youtube.com/watch?v=WQgiaW0arE8,sly,Clairen,Potatoes,Loxodont,The Great SoCal Melting Pot 11,Losers Finals,2025-09-22 15:19:36+00:00
https://www.youtube.com/watch?v=YF4FujcZYBU,sly,Clairen,Seelder,Fleet,The Great SoCal Melting Pot 11,Losers Semis,2025-09-22 15:19:47+00:00
https://www.youtube.com/watch?v=EGUfR8NUQHA,darai,Ranno,Potatoes,Loxodont,The Great SoCal Melting Pot 11,Winners Finals,2025-09-22 15:20:04+00:00
https://www.youtube.com/watch?v=pfnWMvMWKVo,darai,Ranno,Seelder,Fleet,Ocean Breeze August 2025,Grand Finals,2025-09-22 15:32:27+00:00
https://www.youtube.com/watch?v=C-bJ9yYDy4o,Seelder,Fleet,Nothigh,Loxodont,Ocean Breeze August 2025,Losers Finals,2025-09-22 15:32:27+00:00
https://www.youtube.com/watch?v=URZ4dMH38FI,Seelder,Fleet,MajinMiku,Orcane,Ocean Breeze August 2025,Losers Semis,2025-09-22 15:32:27+00:00
https://www.youtube.com/watch?v=WYryuC_nhe8,darai,Ranno,Nothigh,Loxodont,Ocean Breeze August 2025,Winners Finals,2025-09-22 15:32:27+00:00
https://www.youtube.com/watch?v=eoi0nbv91ug,Emerald_87,Zetterburn,MajinMiku,Olympia,Ocean Breeze August 2025,Losers Quarters,2025-09-22 15:32:27+00:00
https://www.youtube.com/watch?v=Zsms0En_ZhE,darai,Ranno,Emerald_87,Zetterburn,Ocean Breeze August 2025,Winners Semis,2025-09-22 15:32:27+00:00
https://www.youtube.com/watch?v=KazwjOqEK7U,Nothigh,Loxodont,Seelder,Fleet,Ocean Breeze August 2025,Winners Semis,2025-09-22 15:32:27+00:00
https://www.youtube.com/watch?v=yqju-elB1JQ,Orbital,Kragg,MajinMiku,Orcane,Ocean Breeze August 2025,Losers Top 8,2025-09-22 15:32:27+00:00
https://www.youtube.com/watch?v=ypM87ckTGfY,darai,Ranno,C.Robin,Loxodont,Ocean Breeze August 2025,Winners Round 2,2025-09-22 15:32:27+00:00
https://www.youtube.com/watch?v=_0Y1QAcDCTk,Nothigh,Loxodont,MajinMiku,Orcane,Ocean Breeze August 2025,Winners Round 2,2025-09-22 15:32:27+00:00
https://www.youtube.com/watch?v=7WEbpLlOAMc,Orbital,Kragg,JuanSolo,Loxodont,Ocean Breeze August 2025,Winners Round 1,2025-09-22 15:32:27+00:00
https://www.youtube.com/watch?v=HlimRLDd2oU,Emerald_87,Zetterburn,Ahntye,Fleet,Ocean Breeze August 2025,Winners Round 1,2025-09-22 15:32:27+00:00
https://www.youtube.com/watch?v=W-oR7yUkAHs,Brilliant,Fleet,Joule Thief,Fleet,Ocean Breeze August 2025,Winners Round 1,2025-09-22 15:32:27+00:00
https://www.youtube.com/watch?v=B47icrnunrc,sly,Clairen,darai,Ranno,The Great SoCal Melting Pot 11,Grand Finals,2025-09-22 15:32:27+00:00
https://www.youtube.com/watch?v=AUFey-idL50,Superdog,Clairen,The Football,Olympia,Run The Rivals #30,Winners R1,2025-09-23 02:39:17+00:00
https://www.youtube.com/watch?v=RGgIeluxElY,Franzwa,Etalus,Sean Sorey,Clairen,Run The Rivals #30,Winners Quarters,2025-09-23 02:39:17+00:00
https://www.youtube.com/watch?v=4vwxmGKEINU,Veka,Clairen,Landon,Clairen,Run The Rivals #30,Winners Finals,2025-09-23 02:39:17+00:00
https://www.youtube.com/watch?v=dom2POR7CSg,Sean Sorey,Clairen,Failbot,Clairen,Run The Rivals #30,Losers Semis,2025-09-23 02:39:17+00:00
https://www.youtube.com/watch?v=isEpX8O_A98,Failbot,Clairen,Landon,Clairen,Run The Rivals #30,Losers Finals,2025-09-23 02:39:17+00:00
https://www.youtube.com/watch?v=5XbGLIBXdIM,sans.,Loxodont,Sean Sorey,Clairen,Run The Rivals #30,Losers Quarters,2025-09-23 02:39:17+00:00
https://www.youtube.com/watch?v=QaZhkvdMCjQ,Landon,Clairen,sans.,Loxodont,Run The Rivals #30,Winners Semis,2025-09-23 02:39:17+00:00
https://www.youtube.com/watch?v=U38mXqcZeFk,Veka,Clairen,Landon,Clairen,Run The Rivals #30,Grand Finals,2025-09-23 02:39:17+00:00
https://www.youtube.com/watch?v=GV1Vc4I2fXw,Veka,Clairen,Franzwa,Etalus,Run The Rivals #30,Winners Semis,2025-09-23 02:39:17+00:00
https://www.youtube.com/watch?v=LjCrUmleAB0,Landon,Clairen,Hunter,Zetterburn,Run The Rivals #30,Winners Quarters,2025-09-23 02:39:17+00:00
https://www.youtube.com/watch?v=OUnwgA0tT9o,Reaper,Kragg,BGunn,Olympia,Immortal Fight Night #243 Rnd Robin,,2025-09-23 15:47:40+00:00
https://www.youtube.com/watch?v=b7SpLTaMAHc,Frostbite,Zetterburn,ybm,Wrastor,Immortal Fight Night #243 Rnd Robin,,2025-09-23 15:47:42+00:00
https://www.youtube.com/watch?v=6r1mGTS1jKk,Watherum,Ranno,Reaper,Etalus,Immortal Fight Night #243 Rnd Robin,,2025-09-23 15:47:44+00:00
https://www.youtube.com/watch?v=HYVxdAyXodo,ybm,Wrastor,Reaper,Kragg,Immortal Fight Night #243 Rnd Robin,,2025-09-23 15:47:50+00:00
https://www.youtube.com/watch?v=jL3XGWKsRcg,Ubergronk,Maypul,SoulCombo,Orcane,Double Dunk #47,,2025-09-26 00:35:28+00:00
https://www.youtube.com/watch?v=HfjfgpKKJoA,Dream,Fleet,Kendrick,Ranno,Double Dunk #47,,2025-09-26 00:42:03+00:00
https://www.youtube.com/watch?v=CTgMTOpsNuI,Juno,Absa,Ubergronk,Maypul,Double Dunk #47,,2025-09-26 01:06:32+00:00
https://www.youtube.com/watch?v=-wWrnFicoAw,Dream,Fleet,SoulCombo,Orcane,Double Dunk #47,,2025-09-26 01:19:33+00:00
https://www.youtube.com/watch?v=qIZasPXHoxo,Juno,Absa,Kendrick,Ranno,Double Dunk #47,,2025-09-26 01:31:41+00:00
https://www.youtube.com/watch?v=KtaLYpV7IiY,Dream,Fleet,Ubergronk,Maypul,Double Dunk #47,,2025-09-26 01:47:33+00:00
https://www.youtube.com/watch?v=3J7B9zreVyM,Dream,Fleet,Juno,Absa,Double Dunk #47,,2025-09-26 02:08:55+00:00
https://www.youtube.com/watch?v=kSAFWrUBpGU,Kendrick,Ranno,Juno,Absa,Double Dunk #47,,2025-09-26 02:11:38+00:00
https://www.youtube.com/watch?v=vCsvz1NkeY4,Lagiakai,Olympia,jorg,Olympia,KOTV 2025,Winners Round 3,2025-09-27 16:59:05+00:00
https://www.youtube.com/watch?v=uEOI-qJdoLM,Scarab,Kragg,Bucketfullabiscuits,Absa,KOTV 2025,Winners Round 2,2025-09-27 16:59:05+00:00
https://www.youtube.com/watch?v=y8tE6W1ZvO0,Quack,Ranno,Bucketfullabiscuits,Absa,KOTV 2025,Winners Round 3,2025-09-27 16:59:05+00:00
https://www.youtube.com/watch?v=nQcNP6DwqUg,Runa,Loxodont,Sandstorm,Olympia,KOTV 2025,Winners Round 3,2025-09-27 16:59:05+00:00
https://www.youtube.com/watch?v=h2WwJUIt-70,Archangel,Clairen,Quack,Ranno,KOTV 2025,Losers Top 8,2025-09-27 16:59:05+00:00
https://www.youtube.com/watch?v=fu0tSyFxMtc,Lucius,Ranno,Yoda Cage,Maypul,KOTV 2025,Winners Semis,2025-09-27 16:59:05+00:00
https://www.youtube.com/watch?v=fCyYDAjH4yA,Lucius,Ranno,Archangel,Clairen,KOTV 2025,Losers Quarters,2025-09-27 16:59:05+00:00
https://www.youtube.com/watch?v=maVb7Exh-Gk,Archangel,Clairen,Jackie Peanuts,Olympia,KOTV 2025,Winners Round 3,2025-09-27 16:59:05+00:00
https://www.youtube.com/watch?v=WlcJJYIcwX8,Lucius,Ranno,JM1-3,Olympia,KOTV 2025,Winners Round 3,2025-09-27 16:59:05+00:00
https://www.youtube.com/watch?v=te3-R3-Y-QA,Kraite,Wrastor,ZeusDahGoose,Kragg,KOTV 2025,Winners Round 3,2025-09-27 16:59:05+00:00
https://www.youtube.com/watch?v=W04yjm1HUv0,Scarab,Kragg,Jackie Peanuts,Olympia,KOTV 2025,Losers Round 3,2025-09-27 16:59:05+00:00
https://www.youtube.com/watch?v=qDWbHdNAklU,Lucius,Ranno,Sandstorm,Olympia,KOTV 2025,Losers Semis,2025-09-27 16:59:05+00:00
https://www.youtube.com/watch?v=lms7_Pw89Hk,toothbrush,Ranno,Ubl,Forsburn,KOTV 2025,Winners Round 3,2025-09-27 16:59:05+00:00
https://www.youtube.com/watch?v=U17RN6KzQRo,toothbrush,Ranno,Archangel,Clairen,KOTV 2025,Winners Quarters,2025-09-27 16:59:05+00:00
https://www.youtube.com/watch?v=BjK36hWZeKA,ZeusDahGoose,Kragg,Yoda Cage,Maypul,KOTV 2025,Winners Finals,2025-09-27 16:59:05+00:00
https://www.youtube.com/watch?v=3j6BLEKrTWw,Lagiakai,Olympia,Smatt16,Clairen,KOTV 2025,Winners Round 2,2025-09-27 16:59:05+00:00
https://www.youtube.com/watch?v=JRYITo3YR1w,Yoda Cage,Maypul,jorg,Olympia,KOTV 2025,Winners Quarters,2025-09-27 16:59:05+00:00
https://www.youtube.com/watch?v=P9Ark4eQXuE,Lucius,Ranno,Sandstorm,Olympia,KOTV 2025,Winners Quarters,2025-09-27 16:59:05+00:00
https://www.youtube.com/watch?v=VlpeEEmF7KQ,toothbrush,Ranno,ZeusDahGoose,Kragg,KOTV 2025,Winners Semis,2025-09-27 16:59:05+00:00
https://www.youtube.com/watch?v=JZZXJJhQOeQ,Yoda Cage,Maypul,Sandstorm,Olympia,KOTV 2025,Losers Finals,2025-09-27 16:59:05+00:00
https://www.youtube.com/watch?v=7oBJva50CR4,ZeusDahGoose,Kragg,Sandstorm,Olympia,KOTV 2025,Grand Finals,2025-09-27 16:59:05+00:00
https://www.youtube.com/watch?v=QTQItWVnWB4,DMGZaya,Kragg,Donut,Fleet,KOTV 2025,Winners Round 1,2025-09-27 16:59:05+00:00
https://www.youtube.com/watch?v=aHbFocVfMmc,Fox,Loxodont,Beastly,Zetterburn,Unc Frozen's Icebox 8,Grand Finals,2025-09-30 18:27:48+00:00
https://www.youtube.com/watch?v=cFyXcE6dLxQ,Entropy,Maypul,HelpfulMander,Kragg,Unc Frozen's Icebox 8,Winners Bracket,2025-09-30 18:29:19+00:00
https://www.youtube.com/watch?v=nbTCOn1jsbA,Jimbly,Etalus,Sirius,Clairen,Unc Frozen's Icebox 8,Winners Quarters,2025-09-30 18:30:03+00:00
https://www.youtube.com/watch?v=fPZkQUYb_Jw,Drays,Forsburn,Sunstruck,Olympia,Unc Frozen's Icebox 8,Winners Quarters,2025-09-30 18:31:26+00:00
https://www.youtube.com/watch?v=8Iuy_ZK2PP4,Entropy,Maypul,Frostfaxe,Loxodont,Unc Frozen's Icebox 8,Losers Bracket,2025-09-30 18:32:13+00:00
https://www.youtube.com/watch?v=vD9A2Wln-VY,Entropy,Maypul,Sirius,Clairen,Unc Frozen's Icebox 8,Losers Bracket,2025-09-30 18:32:44+00:00
https://www.youtube.com/watch?v=duTdsnHJqfg,Jimbly,Etalus,Sunstruck,Olympia,Unc Frozen's Icebox 8,Losers Quarters,2025-09-30 18:33:32+00:00
https://www.youtube.com/watch?v=tbOy4OvjDe0,Fox,Loxodont,Jimbly,Etalus,Unc Frozen's Icebox 8,Winners Semis,2025-09-30 18:34:06+00:00
https://www.youtube.com/watch?v=lLLCkSRANL4,DOWN | Drays Winters,Forsburn,Jimbly,Etalus,Unc Frozen's Icebox 8,Losers Semis,2025-09-30 18:37:37+00:00
https://www.youtube.com/watch?v=VMbuYG6dCgk,CF | Beastly,Zetterburn,Fox,Loxodont,Unc Frozen's Icebox 8,Winners Finals,2025-09-30 18:38:23+00:00
https://www.youtube.com/watch?v=KS908j9UMNc,Beastly,Zetterburn,Drays Winters,Forsburn,Unc Frozen's Icebox 8,Winners Semis,2025-09-30 18:39:44+00:00
https://www.youtube.com/watch?v=1Mvb1_NwgIQ,Fox,Loxodont,Jimbly,Etalus,Unc Frozen's Icebox 8,Losers Finals,2025-09-30 18:40:05+00:00
https://www.youtube.com/watch?v=ORASznP6cpc,Watherum,Ranno,BGunn,Olympia,Immortal Fight Night #244 Wnrs Qrts,,2025-09-30 23:29:11+00:00
https://www.youtube.com/watch?v=ahAbGy_x3-0,Average Alex,Zetterburn,Watherum,Ranno,Immortal Fight Night #244 Wnrs Semi,,2025-09-30 23:29:15+00:00
https://www.youtube.com/watch?v=9hfbHZ_Bza8,Bowler,Clairen,Average Alex,Kragg,Immortal Fight Night #244 Wnrs Final,,2025-09-30 23:29:17+00:00
https://www.youtube.com/watch?v=ayW4Pu-a434,Average Alex,Zetterburn,Bowler,Clairen,Immortal Fight Night #244 Grand Final,,2025-09-30 23:29:24+00:00
https://www.youtube.com/watch?v=HbkIDv_1xY0,Football,Kragg,Sean Sorey,Clairen,Run The Rivals #31,Round Robin,2025-10-01 02:06:38+00:00
https://www.youtube.com/watch?v=7Lspe46eJUY,Football,Kragg,Hunter,Zetterburn,Run The Rivals #31,Round Robin,2025-10-01 02:07:14+00:00
https://www.youtube.com/watch?v=6PUOzsGE2OM,Football,Kragg,Phug,Kragg,Run The Rivals #31,Round Robin,2025-10-01 02:07:57+00:00
https://www.youtube.com/watch?v=xJWuO42I7DM,Phug,Kragg,Hunter,Zetterburn,Run The Rivals #31,Round Robin,2025-10-01 02:08:55+00:00
https://www.youtube.com/watch?v=d2VrqsTAx6s,Phug,Kragg,Sean Sorey,Clairen,Run The Rivals #31,Round Robin,2025-10-01 02:09:38+00:00
https://www.youtube.com/watch?v=UC_k28ecnfY,Hunter,Maypul,Sean Sorey,Clairen,Run The Rivals #31,Round Robin,2025-10-01 02:10:02+00:00
https://www.youtube.com/watch?v=tgITmXubEHU,Goss,Absa,TheGamerPabu,Wrastor,Monthly of Aether #11 EU,Pools,2025-10-02 23:36:54+00:00
https://www.youtube.com/watch?v=NltavQPnz0w,fishingman57,Olympia,Mankinen,Zetterburn,Monthly of Aether #11 EU,Pools,2025-10-02 23:37:17+00:00
https://www.youtube.com/watch?v=2we69OUWWVg,alice,Ranno,Kingu,Clairen,Monthly of Aether #11 EU,Winners Quarterfinals,2025-10-02 23:37:47+00:00
https://www.youtube.com/watch?v=Cq6_l-ChtXQ,DonCascone,Loxodont,Sho,Zetterburn,Monthly of Aether #11 EU,Winners Quarterfinals,2025-10-02 23:38:17+00:00
https://www.youtube.com/watch?v=-IZHkz-kyBI,soulcinder,Orcane,Guthix,Kragg,Monthly of Aether #11 EU,Winners Quarterfinals,2025-10-02 23:38:39+00:00
https://www.youtube.com/watch?v=bZ9WLM1KxpA,Sho,Zetterburn,Genarog,Fleet,Monthly of Aether #11 EU,Winners Semifinals,2025-10-02 23:39:02+00:00
https://www.youtube.com/watch?v=8kfy_KoiTQY,Guthix,Kragg,Kingu,Clairen,Monthly of Aether #11 EU,Winners Semifinals,2025-10-02 23:39:30+00:00
https://www.youtube.com/watch?v=eoOyou2mNfk,Kingu,Clairen,Genarog,Fleet,Monthly of Aether #11 EU,Winners Finals,2025-10-02 23:40:02+00:00
https://www.youtube.com/watch?v=OZSYDyub4MY,Guthix,Kragg,Sho,Zetterburn,Monthly of Aether #11 EU,Losers Semifinals,2025-10-02 23:40:26+00:00
https://www.youtube.com/watch?v=Fkgv56R8u6Q,Guthix,Kragg,Genarog,Fleet,Monthly of Aether #11 EU,Losers Finals,2025-10-02 23:40:47+00:00
https://www.youtube.com/watch?v=0MMUiZjD3jw,Genarog,Loxodont,Kingu,Clairen,Monthly of Aether #11 EU,Grand Finals,2025-10-02 23:41:09+00:00
https://www.youtube.com/watch?v=zswEOQEmYLw,DirtbagCarlos,Loxodont,John Neutral,Clairen,Monthly of Aether #11,Pools,2025-10-02 23:42:55+00:00
https://www.youtube.com/watch?v=wkqA2Vr4AXc,DrLobster,Kragg,Potatoes,Loxodont,Monthly of Aether #11,Pools,2025-10-02 23:43:21+00:00
https://www.youtube.com/watch?v=9vsAj6p-HUs,Sparky,Maypul,Okzz,Loxodont,Monthly of Aether #11,Pools,2025-10-02 23:43:44+00:00
https://www.youtube.com/watch?v=jo4gV1wNWeg,darai,Ranno,Gekkingga,Loxodont,Monthly of Aether #11,Pools,2025-10-02 23:44:13+00:00
https://www.youtube.com/watch?v=WQd4c1tZs1Q,Shadowhawke,Absa,Ant,Absa,Monthly of Aether #11,Pools,2025-10-02 23:44:34+00:00
https://www.youtube.com/watch?v=OR-bvKsM2FM,Mr. Nice Guy,Forsburn,DrLobster,Kragg,Monthly of Aether #11,Winners Quarterfinals,2025-10-02 23:44:57+00:00
https://www.youtube.com/watch?v=pDJ4igyNEUs,Sophilo,Zetterburn,darai,Ranno,Monthly of Aether #11,Winners Quarterfinals,2025-10-02 23:45:35+00:00
https://www.youtube.com/watch?v=pR7Po8PGcIk,Mr. Nice Guy,Forsburn,Beastly,Zetterburn,Monthly of Aether #11,Winners Semifinals,2025-10-02 23:45:57+00:00
https://www.youtube.com/watch?v=Br27iPw3klA,darai,Ranno,Ant,Absa,Monthly of Aether #11,Winners Semifinals,2025-10-02 23:46:18+00:00
https://www.youtube.com/watch?v=fK__5KsR_c0,Beastly,Zetterburn,Ant,Absa,Monthly of Aether #11,Winners Finals,2025-10-02 23:46:36+00:00
https://www.youtube.com/watch?v=klDCwrVE2ek,Mr. Nice Guy,Forsburn,toothbrush,Zetterburn,Monthly of Aether #11,Losers Quarterfinals,2025-10-02 23:49:02+00:00
https://www.youtube.com/watch?v=EEoeeyBB_Vs,Mr. Nice Guy,Forsburn,darai,Ranno,Monthly of Aether #11,Losers Semifinals,2025-10-02 23:49:38+00:00
https://www.youtube.com/watch?v=fcHzcP-qU9g,Beastly,Zetterburn,Mr. Nice Guy,Forsburn,Monthly of Aether #11,Losers Finals,2025-10-02 23:50:00+00:00
https://www.youtube.com/watch?v=sibrcfVNHEw,Mr. Nice Guy,Forsburn,Ant,Absa,Monthly of Aether #11,Grand Finals,2025-10-02 23:50:19+00:00
https://www.youtube.com/watch?v=cWzVXBMJ7UY,Brain,Loxodont,Raze,Ranno,Double Dunk #48,Winners Semi-Final,2025-10-03 02:25:29+00:00
https://www.youtube.com/watch?v=IfMHqhyXgoY,Ubergronk,Maypul,Pinden,Etalus,Double Dunk #48,Winners Semi-Final,2025-10-03 02:28:38+00:00
https://www.youtube.com/watch?v=F1rSOzpdWZk,Ubergronk,Maypul,Raze,Ranno,Double Dunk #48,Winners Final,2025-10-03 02:30:08+00:00
https://www.youtube.com/watch?v=ifB1AxuLUAU,Pinden,Loxodont,Brain,Loxodont,Double Dunk #48,Losers Semi-Final,2025-10-03 02:31:39+00:00
https://www.youtube.com/watch?v=OQ6GVuztQOM,Raze,Ranno,Brain,Loxodont,Double Dunk #48,Losers Final,2025-10-03 02:32:27+00:00
https://www.youtube.com/watch?v=vxIg2nigHq8,Ubergronk,Maypul,Brain,Loxodont,Double Dunk #48,Grand Final,2025-10-03 02:33:14+00:00
https://www.youtube.com/watch?v=UT9QDms-9tk,AlastairBL,Clairen,Eggus,Loxodont,SXU 2025,Winners Quarters,2025-10-03 13:53:00+00:00
https://www.youtube.com/watch?v=P0nDzqhqPzk,AlastairBL,Clairen,timtam,Maypul,SXU 2025,Losers Finals,2025-10-03 13:54:44+00:00
https://www.youtube.com/watch?v=gPHYltUz6NU,AlastairBL,Clairen,timtam,Maypul,SXU 2025,Winners Semis,2025-10-03 13:56:44+00:00
https://www.youtube.com/watch?v=0wleWNGOVyQ,Eggus,Loxodont,YaMum,Kragg,SXU 2025,Losers Round 2,2025-10-03 14:14:30+00:00
https://www.youtube.com/watch?v=JmffNMHgusg,iDeeKay,Zetterburn,Eggus,Loxodont,SXU 2025,Losers Eighths,2025-10-03 14:21:55+00:00
https://www.youtube.com/watch?v=6jfJ9CP0tyw,iDeeKay,Zetterburn,mojobones,Absa,SXU 2025,Winners Round 1,2025-10-03 14:24:24+00:00
https://www.youtube.com/watch?v=cQeiPJ8AqdA,K-dawg,Clairen,dingdongkid,Olympia,SXU 2025,Winners Round 1,2025-10-03 14:29:56+00:00
https://www.youtube.com/watch?v=xvBoVQ7PktA,K-dawg,Clairen,mojobones,Absa,SXU 2025,Losers Eighths,2025-10-03 14:31:19+00:00
https://www.youtube.com/watch?v=_i9eTObAul8,K-dawg,Clairen,Unladen,Fleet,SXU 2025,Winners Quarters,2025-10-03 14:33:20+00:00
https://www.youtube.com/watch?v=Dd8inCEPPRs,timtam,Maypul,iDeeKay,Zetterburn,SXU 2025,Winners Quarters,2025-10-03 14:57:02+00:00
https://www.youtube.com/watch?v=-ng5kV2Qj0Y,timtam,Maypul,K-dawg,Clairen,SXU 2025,Losers Quarters,2025-10-03 14:59:32+00:00
https://www.youtube.com/watch?v=SIS2aXJsMSY,Unladen,Fleet,Eggus,Loxodont,SXU 2025,Losers Quarters,2025-10-03 15:18:37+00:00
https://www.youtube.com/watch?v=0OFLP_ri-go,Viiv,Kragg,AlastairBL,Clairen,SXU 2025,Winners Finals,2025-10-03 15:23:20+00:00
https://www.youtube.com/watch?v=GsQBYMNGsrg,Viiv,Kragg,AlastairBL,Clairen,SXU 2025,Grand Finals,2025-10-03 15:24:09+00:00
https://www.youtube.com/watch?v=C6L7wbo_Vf8,Viiv,Kragg,Sharpy,Zetterburn,SXU 2025,Winners Quarters,2025-10-03 15:24:59+00:00
https://www.youtube.com/watch?v=4xjn0zZy6ww,Viiv,Kragg,Unladen,Fleet,SXU 2025,Winners Semis,2025-10-03 15:26:28+00:00
https://www.youtube.com/watch?v=7JjY0q8zxkk,Vro,Loxodont,Sharpy,Zetterburn,SXU 2025,Winners Round 1,2025-10-03 15:29:25+00:00
https://www.youtube.com/watch?v=BMGiq0O01Ck,Eggus,Loxodont,timtam,Maypul,SXU 2025,Losers Semis,2025-10-03 23:18:31+00:00
https://www.youtube.com/watch?v=z6GP5DFwLes,Giga,Loxodont,Bowler,Clairen,Hitfall 4,Losers Top 16,2025-10-04 02:37:07+00:00
https://www.youtube.com/watch?v=xvGny3MgEFQ,GeekyDave,Forsburn,Giga,Loxodont,Hitfall 4,Winners Round 3,2025-10-04 02:37:07+00:00
https://www.youtube.com/watch?v=SVHPpchdJHU,OoDa,Clairen,Hyperflame,Zetterburn,Hitfall 4,Losers Top 8,2025-10-04 02:37:07+00:00
https://www.youtube.com/watch?v=tyJrBDafXKs,Thulium,Clairen,Hatsune Pyukumuku,Orcane,Hitfall 4,Losers Round 5,2025-10-04 02:37:07+00:00
https://www.youtube.com/watch?v=kvu7Rwe0Hr8,Jackie Peanuts,Olympia,Chumpkin,Etalus,Hitfall 4,Losers Top 16,2025-10-04 02:37:07+00:00
https://www.youtube.com/watch?v=xZEOukxzlrg,Pyronic,Etalus,Bucketfullabiscuits,Absa,Hitfall 4,Winners Round 2,2025-10-04 02:37:07+00:00
https://www.youtube.com/watch?v=cdrWq-eE-dU,Stompy,Orcane,Chumpkin,Etalus,Hitfall 4,Winners Round 3,2025-10-04 02:37:07+00:00
https://www.youtube.com/watch?v=eK_4JI7cgbQ,Beelz,Etalus,Windforce,Ranno,Hitfall 4,Winners Round 2,2025-10-04 02:37:07+00:00
https://www.youtube.com/watch?v=k89dHr4z_kY,OoDa,Clairen,Landon,Clairen,Hitfall 4,Winners Round 4,2025-10-04 02:37:07+00:00
https://www.youtube.com/watch?v=hvRNrS20uPw,humanlime,Forsburn,Searing Arrow,Clairen,Hitfall 4,Losers Top 12,2025-10-04 02:37:07+00:00
https://www.youtube.com/watch?v=_2DnSwTBcDc,Xena,Fleet,Hatsune Pyukumuku,Orcane,Hitfall 4,Winners Round 4,2025-10-04 02:37:07+00:00
https://www.youtube.com/watch?v=YMBUgPh-b1Q,humanlime,Forsburn,abruh,Maypul,Hitfall 4,Losers Round 5,2025-10-04 02:37:07+00:00
https://www.youtube.com/watch?v=IggVD18pTik,Landon,Clairen,Chumpkin,Etalus,Hitfall 4,Losers Top 12,2025-10-04 02:37:07+00:00
https://www.youtube.com/watch?v=Mt5MZQ599lM,humanlime,Forsburn,Landon,Clairen,Hitfall 4,Losers Top 8,2025-10-04 02:37:07+00:00
https://www.youtube.com/watch?v=HATyPQl5akQ,Iota,Absa,OoDa,Clairen,Hitfall 4,Losers Top 16,2025-10-04 02:37:07+00:00
https://www.youtube.com/watch?v=6dZuZhi0WXQ,humanlime,Forsburn,Thulium,Clairen,Hitfall 4,Losers Top 16,2025-10-04 02:37:07+00:00
https://www.youtube.com/watch?v=F6R3UcNtB9Y,Jackie Peanuts,Olympia,Space,Etalus,Hitfall 4,Losers Round 5,2025-10-04 02:37:07+00:00
https://www.youtube.com/watch?v=26EJGOcxueg,humanlime,Forsburn,Hyperflame,Zetterburn,Hitfall 4,Winners Round 4,2025-10-04 02:37:07+00:00
https://www.youtube.com/watch?v=4yiru1lUJk4,Salvo,Clairen,Chumpkin,Etalus,Hitfall 4,Losers Round 5,2025-10-04 02:37:07+00:00
https://www.youtube.com/watch?v=NFeGUle2tYY,humanlime,Clairen,Jubilo,Wrastor,Hitfall 4,Wiinners Round 3,2025-10-04 02:37:07+00:00
https://www.youtube.com/watch?v=JmlOmawt8MM,Jackie Peanuts,Olympia,Sal,Clairen,Hitfall 4,Winners Round 3,2025-10-04 02:37:07+00:00
https://www.youtube.com/watch?v=RdtErOzzJ8Y,Giga,Loxodont,Barking_Frog,Ranno,Hitfall 4,Winners Round 4,2025-10-04 02:37:07+00:00
https://www.youtube.com/watch?v=3Y65IuaRtwM,Ziggy,Ranno,X-Raven,Absa,For The Community Beta,Round Robin Pools,2025-10-05 21:39:20+00:00
https://www.youtube.com/watch?v=ylj5f5Q8Ee0,AwesomeNick,Kragg,Abraman,Clairen,For The Community Beta,Round Robin Pools,2025-10-05 21:39:20+00:00
https://www.youtube.com/watch?v=C54H2u9IVKA,Frigomaniac,Ranno,Lyra,Fleet,For The Community Beta,Round Robin Pools,2025-10-05 21:39:20+00:00
https://www.youtube.com/watch?v=eqpFelhwxrw,Blank Mauser,Maypul,JojoDaHobo,Zetterburn,For The Community Beta,Round Robin Pools,2025-10-05 21:39:20+00:00
https://www.youtube.com/watch?v=e9DdRwyHiiU,EchOnce,Ranno,Lyra,Fleet,For The Community Beta,Round Robin Pools,2025-10-05 21:39:20+00:00
https://www.youtube.com/watch?v=CAUz2KMg-ho,Penjib,Orcane,Toddly Enough,Ranno,For The Community Beta,Round Robin Pools,2025-10-05 21:39:20+00:00
https://www.youtube.com/watch?v=Yc3I30vPU9E,Mynttie,Fleet,Toddly Enough,Ranno,For The Community Beta,Round Robin Pools,2025-10-05 21:39:20+00:00
https://www.youtube.com/watch?v=2YWlkv9f1ls,Rei Wolf,Fleet,Mynttie,Fleet,For The Community Beta,Winners R1,2025-10-05 21:39:20+00:00
https://www.youtube.com/watch?v=YnmHg1xVGiY,EchOnce,Ranno,Neutrino,Loxodont,For The Community Beta,Winners R1,2025-10-05 21:39:20+00:00
https://www.youtube.com/watch?v=BBnAay5gnKk,Penjib,Orcane,Frigomaniac,Ranno,For The Community Beta,Winners QF,2025-10-05 21:39:20+00:00
https://www.youtube.com/watch?v=X6DtUDPR1Uo,Sediment,Ranno,JojoDaHobo,Zetterburn,For The Community Beta,Winners QF,2025-10-05 21:39:20+00:00
https://www.youtube.com/watch?v=68YpB0lTYAE,Penjib,Orcane,Sediment,Ranno,For The Community Beta,Winners Semis,2025-10-05 21:39:20+00:00
https://www.youtube.com/watch?v=DuAnhpNHEBg,Ziggy,Ranno,Neutrino,Loxodont,For The Community Beta,Winners Semis,2025-10-05 21:39:20+00:00
https://www.youtube.com/watch?v=Orj5yyK9MVg,Ziggy,Ranno,Sediment,Ranno,For The Community Beta,Winners Finals,2025-10-05 21:39:20+00:00
https://www.youtube.com/watch?v=ZowRv46u7mI,Penjib,Orcane,Abraman,Clairen,For The Community Beta,Losers QF,2025-10-05 21:39:20+00:00
https://www.youtube.com/watch?v=j7YUQH_iSQQ,Neutrino,Loxodont,JojoDaHobo,Zetterburn,For The Community Beta,Losers QF,2025-10-05 21:39:20+00:00
https://www.youtube.com/watch?v=yI_iFhlA-qM,Abraman,Clairen,JojoDaHobo,Zetterburn,For The Community Beta,Losers Semis,2025-10-05 21:39:20+00:00
https://www.youtube.com/watch?v=YukIUnvEU0k,Abraman,Clairen,Ziggy,Clairen,For The Community Beta,Losers Finals,2025-10-05 21:39:20+00:00
https://www.youtube.com/watch?v=hjEhsRxmTKg,Ziggy,Clairen,Sediment,Clairen,For The Community Beta,Grand Finals,2025-10-05 21:39:20+00:00
https://www.youtube.com/watch?v=hXyq2qxzxys,SewpahMario,Olympia,Jintek,Kragg,House of Aether - The Revival,WR1,2025-10-06 00:00:00+00:00
https://www.youtube.com/watch?v=kY3bYVdOHRQ,Excel Zero,Loxodont,Jintek,Kragg,House of Aether - The Revival,Winners Quarters,2025-10-06 00:00:00+00:00
https://www.youtube.com/watch?v=m-5Hv909AOs,Conde,Clairen,Golfo,Loxodont,House of Aether - The Revival,Winners Quarters,2025-10-06 00:00:00+00:00
https://www.youtube.com/watch?v=54ZHD8KS4vY,Zombit,Kragg,Meltrd,Clairen,House of Aether - The Revival,Winners Semis,2025-10-06 00:00:00+00:00
https://www.youtube.com/watch?v=GYeqzWvsBW0,Excel Zero,Loxodont,Conde,Clairen,House of Aether - The Revival,Winners Semis,2025-10-06 00:00:00+00:00
https://www.youtube.com/watch?v=LGF80tuaMTM,Excel Zero,Loxodont,Meltrd,Clairen,House of Aether - The Revival,Winners Finals,2025-10-06 00:00:00+00:00
https://www.youtube.com/watch?v=XLvJg06fJXg,Conde,Clairen,Golfo,Loxodont,House of Aether - The Revival,Losers Semis,2025-10-06 00:00:00+00:00
https://www.youtube.com/watch?v=m4ayWBYrdaI,Meltrd,Clairen,Golfo,Loxodont,House of Aether - The Revival,Losers Finals,2025-10-06 00:00:00+00:00
https://www.youtube.com/watch?v=e6ZYZP37uXc,Excel Zero,Loxodont,Golfo,Loxodont,House of Aether - The Revival,Grand Finals,2025-10-06 00:00:00+00:00
https://www.youtube.com/watch?v=GhEcLWWRK4o,Hunter,Galvan,Helix,Fleet,Run The Rivals #32 ,Winners R1,2025-10-08 03:28:12+00:00
https://www.youtube.com/watch?v=tYn1oMPaA1A,Veka,Clairen,Phug,Kragg,Run The Rivals #32 ,Winners Quarters,2025-10-08 03:28:12+00:00
https://www.youtube.com/watch?v=_N1RMaQNI58,Sean Sorey,Clairen,Oppa Galvan Style,Galvan,Run The Rivals #32 ,Winners Quarters,2025-10-08 03:28:12+00:00
https://www.youtube.com/watch?v=oURjBohCV9w,Veka,Clairen,Franzwa,Galvan,Run The Rivals #32 ,Winners Semis,2025-10-08 03:28:12+00:00
https://www.youtube.com/watch?v=bzJbVNEzXQg,sans.,Loxodont,Phug,Kragg,Run The Rivals #32 ,Losers Top 8,2025-10-08 03:28:12+00:00
https://www.youtube.com/watch?v=fT8qFBeFPHA,Landon,Clairen,Sean Sorey,Clairen,Run The Rivals #32 ,Winners Semis,2025-10-08 03:28:12+00:00
https://www.youtube.com/watch?v=_Sr5kaCkkSo,Sean Sorey,Clairen,sans.,Wrastor,Run The Rivals #32 ,Losers Quarters,2025-10-08 03:28:12+00:00
https://www.youtube.com/watch?v=XZOmt3UwtU0,Franzwa,Galvan,Hunter,Galvan,Run The Rivals #32 ,Losers Quarters,2025-10-08 03:28:12+00:00
https://www.youtube.com/watch?v=KY2_y1IIr0g,Veka,Clairen,Landon,Clairen,Run The Rivals #32 ,Winners Finals,2025-10-08 03:28:12+00:00
https://www.youtube.com/watch?v=WEEJrdPEhfc,Sean Sorey,Clairen,Hunter,Galvan,Run The Rivals #32 ,Losers Semis,2025-10-08 03:28:12+00:00
https://www.youtube.com/watch?v=Tmry9jvBqTI,Landon,Clairen,Sean Sorey,Clairen,Run The Rivals #32 ,Losers Finals,2025-10-08 03:28:12+00:00
https://www.youtube.com/watch?v=gvBdjsM7X8o,Hunter,Galvan,Landon,Galvan,Run The Rivals #32 ,Galvan Finals,2025-10-08 03:28:12+00:00
https://www.youtube.com/watch?v=f9JwQMMceqk,Veka,Clairen,Landon,Clairen,Run The Rivals #32 ,Grand Finals,2025-10-08 03:28:12+00:00
https://www.youtube.com/watch?v=KkwsJsb2wds,Grunk,Zetterburn,Reaper,Etalus,Immortal Fight Night #245 Rnd Robin,,2025-10-09 19:56:04+00:00
https://www.youtube.com/watch?v=mN3vKZzSJMA,Grunk,Zetterburn,Reaper,Etalus,Immortal Fight Night #245 Rnd Robin,,2025-10-09 19:56:06+00:00
https://www.youtube.com/watch?v=VaGG-kwYX8k,BGunn,Olympia,Reaper,Forsburn,Immortal Fight Night #245 Rnd Robin,,2025-10-09 19:56:08+00:00
https://www.youtube.com/watch?v=6de88RGiO5s,ybm,Wrastor,Grunk,Zetterburn,Immortal Fight Night #245 Rnd Robin,,2025-10-09 19:56:10+00:00
https://www.youtube.com/watch?v=nGCnb3P15JA,Average Alex,Kragg,Reaper,Kragg,Immortal Fight Night #245 Rnd Robin,,2025-10-09 19:56:11+00:00
https://www.youtube.com/watch?v=LZnrTz2qq5Y,Magma,Wrastor,BGunn,Olympia,Straight Into The Abyss #24, Wnrs Rnd 1,2025-10-10 16:00:39+00:00
https://www.youtube.com/watch?v=Qd3cWV_ys8k,BGunn,Olympia,Average Alex,Galvan,Straight Into The Abyss #24, Wnrs Final,2025-10-10 16:00:45+00:00
https://www.youtube.com/watch?v=UQiBNAdEfac,Lone,Galvan,BGunn,Olympia,Straight Into The Abyss #24, Wnrs Qrts,2025-10-10 16:00:56+00:00
https://www.youtube.com/watch?v=Tqaal_-5Q5c,Average Alex,Galvan,Bowler,Clairen,Straight Into The Abyss #24, Lsrs Final,2025-10-10 16:01:00+00:00
https://www.youtube.com/watch?v=Y9t2Sb_mX_I,Average Alex,Galvan,Drewsephix,Orcane,Straight Into The Abyss #24, Wnrs Semi,2025-10-10 16:01:05+00:00
https://www.youtube.com/watch?v=hO0FKU8yt3o,Average Alex,Galvan,BGunn,Olympia,Straight Into The Abyss #24, Grand Finals,2025-10-10 16:01:18+00:00
https://www.youtube.com/watch?v=yRIcng_WaYI,Drewsephix,Orcane,Bowler,Clairen,Straight Into The Abyss #24, Lsrs Semi,2025-10-10 16:01:42+00:00
https://www.youtube.com/watch?v=YaHORxIHrEQ,Jack,Kragg,Speder6,Kragg,Power Play!,Winners R1,2025-10-11 00:00:00+00:00
https://www.youtube.com/watch?v=HIFesc4o-qk,Landon,Clairen,sunsteel,Clairen,Power Play!,Winners R2,2025-10-11 00:00:00+00:00
https://www.youtube.com/watch?v=tWeggmUXLO8,Oljace,Forsburn,HeroAwesome,Forsburn,Power Play!,Winners R3,2025-10-11 00:00:00+00:00
https://www.youtube.com/watch?v=Z-1HLjyOzz4,Superdog,Clairen,Dadzie,Clairen,Power Play!,Winners R3,2025-10-11 00:00:00+00:00
https://www.youtube.com/watch?v=zzohZkFPF5E,Advers_Event,Fleet,Hunter,Galvan,Power Play!,Winners R3,2025-10-11 00:00:00+00:00
https://www.youtube.com/watch?v=VzOLNOSnosY,Jax,Kragg,Delectron,Zetterburn,Power Play!,Winners R3,2025-10-11 00:00:00+00:00
https://www.youtube.com/watch?v=Sk9LNLU37ek,Noko,Ranno,Hunter,Galvan,Power Play!,Winners Quarters,2025-10-11 00:00:00+00:00
https://www.youtube.com/watch?v=qyCOd4fw0GU,Sean Sorey,Clairen,Jax,Kragg,Power Play!,Winners Quarters,2025-10-11 00:00:00+00:00
https://www.youtube.com/watch?v=V0jPpQrCB3A,Landon,Clairen,Hunter,Galvan,Power Play!,Winners Semis,2025-10-11 00:00:00+00:00
https://www.youtube.com/watch?v=9NLXUqNHrvw,Veka,Clairen,Jax,Kragg,Power Play!,Winners Semis,2025-10-11 00:00:00+00:00
https://www.youtube.com/watch?v=kp-i67cv5co,Hunter,Galvan,Sean Sorey,Clairen,Power Play!,Losers Quarters,2025-10-11 00:00:00+00:00
https://www.youtube.com/watch?v=sSM_81tQxsQ,Jax,Kragg,HeroAwesome,Forsburn,Power Play!,Losers Quarters,2025-10-11 00:00:00+00:00
https://www.youtube.com/watch?v=2sTAFPqshlo,Jax,Kragg,Hunter,Galvan,Power Play!,Losers Semis,2025-10-11 00:00:00+00:00
https://www.youtube.com/watch?v=WnEzFBeS290,Veka,Clairen,Landon,Clairen,Power Play!,Grand Finals,2025-10-11 00:00:00+00:00
https://www.youtube.com/watch?v=UDzOGEyS6us,Jax,Kragg,Landon,Clairen,Power Play!,Losers Finals,2025-10-11 00:00:00+00:00
https://www.youtube.com/watch?v=fyi-5cA1voM,Veka,Clairen,Landon,Clairen,Power Play!,Winners Finals,2025-10-11 00:00:00+00:00
https://www.youtube.com/watch?v=_8EZz9hukP8,Renzo,Kragg,Reality,Absa,LMMM 2025,,2025-10-11 00:00:00+00:00
https://www.youtube.com/watch?v=Xks_hISb-Vk,Toronto Joe,Clairen,Edgeintheledge,Maypul,LMMM 2025,,2025-10-11 00:00:00+00:00
https://www.youtube.com/watch?v=7-jDXbJzpTc,Forrest,Maypul,ChuckFug,Orcane,LMMM 2025,,2025-10-11 00:00:00+00:00
https://www.youtube.com/watch?v=xKGcv5Cynks,Guard,Clairen,Monthu,Ranno,LMMM 2025,,2025-10-11 00:00:00+00:00
https://www.youtube.com/watch?v=7RkfuPie_GM,Nogh,Loxodont,ChuckFug,Orcane,LMMM 2025,,2025-10-11 00:00:00+00:00
https://www.youtube.com/watch?v=TzwTuNQKI80,Guard,Clairen,Rusy,Olympia,LMMM 2025,,2025-10-11 00:00:00+00:00
https://www.youtube.com/watch?v=3Co425M_IjI,ChuckFug,Orcane,Monthu,Ranno,LMMM 2025,,2025-10-11 00:00:00+00:00
https://www.youtube.com/watch?v=ty27xROZZ1Q,Backpack,Ranno,edgintheledge,Maypul,LMMM 2025,,2025-10-11 00:00:00+00:00
https://www.youtube.com/watch?v=S9SWWcYdvyg,Monthu,Ranno,Guard,Clairen,LMMM 2025,Top 8,2025-10-11 00:00:00+00:00
https://www.youtube.com/watch?v=jD8olE7a6R4,Toronto Joe,Clairen,Backpack,Ranno,LMMM 2025,Top 8,2025-10-11 00:00:00+00:00
https://www.youtube.com/watch?v=RZBFHPSYzHE,Acorn,Zetterburn,AppleWiz,Wrastor,LMMM 2025,Top 8,2025-10-11 00:00:00+00:00
https://www.youtube.com/watch?v=i8qWYibC478,Nogh,Galvan,Rusy,Galvan,LMMM 2025,Top 8,2025-10-11 00:00:00+00:00
https://www.youtube.com/watch?v=Zws504nbdvw,Guard,Clairen,AppleWiz,Wrastor,LMMM 2025,Top 8,2025-10-11 00:00:00+00:00
https://www.youtube.com/watch?v=xfSkd8wbX2s,Nogh,Loxodont,Backpack,Ranno,LMMM 2025,Top 8,2025-10-11 00:00:00+00:00
https://www.youtube.com/watch?v=I4Bx43oPRps,Rusy,Olympia,Acorn,Zetterburn,LMMM 2025,Winners Finals,2025-10-11 00:00:00+00:00
https://www.youtube.com/watch?v=oDOafz5Xfks,Backpack,Ranno,AppleWiz,Wrastor,LMMM 2025,Losers Semis,2025-10-11 00:00:00+00:00
https://www.youtube.com/watch?v=06rvn9yX8_E,Acorn,Zetterburn,AppleWiz,Wrastor,LMMM 2025,Losers Finals,2025-10-11 00:00:00+00:00
https://www.youtube.com/watch?v=kVgg1aXbLa0,Acorn,Zetterburn,Rusy,Olympia,LMMM 2025,Grand Finals,2025-10-11 00:00:00+00:00
https://www.youtube.com/watch?v=pVT-1LRGiuY,Yoda Cage,Maypul,Mr.Watch&amp;Learn,Etalus,Fusion+ #1,Winners Round 3,2025-10-11 02:42:26+00:00
https://www.youtube.com/watch?v=phMtyeLaNNk,CheesyPotato,Clairen,Bowler,Kragg,Fusion+ #1,Winners Round 3,2025-10-11 02:42:26+00:00
https://www.youtube.com/watch?v=mY7yisazWwM,nard,Clairen,omar,Etalus,Fusion+ #1,Winners Round 3,2025-10-11 02:42:26+00:00
https://www.youtube.com/watch?v=GWItc5AmIOE,HamPolo,Zetterburn,McDuckerz,Ranno,Fusion+ #1,Winners Round 3,2025-10-11 02:42:26+00:00
https://www.youtube.com/watch?v=YZFqF4U-iZY,Bbatts,Fleet,Yoda Cage,Maypul,Fusion+ #1,Winners Round 1,2025-10-11 02:42:26+00:00
https://www.youtube.com/watch?v=DkELPDltJJ0,Ant,Absa,Toothbrush,Ranno,Fusion+ #1,Winners Quarters,2025-10-11 02:42:26+00:00
https://www.youtube.com/watch?v=UCcugJR8fas,Animal,Etalus,Stango,Loxodont,Fusion+ #1,Winners Quarters,2025-10-11 02:42:26+00:00
https://www.youtube.com/watch?v=oSDKFBgIBow,CheesyPotato,Loxodont,Stango,Kragg,Fusion+ #1,Losers Round 1,2025-10-11 02:42:26+00:00
https://www.youtube.com/watch?v=7T2gOs2BE3Y,CakeAssault,Forsburn,Bbatts,Fleet,Fusion+ #1,Winners Semis,2025-10-11 02:44:17+00:00
https://www.youtube.com/watch?v=8gUYDg5ODRc,Bbatts,Fleet,Stango,Loxodont,Fusion+ #1,Losers Quarters,2025-10-11 02:46:32+00:00
https://www.youtube.com/watch?v=V8MlstgVkJA,Gekkingga,Loxodont,Animal,Etalus,Fusion+ #1,Losers Quarters,2025-10-11 02:48:33+00:00
https://www.youtube.com/watch?v=creKtiHF_LQ,Animal,Etalus,Ant,Absa,Fusion+ #1,Winners Semis,2025-10-11 02:50:31+00:00
https://www.youtube.com/watch?v=_KPPK733bCk,Ant,Absa,CakeAssault,Forsburn,Fusion+ #1,Grand Finals,2025-10-11 02:52:24+00:00
https://www.youtube.com/watch?v=67oOVGh9lxs,Ant,Absa,CakeAssault,Forsburn,Fusion+ #1,Winners Finals,2025-10-11 02:52:24+00:00
https://www.youtube.com/watch?v=cPUDCHKrQWw,Animal,Etalus,Stango,Loxodont,Fusion+ #1,Losers Semis,2025-10-11 02:54:21+00:00
https://www.youtube.com/watch?v=WyDP4Ts4818,Gekkingga,Loxodont,HamPolo,Zetterburn,Fusion+ #1,Losers Round 1,2025-10-11 02:54:59+00:00
https://www.youtube.com/watch?v=gjIbHoxmIl0,CakeAssault,Forsburn,Stango,Loxodont,Fusion+ #1,Losers Finals,2025-10-11 02:55:47+00:00
https://www.youtube.com/watch?v=SnTzS2t40JA,Stango,Loxodont,aubreyclo,Maypul,Fusion+ #1,Winners Round 3,2025-10-11 21:25:25+00:00
https://www.youtube.com/watch?v=86P4fW6IJlk,toothbrush,Ranno,SolarBeam,Loxodont,Fusion+ #1,Winners Round 3,2025-10-11 21:27:17+00:00
https://www.youtube.com/watch?v=pwxL4ti65Uc,Ant,Absa,Reaper,Loxodont,Fusion+ #1,Winners Round 3,2025-10-11 21:28:30+00:00
https://www.youtube.com/watch?v=ytkmO2np_Vk,Ev,Kragg,Danyboy,Kragg,Fusion+ #1,Winners Round 1,2025-10-11 21:31:42+00:00
https://www.youtube.com/watch?v=BsL1CUdTaeI,Gekkingga,Loxodont,vooni,Fleet,Fusion+ #1,Winners Round 3,2025-10-11 21:33:05+00:00
https://www.youtube.com/watch?v=Wu6mYTmgrhs,Coach Zeke,Olympia,Jackie Peanuts,Olympia,Fusion+ #1,Winners Round 2,2025-10-11 21:37:01+00:00
https://www.youtube.com/watch?v=cJoQ5ReeaSQ,CakeAssault,Forsburn,Drewsephix,Orcane,Fusion+ #1,Winners Round 2,2025-10-11 21:43:24+00:00
https://www.youtube.com/watch?v=JyvGx5APmAg,Lunar,Maypul,toothbrush,Ranno,Fusion+ #1,Top Cut,2025-10-12 02:10:13+00:00
https://www.youtube.com/watch?v=-zw9XXsuSZc,The Football,Kragg,Failbot,Kragg,Run The Rivals #33,Round Robin,2025-10-15 01:59:42+00:00
https://www.youtube.com/watch?v=hIhGTslfLB8,Sean Sorey,Fleet,Phug,Kragg,Run The Rivals #33,Round Robin,2025-10-15 01:59:42+00:00
https://www.youtube.com/watch?v=H_1rtie7v9A,Landon,Clairen,Phug,Kragg,Run The Rivals #33,Round Robin,2025-10-15 01:59:42+00:00
https://www.youtube.com/watch?v=XuloAuzFZB4,Failbot,Kragg,Phug,Kragg,Run The Rivals #33,Round Robin,2025-10-15 01:59:42+00:00
https://www.youtube.com/watch?v=RHOeTkC2KtE,The Football,Kragg,Phug,Kragg,Run The Rivals #33,Round Robin,2025-10-15 01:59:42+00:00
https://www.youtube.com/watch?v=JGBTE5a3Eik,Failbot,Clairen,Landon,Clairen,Run The Rivals #33,Round Robin,2025-10-15 01:59:42+00:00
https://www.youtube.com/watch?v=1GQiXPwOfpk,Bowler,Clairen,Sh-Awe,Galvan,Immortal Fight Night #246 Wnrs Rd 1,,2025-10-18 20:56:21+00:00
https://www.youtube.com/watch?v=ywcSwrEr22E,Average Alex,Galvan,ybm,Wrastor,Immortal Fight Night #246 Wnrs Semi,,2025-10-18 20:56:23+00:00
https://www.youtube.com/watch?v=q_heG9e9rsU,Watherum,Ranno,Bowler,Clairen,Immortal Fight Night #246 Wnrs Semi,,2025-10-18 20:56:25+00:00
https://www.youtube.com/watch?v=sDqlHjxEupo,Bowler,Clairen,Average Alex,Galvan,Immortal Fight Night #246 Wnrs Final,,2025-10-18 20:56:27+00:00
https://www.youtube.com/watch?v=QRehjnkzy4Y,ybm,Wrastor,BGunn,Olympia,Immortal Fight Night #246 Lsrs Semi,,2025-10-18 20:56:29+00:00
https://www.youtube.com/watch?v=9vlYhKOcDgI,Bowler,Clairen,BGunn,Olympia,Immortal Fight Night #246 Lsrs Final,,2025-10-18 20:56:31+00:00
https://www.youtube.com/watch?v=jRGU0cCQAAI,Average Alex,Galvan,Bowler,Clairen,Immortal Fight Night #246 Grand Finals,,2025-10-18 20:56:33+00:00
https://www.youtube.com/watch?v=o3JIpBsqknQ,kapl,Clairen,ianology,Olympia,Floorhug #3,Rivals II Losers Quarterfinals,2025-10-19 05:56:57+00:00
https://www.youtube.com/watch?v=vyg_JbITkY0,EC | Domnique,Zetterburn,kapl,Clairen,Floorhug #3,Rivals II Winners Semifinals,2025-10-19 05:58:21+00:00
https://www.youtube.com/watch?v=qPMFSPhwgZs,Sawstep,Fleet,Clem!!,Absa,Floorhug #3,Rivals II Winners Semifinals,2025-10-19 05:58:40+00:00
https://www.youtube.com/watch?v=JhFTyUeSD-8,Sawstep,Fleet,EC | Domnique,Zetterburn,Floorhug #3,Rivals II Winners Finals,2025-10-19 05:59:43+00:00
https://www.youtube.com/watch?v=azilkbHuHC8,666blaziken,Galvan,lolnice,Fleet,Runway Rivals October 2025,Round Robin,2025-10-19 06:00:19+00:00
https://www.youtube.com/watch?v=r1IY-u8HKPY,kapl,Maypul,Clem!!,Absa,Floorhug #3,Rivals II Losers Semifinals,2025-10-19 06:00:28+00:00
https://www.youtube.com/watch?v=7NLNBhf501s,Sawstep,Fleet,Clem!!,Absa,Floorhug #3,Rivals II Losers Finals,2025-10-19 06:00:53+00:00
https://www.youtube.com/watch?v=fZRM5BzPV7w,Sawstep,Fleet,EC | Domnique,Zetterburn,Floorhug #3,Rivals II Grand Finals,2025-10-19 06:01:20+00:00
https://www.youtube.com/watch?v=H5jrAYB6Fl0,666blaziken,Galvan,Velouria,Absa,Runway Rivals October 2025,Round Robin,2025-10-19 06:01:41+00:00
https://www.youtube.com/watch?v=gH0PbLG_r3o,lolnice,Fleet,Velouria,Absa,Runway Rivals October 2025,Round Robin,2025-10-19 06:03:55+00:00
https://www.youtube.com/watch?v=b5voMIbX4ug,Desultima,Galvan,lolnice,Fleet,Runway Rivals October 2025,Round Robin,2025-10-19 06:04:47+00:00
https://www.youtube.com/watch?v=JaNQrzChGNI,Turtle,Ranno,PRONTO,Forsburn,Aether Reborn #6,Losers Semis,2025-10-19 10:00:00+00:00
https://www.youtube.com/watch?v=bwgqEavX0ec,Turtle,Ranno,CarbonAnanas,Clairen,Aether Reborn #6,Losers Quarters,2025-10-19 10:03:10+00:00
https://www.youtube.com/watch?v=Y_KVUzteNvA,Turtle,Ranno,Genarog,Fleet,Aether Reborn #6,Winners Semis,2025-10-19 10:03:18+00:00
https://www.youtube.com/watch?v=h2NNcNaXpuU,Alexo,Kragg,CarbonAnanas,Clairen,Aether Reborn #6,Losers Top 8,2025-10-19 10:04:29+00:00
https://www.youtube.com/watch?v=lH4TE0QSk7s,PRONTO,Forsburn,Dav,Wrastor,Aether Reborn #6,Losers Quarters,2025-10-19 10:05:50+00:00
https://www.youtube.com/watch?v=e4Ll4VeiZPs,PRONTO,Forsburn,DonCascone,Loxodont,Aether Reborn #6,Losers Final,2025-10-19 10:07:10+00:00
https://www.youtube.com/watch?v=RgBGLf2elXA,DonCascone,Loxodont,PRONTO,Forsburn,Aether Reborn #6,Winners Semis,2025-10-19 10:08:14+00:00
https://www.youtube.com/watch?v=JIwnQT67xYk,Dav,Wrastor,Gallax,Maypul,Aether Reborn #6,Losers Top 8,2025-10-19 10:09:39+00:00
https://www.youtube.com/watch?v=UEuYcPtynAU,Genarog,Fleet,DonCascone,Loxodont,Aether Reborn #6,Grand Final,2025-10-19 10:10:47+00:00
https://www.youtube.com/watch?v=vE21Y6WaKBc,Genarog,Fleet,DonCascone,Loxodont,Aether Reborn #6,Winners Final,2025-10-19 10:11:54+00:00
https://www.youtube.com/watch?v=VbP9pnTn7ok,Gab,Galvan,Excel Zero,Loxodont,House of Aether #2,Grand Finals,2025-10-21 16:37:33+00:00
https://www.youtube.com/watch?v=ziGk6l7OyCQ,Gab,Galvan,Conde,Absa,House of Aether #2,Losers Finals,2025-10-21 16:40:55+00:00
https://www.youtube.com/watch?v=kCDmkXw0CTY,Shane_Bright,Galvan,Scion,Etalus,House of Aether #2,Winners Round 1,2025-10-21 16:40:55+00:00
https://www.youtube.com/watch?v=46NQjtZgaOs,Tabian,Maypul,Conde,Clairen,House of Aether #2,Losers Semis,2025-10-21 16:45:12+00:00
https://www.youtube.com/watch?v=eA4n7DbdQWw,Zombit,Kragg,Bastiodon,Forsburn,House of Aether #2,Winners Round 1,2025-10-21 16:45:12+00:00
https://www.youtube.com/watch?v=V2eY_8u9HcI,Excel Zero,Loxodont,Gab,Galvan,House of Aether #2,Winners Finals,2025-10-21 16:55:13+00:00
https://www.youtube.com/watch?v=ZIWP0Yf7QL4,Conde,Clairen,Gab,Galvan,House of Aether #2,Winners Semis,2025-10-21 17:00:58+00:00
https://www.youtube.com/watch?v=FNEoyOxUiEc,Tabian,Maypul,Excel Zero,Loxodont,House of Aether #2,Winners Semis,2025-10-21 17:03:49+00:00
https://www.youtube.com/watch?v=U1G-_FfoWy8,Tabian,Maypul,Meltrd,Clairen,House of Aether #2,Winners Quarters,2025-10-21 17:12:47+00:00
https://www.youtube.com/watch?v=l025Sqjnz44,Shane_Bright,Galvan,Meltrd,Clairen,House of Aether #2,Losers Round 2,2025-10-21 17:20:47+00:00
https://www.youtube.com/watch?v=EVShQnsIYlM,Scion,Etalus,Gab,Galvan,House of Aether #2,Winners Quarters,2025-10-21 17:23:40+00:00
https://www.youtube.com/watch?v=IqQbUYUCNVQ,The Football,Kragg,Sean Sorey,Clairen,Run The Rivals #34,Winners R1,2025-10-22 02:23:52+00:00
https://www.youtube.com/watch?v=TcLTApNOErU,Sean Sorey,Clairen,Franzwa,Galvan,Run The Rivals #34,Winners Semis,2025-10-22 02:23:52+00:00
https://www.youtube.com/watch?v=xzV1KJkvh4c,Landon,Clairen,Hunter,Maypul,Run The Rivals #34,Winners Semis,2025-10-22 02:23:52+00:00
https://www.youtube.com/watch?v=adzuDXkCCY4,The Football,Galvan,Hunter,Galvan,Run The Rivals #34,Losers Quarters,2025-10-22 02:23:52+00:00
https://www.youtube.com/watch?v=3Ru75w3iKhs,Landon,Clairen,Franzwa,Galvan,Run The Rivals #34,Winners Semis,2025-10-22 02:23:52+00:00
https://www.youtube.com/watch?v=wpbsCJC-PcM,Failbot,Galvan,Hunter,Galvan,Run The Rivals #34,Losers Semis,2025-10-22 02:23:52+00:00
https://www.youtube.com/watch?v=vHV76CjKq84,Franzwa,Galvan,Hunter,Galvan,Run The Rivals #34,Losers Finals,2025-10-22 02:23:52+00:00
https://www.youtube.com/watch?v=ByXUwWbNfR4,Landon,Clairen,Hunter,Galvan,Run The Rivals #34,Grand Finals,2025-10-22 02:23:52+00:00
https://www.youtube.com/watch?v=yCRk0nLBNbU,GKO,Loxodont,frigomaniac,Ranno,Blazing Battlefield #5,Rivals II Round 1,2025-10-22 04:17:27+00:00
https://www.youtube.com/watch?v=JXGWwh56Di4,Tortuga,Olympia,Gengur,Clairen,Blazing Battlefield #5,Rivals II Round 2,2025-10-22 06:51:26+00:00
https://www.youtube.com/watch?v=AiB1R7OjXTU,Ziggy,Ranno,Blank Mauser,Maypul,Blazing Battlefield #5,Rivals II Winners Quarterfinals,2025-10-22 06:52:09+00:00
https://www.youtube.com/watch?v=e5JffzMCq9g,BSC UW | Re:Cupid,Zetterburn,Abraman,Clairen,Blazing Battlefield #5,Rivals II Winners Quarterfinals,2025-10-22 06:52:42+00:00
https://www.youtube.com/watch?v=MX1qDI-nJz4,TS | JoJoDaHoBo,Zetterburn,Gengur,Clairen,Blazing Battlefield #5,Rivals II Winners Quarters,2025-10-22 06:53:42+00:00
https://www.youtube.com/watch?v=sGsCFt_fz6g,Penjib,Orcane,maya,Orcane,Blazing Battlefield #5,Rivals II Winners Quarters,2025-10-22 06:54:00+00:00
https://www.youtube.com/watch?v=BDKN76Pakl0,maya,Orcane,BSC UW | Re:Cupid,Zetterburn,Blazing Battlefield #5,Rivals II Winners Semis,2025-10-22 06:54:12+00:00
https://www.youtube.com/watch?v=S-T7cpBK_KU,Ziggy,Ranno,Gengur,Clairen,Blazing Battlefield #5,Rivals II Winners Semifinals,2025-10-22 06:54:38+00:00
https://www.youtube.com/watch?v=f8upQiAGmyY,Penjib,Orcane,Abraman,Clairen,Blazing Battlefield #5,Rivals II Losers Eighths,2025-10-22 06:55:05+00:00
https://www.youtube.com/watch?v=PtYbu00Atis,Abraman,Clairen,Ziggy,Ranno,Blazing Battlefield #5,Rivals II Losers Quarterfinals,2025-10-22 06:55:35+00:00
https://www.youtube.com/watch?v=L7CFuWSKhQM,Abraman,Clairen,BSC UW | Re:Cupid,Zetterburn,Blazing Battlefield #5,Rivals II Losers Semifinals,2025-10-22 06:56:00+00:00
https://www.youtube.com/watch?v=u8kcEgQMchc,Gengur,Clairen,maya,Orcane,Blazing Battlefield #5,Rivals II Winners Finals,2025-10-22 06:56:42+00:00
https://www.youtube.com/watch?v=1hLETQp_QJg,BSC UW | Re:Cupid,Zetterburn,maya,Orcane,Blazing Battlefield #5,Rivals II Losers Finals,2025-10-22 06:57:06+00:00
https://www.youtube.com/watch?v=Kvf4f5t8smg,Gengur,Clairen,maya,Orcane,Blazing Battlefield #5,Rivals II Grand Finals,2025-10-22 06:57:21+00:00
https://www.youtube.com/watch?v=HziGX3X8pQc,ybm,Wrastor,Average Alex,Galvan,Immortal Fight Night #247 Wnrs Semi,,2025-10-23 14:02:25+00:00
https://www.youtube.com/watch?v=-yCJ14UVAxI,Reaper,Etalus,Bowler,Clairen,Immortal Fight Night #247 Wnrs Semi,,2025-10-23 14:02:27+00:00
https://www.youtube.com/watch?v=1qt4ELZjjEM,ybm,Wrastor,Reaper,Galvan,Immortal Fight Night #247 Lsrs Semi,,2025-10-23 14:02:32+00:00
https://www.youtube.com/watch?v=GLGjKo-3mSw,Reaper,Etalus,Average Alex,Galvan,Immortal Fight Night #247 Lsrs Final,,2025-10-23 14:02:34+00:00
https://www.youtube.com/watch?v=iFi8sBP1UGc,Average Alex,Galvan,Bowler,Clairen,Immortal Fight Night #247 Grand Finals,,2025-10-23 14:02:37+00:00
https://www.youtube.com/watch?v=NDmaulquvvo,Wisp,Maypul,Zale,Absa,"Trey's Trashcan Oct 21st, 2025",,2025-10-23 23:11:14+00:00
https://www.youtube.com/watch?v=nyyiB4sArcU,Wisp,Maypul,TheCorndogLover,Loxodont,"Trey's Trashcan Oct 21st, 2025",,2025-10-23 23:11:14+00:00
https://www.youtube.com/watch?v=g1oizH5cqMk,Zeoark,Forsburn,Wisp,Maypul,"Trey's Trashcan Oct 21st, 2025",,2025-10-23 23:11:14+00:00
https://www.youtube.com/watch?v=eDsbrs0qFAM,Nevereatcars,Maypul,Beedrill,Fleet,"Trey's Trashcan Oct 21st, 2025",,2025-10-23 23:11:14+00:00
https://www.youtube.com/watch?v=uYrLhS2qGm4,Nevereatcars,Maypul,BOGGLE,Maypul,"The Trashmans Trashcan Oct 21st, 2025",,2025-10-23 23:11:14+00:00
https://www.youtube.com/watch?v=A30KdyZPVgA,Wisp,Maypul,Nevereatcars,Maypul,"Trey's Trashcan Oct 21st, 2025",,2025-10-23 23:11:14+00:00
https://www.youtube.com/watch?v=3yOHbhY83IM,i0n,Galvan,Zeoark,Forsburn,"Trey's Trashcan Oct 21st, 2025",,2025-10-23 23:11:14+00:00
https://www.youtube.com/watch?v=tOtXT6qijR8, Always,Ranno,TheCorndogLover,Loxodont,"Trey's Trashcan Oct 21st, 2025",,2025-10-23 23:11:14+00:00
https://www.youtube.com/watch?v=5VAKZopVBNc,Wisp,Maypul,Always,Ranno,"Trey's Trashcan Oct 21st, 2025",,2025-10-23 23:11:14+00:00
https://www.youtube.com/watch?v=aiWAnHeSKPA,Zeoark,Forsburn,Wisp,Maypul,"Trey's Trashcan Oct 21st, 2025",,2025-10-23 23:11:14+00:00
https://www.youtube.com/watch?v=bzA2kV50_EU,i0n,Etalus,Zeoark,Etalus,"Trey's Trashcan Oct 21st, 2025",,2025-10-23 23:20:34+00:00
https://www.youtube.com/watch?v=lAJdWVmxYhw,Christos,Zetterburn,Beedrill,Fleet,"Trey's Trashcan Sep 23rd, 2025",,2025-10-24 18:06:53+00:00
https://www.youtube.com/watch?v=23RAsQVDqoQ,Christos,Zetterburn,i0n,Wrastor,"Trey's Trashcan Sep 23rd, 2025",,2025-10-24 18:06:53+00:00
https://www.youtube.com/watch?v=yb90n3uhWBA,Christos,Zetterburn,psyduck3000,Loxodont,"Trey's Trashcan Sep 23rd, 2025",,2025-10-24 18:06:53+00:00
https://www.youtube.com/watch?v=_GirtMvxp4I,i0n,Wrastor,nevereatcars,Maypul,Trey's Trashcan Sep 23rd 2025,,2025-10-24 18:06:53+00:00
https://www.youtube.com/watch?v=KvhPKZbOWGk,Wisp,Maypul,Vuetzel,Wrastor,"Trey's Trashcan Sep 23rd, 2025",,2025-10-24 18:06:53+00:00
https://www.youtube.com/watch?v=rk6HeGE3p2Y,Vuetzel,Wrastor,TheCorndogLover,Loxodont,"Trey's Trashcan Sep 23rd, 2025",,2025-10-24 18:06:53+00:00
https://www.youtube.com/watch?v=Tt1iSKn-yqc,i0n,Wrastor,Wisp,Maypul,"Trey's Trashcan Sep 23rd, 2025",,2025-10-24 18:06:53+00:00
https://www.youtube.com/watch?v=DgK9K1Y9Ixg,nevereatcars,Maypul,Vuetzel,Wrastor,"Trey's Trashcan Sep 23rd, 2025",,2025-10-24 18:06:53+00:00
https://www.youtube.com/watch?v=s6ZDlGlv5rY,Wisp,Maypul,nevereatcars,Maypul,"Trey's Trashcan Sep 23rd, 2025",,2025-10-24 18:06:53+00:00
https://www.youtube.com/watch?v=IxnTV2RRAgY,i0n,Wrastor,nevereatcars,Maypul,"Trey's Trashcan Sep 23rd, 2025",,2025-10-24 18:07:05+00:00
https://www.youtube.com/watch?v=HHO_mbXCf2s,Fox,Loxodont,Beastly,Zetterburn,Unc Frozen's Icebox 9,Grand Finals,2025-10-24 19:31:17+00:00
https://www.youtube.com/watch?v=cgGqgKk3MB4,Fox,Loxodont,Chumpkin,Etalus,Unc Frozen's Icebox 9,Losers Finals,2025-10-24 19:31:52+00:00
https://www.youtube.com/watch?v=AFjKU5gROT8,Fox,Loxodont,EOL,Zetterburn,Unc Frozen's Icebox 9,Losers Semis,2025-10-24 19:32:06+00:00
https://www.youtube.com/watch?v=uEV702uhFCU,CF | Beastly,Zetterburn,Chumpkin,Etalus,Unc Frozen's Icebox 9,Winners Finals,2025-10-24 19:56:55+00:00
https://www.youtube.com/watch?v=EYG_axCcfQ8,Mustang,Loxodont,Simon,Zetterburn,Unc Frozen's Icebox 9,Losers Bracket,2025-10-24 19:57:28+00:00
https://www.youtube.com/watch?v=7hWbJzPUsrI,CF | Beastly,Zetterburn,EOL,Zetterburn,Unc Frozen's Icebox 9,Winners Semis,2025-10-24 19:58:45+00:00
https://www.youtube.com/watch?v=7h_u4wB1jcE,Chumpkin,Etalus,Fox,Loxodont,Unc Frozen's Icebox 9,Winners Semis,2025-10-24 19:59:00+00:00
https://www.youtube.com/watch?v=uQRAihWUkDI,EOL,Zetterburn,Oracle,Galvan,Unc Frozen's Icebox 9,Winners Quarters,2025-10-24 19:59:26+00:00
https://www.youtube.com/watch?v=XuzWaLWQ-D0,Chumpkin,Etalus,Simon,Zetterburn,Unc Frozen's Icebox 9,Winners Quarters,2025-10-24 20:00:12+00:00
https://www.youtube.com/watch?v=0-kCdomDcWA,Drewsephix,Orcane,SassyFlygon,Clairen,Straight Into The Abyss #25,Lsrs Final,2025-10-25 16:00:02+00:00
https://www.youtube.com/watch?v=Gwhn5nfhBuQ,SassyFlygon,Clairen,Markrealth,Etalus,Straight Into The Abyss #25,Wnrs Semi,2025-10-25 16:00:35+00:00
https://www.youtube.com/watch?v=esQngSoBZRc,Average Alex,Galvan,Drewsephix,Orcane,Straight Into The Abyss #25,Wnrs Semi,2025-10-25 16:01:12+00:00
https://www.youtube.com/watch?v=gM_qGqy4ggM,Sh-Awe,Galvan,Markrealth,Etalus,Straight Into The Abyss #25,Wnrs Rnd 1,2025-10-25 16:01:14+00:00
https://www.youtube.com/watch?v=W1BvjxyCGYE,Lunar,Maypul,Elu,Ranno,Fusion #257,Winners Round 1,2025-10-26 14:00:48+00:00
https://www.youtube.com/watch?v=w45oScASQaY,Ev,Kragg,vooni,Fleet,Fusion #257,Winners Round 1,2025-10-26 14:01:28+00:00
https://www.youtube.com/watch?v=TxRIsuKtNWo,HamPolo,Zetterburn,nard,Clairen,Fusion #257,Winners Semi-Final,2025-10-26 14:30:24+00:00
https://www.youtube.com/watch?v=iFUr4oa6LSo,Bbatts,Fleet,HamPolo,Zetterburn,Fusion #257,Winners Final,2025-10-26 14:45:05+00:00
https://www.youtube.com/watch?v=wjkS2IdXtDc,orcane up special,Orcane,CheesyPotato,Kragg,Fusion #257,Losers Semis,2025-10-26 15:15:06+00:00
https://www.youtube.com/watch?v=mWH_zjKSqOA,Bbatts,Fleet,orcane up special,Orcane,Fusion #257,Grand Final,2025-10-26 15:45:06+00:00
https://www.youtube.com/watch?v=5NgrJ1IjT6A,TacocaT,Maypul,aubreyclo,Maypul,Fusion #261,Winners Round 2,2025-10-26 16:00:08+00:00
https://www.youtube.com/watch?v=dlZbXpG46K8,Revilo2112,Forsburn,Gekkingga,Loxodont,Fusion #261,Winners Quarters,2025-10-26 16:13:56+00:00
https://www.youtube.com/watch?v=-SFRiyeNcdw,nard,Clairen,SolarBeam,Loxodont,Fusion #261,Winners Quarter-Final,2025-10-26 16:15:00+00:00
https://www.youtube.com/watch?v=uDmgtUY5wOA,HamPolo,Zetterburn,nard,Clairen,Fusion #261,Winners Semi-Final,2025-10-26 16:30:33+00:00
https://www.youtube.com/watch?v=h0DeBUrWSbs,Bbatts,Fleet,nard,Clairen,Fusion #261,Winners Final,2025-10-26 16:45:02+00:00
https://www.youtube.com/watch?v=GAb3wljAm6k,HamPolo,Zetterburn,Gekkingga,Loxodont,Fusion #261,Losers Semi-Final,2025-10-26 17:00:30+00:00
https://www.youtube.com/watch?v=0eIQnNqUGcI,nard,Clairen,Gekkingga,Loxodont,Fusion #261,Losers Final,2025-10-26 17:15:00+00:00
https://www.youtube.com/watch?v=8k-wgw8B-z4,Bbatts,Fleet,Gekkingga,Loxodont,Fusion #261,Grand Final,2025-10-26 17:30:01+00:00
https://www.youtube.com/watch?v=72y1eQOR0D4,HBA Mulldrifter,Loxodont,Unknown,Ranno,Fusion #263,Winners Round 1,2025-10-26 17:45:00+00:00
https://www.youtube.com/watch?v=9gcVOt3W0EU,Lunar,Maypul,Aidan,Clairen,Fusion #263,Winners Round 2,2025-10-26 18:00:08+00:00
https://www.youtube.com/watch?v=2gLU7QDz2WQ,Ev,Kragg,Torna,Wrastor,Fusion #263 ,Winners Quarter-Final,2025-10-26 18:15:01+00:00
https://www.youtube.com/watch?v=TMX5cuqAlbA,Gekkingga,Loxodont,Lunar,Maypul,Fusion #263,Winners Quarter-Final,2025-10-26 18:15:02+00:00
https://www.youtube.com/watch?v=Txhg0hjrYVs,CheesyPotato,Kragg,nard,Clairen,Fusion #263,Winners Quarter-Final,2025-10-26 18:15:03+00:00
https://www.youtube.com/watch?v=4rE8c1P4tXc,HamPolo,Zetterburn,Gekkingga,Loxodont,Fusion #263,Winners Semi-Final,2025-10-26 18:30:05+00:00
https://www.youtube.com/watch?v=5UPnnYxWi4Y,Torna,Wrastor,CheesyPotato,Kragg,Fusion #263,Winners Semi-Final,2025-10-26 18:30:07+00:00
https://www.youtube.com/watch?v=ChyDivwAO_M,CheesyPotato,Kragg,HamPolo,Zetterburn,Fusion #263,Winners Final,2025-10-26 18:45:00+00:00
https://www.youtube.com/watch?v=gUEOz9Ue9BY,nard,Clairen,Torna,Wrastor,Fusion #263,Losers Semi-Final,2025-10-26 19:00:39+00:00
https://www.youtube.com/watch?v=L8eBkI1iNis,HamPolo,Zetterburn,CheesyPotato,Kragg,Fusion #263,Grand Final,2025-10-26 19:15:01+00:00
https://www.youtube.com/watch?v=2hPlARQ-dEQ,CF | Beastly,Zetterburn,Shnoopy,Ranno,Unc Frozen's Icebox 9,Winners Quarters,2025-10-27 00:52:35+00:00
https://www.youtube.com/watch?v=Bla1P_yY1x0,Oracle,Galvan,Momo Ari,Olympia,Unc Frozen's Icebox 9,Winners Bracket,2025-10-27 00:53:59+00:00
https://www.youtube.com/watch?v=Rr_F9gh6Pb8,Mustang,Loxodont,Fox,Loxodont,Unc Frozen's Icebox 9,Winners Quarters,2025-10-27 00:54:57+00:00
https://www.youtube.com/watch?v=h0Y0PC7fDvg,EOL,Zetterburn,Simon,Zetterburn,Unc Frozen's Icebox 9,Losers Quarters,2025-10-27 00:55:44+00:00
https://www.youtube.com/watch?v=jM1C5_Vvay8,Jimbly,Etalus,Shnoopy,Ranno,Unc Frozen's Icebox 9,Losers Bracket,2025-10-27 00:56:29+00:00
https://www.youtube.com/watch?v=jsMzj-7I5Ug,AFiestyTaquito,Ranno,Oracle,Galvan,Unc Frozen's Icebox 9,Losers Bracket,2025-10-27 00:57:29+00:00
https://www.youtube.com/watch?v=u7IFnHsR0qY,Jimbly,Etalus,Simon,Zetterburn,Unc Frozen's Icebox 9,Winners Bracket,2025-10-27 00:58:13+00:00
https://www.youtube.com/watch?v=zWRTve7ccME,CF | Beastly,Zetterburn,JoGo,Kragg,Unc Frozen's Icebox 9,Winners Bracket,2025-10-27 00:59:08+00:00
https://www.youtube.com/watch?v=r_swTPW8iIA,Mulldrifter,Loxodont,Elu,Ranno,Fusion #264,Winners Round 2,2025-10-27 02:48:27+00:00
https://www.youtube.com/watch?v=Bojtkgr6kis,Lucius,Ranno,Mr.Watch&amp;Learn,Etalus,Fusion #264,Winners Round 3,2025-10-27 02:48:36+00:00
https://www.youtube.com/watch?v=SHIp02r1nd4,Gekkingga,Loxodont,aubreyclo,Maypul,Fusion #264,Winners Round 3,2025-10-27 02:48:45+00:00
https://www.youtube.com/watch?v=QlpgTzcHUpA,nard,Clairen,Coach Zeke,Olympia,Fusion #264,Winners Round 3,2025-10-27 02:48:54+00:00
https://www.youtube.com/watch?v=cALic3kPBqk,Animal,Etalus,SolarBeam,Loxodont,Fusion #264,Winners Quarter-Final,2025-10-27 02:49:09+00:00
https://www.youtube.com/watch?v=88wjHnpIbw4,Bbatts,Fleet,Lucius,Ranno,Fusion #264,Winners Quarter-Final,2025-10-27 02:49:19+00:00
https://www.youtube.com/watch?v=T91r7eFo8sY,nard,Clairen,Lunar,Maypul,Fusion #264,Winners Quarter-Final,2025-10-27 02:52:52+00:00
https://www.youtube.com/watch?v=szfSM087Dg8,Bbatts,Fleet,Nard,Clairen,Fusion #264,Winners Semis,2025-10-27 02:53:11+00:00
https://www.youtube.com/watch?v=Gf3Wl109_uc,vooni,Fleet,edith,Clairen,Fusion #266,Winners Round 1,2025-10-27 19:33:11+00:00
https://www.youtube.com/watch?v=_udyWO6YllE,Musiq,Clairen,Lunar,Maypul,Fusion #266,Winners Quarters,2025-10-27 19:33:23+00:00
https://www.youtube.com/watch?v=3xadgHSRiz4,aubreyclo,Maypul,Mulldrifter,Loxodont,Fusion #266,Winners Quarters,2025-10-27 19:33:28+00:00
https://www.youtube.com/watch?v=SZI8_sS1h0w,HamPolo,Maypul,aubreyclo,Fleet,Fusion #266,Winners Semis,2025-10-27 19:33:48+00:00
https://www.youtube.com/watch?v=LbYtySk3ATI,vooni,Loxodont,Musiq,Loxodont,Fusion #266,Winners Semis,2025-10-27 19:33:54+00:00
https://www.youtube.com/watch?v=Ebgy4EYe2C0,HamPolo,Clairen,vooni,Clairen,Fusion #266,Winners Final,2025-10-27 19:34:00+00:00
https://www.youtube.com/watch?v=nL0lBNBFneE,nard,Kragg,Musiq,Olympia,Fusion #266,Losers Semis,2025-10-27 19:34:07+00:00
https://www.youtube.com/watch?v=pV_oCK0L6uw,vooni,Wrastor,Musiq,Zetterburn,Fusion #266,Losers Final,2025-10-27 19:34:13+00:00
https://www.youtube.com/watch?v=-rHpHXrN04U,HamPolo,Fleet,vooni,Olympia,Fusion #266,Grand Final,2025-10-27 19:34:21+00:00
https://www.youtube.com/watch?v=pmknT_T1w3A,Elu,Ranno,edith,Clairen,Fusion #267,Winners Round 1,2025-10-27 19:34:29+00:00
https://www.youtube.com/watch?v=DtWLsmnOAU0,CheesyPotato,Kragg,Air Gordon,Fleet,Fusion #267,Winners Quarters,2025-10-27 19:34:45+00:00
https://www.youtube.com/watch?v=4f6X9vdEgpY,Animal,Etalus,Lunar,Maypul,Fusion #267,Winners Semis,2025-10-27 19:35:02+00:00
https://www.youtube.com/watch?v=vFj8-EDcqHE,CheesyPotato,Kragg,Gekkingga,Loxodont,Fusion #267,Winners Semis,2025-10-27 19:35:07+00:00
https://www.youtube.com/watch?v=D7WxGOBQ2ak,Animal,Etalus,CheesyPotato,Kragg,Fusion #267,Winners Final,2025-10-27 19:35:11+00:00
https://www.youtube.com/watch?v=XGby6IcVsh8,Lunar,Maypul,Gekkingga,Loxodont,Fusion #267,Losers Semis,2025-10-27 19:35:19+00:00
https://www.youtube.com/watch?v=Pr0-V6IIG9c,Animal,Etalus,Gekkingga,Loxodont,Fusion #267,Losers Final,2025-10-27 19:35:25+00:00
https://www.youtube.com/watch?v=CCgdgIhEvSI,CheesyPotato,Kragg,Gekkingga,Loxodont,Fusion #267,Grand Finals,2025-10-27 19:35:32+00:00
https://www.youtube.com/watch?v=xOL58jcy7GM,MuttNut,Forsburn,aubreyclo,Maypul,Fusion #269,Winners Round 2,2025-10-27 19:35:46+00:00
https://www.youtube.com/watch?v=6YfqSXwBwkY,Unknown,Ranno,Fidel Ca$htro,Zetterburn,Fusion #269,Winners Round 2,2025-10-27 19:35:56+00:00
https://www.youtube.com/watch?v=hxGRxWY2gHs,nard,Maypul,HamPolo,Absa,Fusion #269,Winners Quarters,2025-10-27 19:36:06+00:00
https://www.youtube.com/watch?v=cwRjJUWi_2o,Gekkingga,Loxodont,SolarBeam,Loxodont,Fusion #269,Winners Quarters,2025-10-27 19:36:11+00:00
https://www.youtube.com/watch?v=CWTivcKzxzk,Bbatts,Fleet,nard,Clairen,Fusion #269,Winners Semis,2025-10-27 19:36:23+00:00
https://www.youtube.com/watch?v=cIXa5jHwi90,vooni,Fleet,Gekkingga,Loxodont,Fusion #269,Winners Semis,2025-10-27 19:36:28+00:00
https://www.youtube.com/watch?v=QB_BXn8saCg,Bbatts,Fleet,Gekkingga,Loxodont,Fusion #269,Winners Final,2025-10-27 19:36:34+00:00
https://www.youtube.com/watch?v=jMQPfmn6vgk,CheesyPotato,Kragg,nard,Clairen,Fusion #269,Losers Semi-Final,2025-10-27 19:36:39+00:00
https://www.youtube.com/watch?v=pKUWn99r97Q,Gekkingga,Loxodont,CheesyPotato,Kragg,Fusion #269,Losers Final,2025-10-27 19:36:44+00:00
https://www.youtube.com/watch?v=N-xudjTFPVU,Bbatts,Fleet,Gekkingga,Loxodont,Fusion #269,Grand Finals,2025-10-27 19:36:57+00:00
https://www.youtube.com/watch?v=8DryXSrbuVE,McEdith Tutorial:,Clairen,Quack,Ranno,Fusion #271,Winners Round 1,2025-10-27 19:48:59+00:00
https://www.youtube.com/watch?v=et5C7Hum9Fk,aubreyclo,Maypul,vooni,Fleet,Fusion #271,Winners Quarter-Final,2025-10-27 19:52:52+00:00
https://www.youtube.com/watch?v=7O3ZxgGTV0c,CheesyPotato,Kragg,vooni,Fleet,Fusion #271,Winners Semi-Final,2025-10-27 19:53:41+00:00
https://www.youtube.com/watch?v=HIRvT6GaUj8,CheesyPotato,Kragg,HamPolo,Galvan,Fusion #271,Winners Final,2025-10-27 20:13:13+00:00
https://www.youtube.com/watch?v=LczYWlsKCpA,vooni,Fleet,McEdith Tutorial:,Clairen,Fusion #271,Losers Semi-Final,2025-10-27 20:13:52+00:00
https://www.youtube.com/watch?v=53R23cwlBwo,CheesyPotato,Kragg,McEdith Tutorial,Clairen,Fusion #271,Losers Final,2025-10-27 20:14:13+00:00
https://www.youtube.com/watch?v=cVoo04Aq_Dk,HamPolo,Clairen,CheesyPotato,Kragg,Fusion #271,Grand Final,2025-10-27 20:14:34+00:00
https://www.youtube.com/watch?v=hbIbS435QOM,Ev,Kragg,Air Gordon,Fleet,Fusion Arcadian 11,Halloween Edition,2025-10-28 04:28:29+00:00
https://www.youtube.com/watch?v=JIwmcIbzTeE,Arcos,Olympia,Kevorkian,Galvan,Fusion Arcadian 11,Halloween Edition,2025-10-28 04:28:38+00:00
https://www.youtube.com/watch?v=DBUGCy_2s7k,Ev,Kragg,MuttNut,Forsburn,Fusion Arcadian 11,Winners Semis,2025-10-28 04:28:49+00:00
https://www.youtube.com/watch?v=BdQfSfABZP4,MuttNut,Forsburn,Consent is Badass,Kragg,Fusion Arcadian 11,Grand Finals,2025-10-28 04:29:16+00:00
https://www.youtube.com/watch?v=8AcCdmvdbLc,mimic,Absa,Kopter,Etalus,ARRIVAL 3,Losers Top 32,2025-10-28 15:21:21+00:00
https://www.youtube.com/watch?v=HCY5xvosP2Y,mimic,Absa,risc,Forsburn,ARRIVAL 3,Losers Top 32,2025-10-28 15:23:10+00:00
https://www.youtube.com/watch?v=-pDePAcnhGA,Nibodax,Loxodont,Neylax,Olympia,ARRIVAL 3,Pools,2025-10-28 15:23:30+00:00
https://www.youtube.com/watch?v=Oqi-KTfQVTg,Zenatti,Maypul,Hukon,Orcane,ARRIVAL 3,Losers Top 32,2025-10-28 15:23:52+00:00
https://www.youtube.com/watch?v=kwMAOcc_h_c,Kidder,Ranno,Synchron,Etalus,ARRIVAL 3,Pro Bracket Winners Round 3,2025-10-28 15:26:47+00:00
https://www.youtube.com/watch?v=moLBXLdl8PE,dogpetter12,Orcane,Joey Jo-Jo Jr Shabeedoof,Etalus,ARRIVAL 3,Pools,2025-10-28 15:28:53+00:00
https://www.youtube.com/watch?v=ai4JXSK0Rf4,risc,Forsburn,Joey Jo-Jo Jr Shabeedoof,Etalus,ARRIVAL 3,Pools,2025-10-28 15:29:46+00:00
https://www.youtube.com/watch?v=ejIkxWMGfek,risc,Forsburn,VibVib,Kragg,ARRIVAL 3,Losers Top 16,2025-10-28 15:35:22+00:00
https://www.youtube.com/watch?v=4TrVV9Axc00,Nibodax,Loxodont,Kaminado,Absa,ARRIVAL 3,Pools,2025-10-28 15:51:53+00:00
https://www.youtube.com/watch?v=IEzUCDmi-v4,Sahri,Clairen,Joey Jo-Jo Jr Shabeedoof,Etalus,ARRIVAL 3,Pools,2025-10-28 15:53:47+00:00
https://www.youtube.com/watch?v=x2n4LxAB7F0,King Funk,Loxodont,Kopter,Etalus,ARRIVAL 3,Top 32,2025-10-28 16:29:12+00:00
https://www.youtube.com/watch?v=5mmdW8d8ugM,Average Alex,Galvan,Bowler,Clairen,Clip It V Grand Finals,,2025-10-28 22:34:46+00:00
https://www.youtube.com/watch?v=pJZE3opq0NA,sans.,Wrastor,Phug,Kragg,Run The Rivals #35,Winners R1,2025-10-29 02:27:37+00:00
https://www.youtube.com/watch?v=igl_q5_DFVw,Landon,Clairen,sans.,Wrastor,Run The Rivals #35,Winners Semis,2025-10-29 02:27:37+00:00
https://www.youtube.com/watch?v=oYrx_KtFcqc,Phug,Kragg,Sean Sorey,Clairen,Run The Rivals #35,Losers Quarters,2025-10-29 02:27:37+00:00
https://www.youtube.com/watch?v=x4jdfykt4FI,Phug,Kragg,Landon,Clairen,Run The Rivals #35,Losers Semis,2025-10-29 02:27:37+00:00
https://www.youtube.com/watch?v=oXabsGPFNpk,Landon,Clairen,sans.,Wrastor,Run The Rivals #35,Losers Finals,2025-10-29 02:27:37+00:00
https://www.youtube.com/watch?v=96x1KzE-t5Y,Franzwa,Galvan,Sean Sorey,Clairen,Run The Rivals #35,Winners Semis,2025-10-29 02:27:37+00:00
https://www.youtube.com/watch?v=18ZjSrjI71M,sans.,Wrastor,Franzwa,Galvan,Run The Rivals #35,Grand Finals,2025-10-29 02:27:37+00:00
https://www.youtube.com/watch?v=Hhh9wxCP0aY,Phug,Kragg,sans.,Loxodont,Run The Rivals #35,Phug Finals,2025-10-29 02:27:37+00:00
https://www.youtube.com/watch?v=BCIVRjACq6g,Franzwa,Galvan,sans.,Wrastor,Run The Rivals #35,Winners Finals,2025-10-29 02:27:37+00:00
https://www.youtube.com/watch?v=yfUhf3NJ11M,ybm,Wrastor,Xen0,Kragg,Immortal Fight Night #248 Wnrs Qrts,,2025-10-29 16:03:50+00:00
https://www.youtube.com/watch?v=28_BAtiw3GA,ybm,Wrastor,Watherum,Ranno,Immortal Fight Night #248 Wnrs Semi,,2025-10-29 16:03:57+00:00
https://www.youtube.com/watch?v=jlhE56kQs_U,Watherum,Ranno,Average Alex,Galvan,Immortal Fight Night #248 Wnrs Final,,2025-10-29 16:03:59+00:00
https://www.youtube.com/watch?v=aafxIC9LnZM,Monocle Gentlesir,Maypul,Sh-Awe,Galvan,Immortal Fight Night #248 Lsrs Semi,,2025-10-29 16:04:01+00:00
https://www.youtube.com/watch?v=kW5f1NT22Vk,Watherum,Ranno,Sh-Awe,Galvan,Immortal Fight Night #248 Lsrs Final,,2025-10-29 16:04:04+00:00
https://www.youtube.com/watch?v=8bopu5ckUWg,Average Alex,Galvan,Watherum,Ranno,Immortal Fight Night #248 Grand Finals,,2025-10-29 16:04:06+00:00
https://www.youtube.com/watch?v=wBT_1VNYZnI,Salt,Zetterburn,Roofon,Galvan,Portland Retro Gaming Expo 2025,Round 2,2025-10-30 06:51:06+00:00
https://www.youtube.com/watch?v=oC7iyu0EIPs,Sawstep,Fleet,Gerf-O-Rama,Orcane,PRGE 2025,Round 2,2025-10-30 06:51:42+00:00
https://www.youtube.com/watch?v=I0IP_F3608Q,Kyb,Fleet,X. Raven,Absa,PRGE 2025,Round 2,2025-10-30 06:52:09+00:00
https://www.youtube.com/watch?v=pijW76hSkgs,ianology,Galvan,SteveReen,Orcane,PRGE 2025,Round 2,2025-10-30 06:52:35+00:00
https://www.youtube.com/watch?v=kxAPGC-b0gU,Mystery Sol,Fleet,maya,Orcane,PRGE 2025,Round 3,2025-10-30 06:53:03+00:00
https://www.youtube.com/watch?v=0MRH6bUGyfE,Gengur,Clairen,Kyb,Fleet,Portland Retro Gaming Expo 2025,Round 3,2025-10-30 06:53:48+00:00
https://www.youtube.com/watch?v=6mQML8tEYc8,elkiies,Maypul,Mystery Sol,Fleet,PRGE 2025,Winners Top 8 Qualifier,2025-10-30 06:55:23+00:00
https://www.youtube.com/watch?v=uVIRWZyAjC0,Sawstep,Fleet,CakeAssault,Forsburn,PRGE 2025,Winners Top 8 Qualifier,2025-10-30 06:55:50+00:00
https://www.youtube.com/watch?v=RVoTqnEAvGE,Sophilo,Zetterburn,Gengur,Clairen,PRGE 2025,Winners Top 8 Qualifier,2025-10-30 06:56:18+00:00
https://www.youtube.com/watch?v=SDCeFLdQepY,Sawstep,Fleet,maya,Orcane,PRGE 2025,Losers Top 8 Qualifier,2025-10-30 06:57:12+00:00
https://www.youtube.com/watch?v=6NvLoI6kN70,Kyb,Fleet,EC | Domnique,Zetterburn,PRGE 2025,Losers Top 8 Qualifier,2025-10-30 06:57:44+00:00
https://www.youtube.com/watch?v=uScIQpw4VHY,Stango,Olympia,ZeeBee,Kragg,Collision 2025,Top 16,2025-10-30 12:50:16+00:00
https://www.youtube.com/watch?v=RKNV601HDTc,Orcane Up Special,Orcane,CheesyPotato,Kragg,Fusion 251,Losers Semis,2025-10-30 14:34:59+00:00
https://www.youtube.com/watch?v=oSpyQKiu0Fc,Orcane Up Special,Orcane,Bbatts,Fleet,Fusion 251,Grand Final,2025-10-30 14:35:24+00:00
https://www.youtube.com/watch?v=RdQ5zesvSeY,eviL,Loxodont,Ziglet,Ranno,Fusion #260,Winners Round 1,2025-10-30 14:38:45+00:00
https://www.youtube.com/watch?v=bvQFrrYxnVI,nard,Maypul,aubreyclo,Clairen,Fusion #260,Winners Quarters,2025-10-30 14:44:21+00:00
https://www.youtube.com/watch?v=gZUUPPyD5tY,Bbatts,Fleet,nard,Clairen,Fusion #260,Winners Semis,2025-10-30 14:47:57+00:00
https://www.youtube.com/watch?v=AqAaqS22uKQ,CheesyPotato,Kragg,Animal,Etalus,Fusion #260,Winners Semis,2025-10-30 14:49:05+00:00
https://www.youtube.com/watch?v=v4Eb3QHk4ow,Bbatts,Fleet,Animal,Etalus,Fusion #260,Winners Final,2025-10-30 14:50:27+00:00
https://www.youtube.com/watch?v=j7SZmciAAvc,CheesyPotato,Kragg,nard,Clairen,Fusion #260,Losers Semis,2025-10-30 14:56:07+00:00
https://www.youtube.com/watch?v=SJ2H7maKTI0,Bbatts,Fleet,CheesyPotato,Kragg,Fusion #260,Losers Final,2025-10-30 14:57:18+00:00
https://www.youtube.com/watch?v=JsZ1WKwoA0g,Animal,Etalus,Bbatts,Fleet,Fusion #260,Grand Finals,2025-10-30 14:59:16+00:00
https://www.youtube.com/watch?v=B1RGQtA1Iyg,Coach Zeke,Olympia,Air Gordon,Fleet,Fusion Arcadian 10,Winner R2,2025-10-30 15:09:46+00:00
https://www.youtube.com/watch?v=nubVCqvWkUY,HBA Mulldrifter,Etalus,Ev,Kragg,Fusion Arcadian 10,Winners R2,2025-10-30 15:09:55+00:00
https://www.youtube.com/watch?v=8Cw-zmL2JOo,Unknown,Ranno,Buck Momma,Orcane,Fusion Arcadian 10,Losers R2,2025-10-30 15:10:16+00:00
https://www.youtube.com/watch?v=T0HdxbtHp5k,Bbatts,Fleet,SolarBeam,Loxodont,Fusion Arcadian 10,Winners Semis,2025-10-30 15:10:28+00:00
https://www.youtube.com/watch?v=Q-C1Dh0jjuE,Bbatts,Fleet,HamPolo,Zetterburn,Fusion Arcadian 10,Winners Final,2025-10-30 15:10:42+00:00
https://www.youtube.com/watch?v=WDKu8ChuhVk,Mr.Watch&amp;Learn,Etalus,Lunar,Maypul,Fusion Arcadian 10,Losers Semis,2025-10-30 15:11:17+00:00
https://www.youtube.com/watch?v=NgBSrIAczJ8,HamPolo,Zetterburn,Mr.Watch&amp;Learn,Etalus,Fusion Arcadian 10,W Semis,2025-10-30 15:12:20+00:00
https://www.youtube.com/watch?v=RosO0FxjdmQ,Bbatts,Fleet,HamPolo,Zetterburn,Fusion Arcadian 10,Grand Final,2025-10-30 15:14:19+00:00
https://www.youtube.com/watch?v=O1XymXSJPyk,Technikality,Absa,Drakon,Kragg,R2AS #26,Winners Round 1,2025-11-01 15:20:33+00:00
https://www.youtube.com/watch?v=NiJ_WV6vHQg,The Reek,Loxodont,rainwyre,Galvan,R2AS #26,Winners Round 2,2025-11-01 15:20:58+00:00
https://www.youtube.com/watch?v=mGNbJO0uv_M,The Reek,Loxodont,Leobee,Maypul,R2AS #26,Top 8 Winners Semis,2025-11-01 15:33:27+00:00
https://www.youtube.com/watch?v=Q3yN1N0zO5M,Leobee,Maypul,Lucent,Orcane,R2AS #26,Top 8 Losers Quarters,2025-11-01 15:34:02+00:00
https://www.youtube.com/watch?v=oP_dvuxgujI,Moooosha,Zetterburn,MeowModeFGC,Maypul,R2AS #26,Top 8 Losers Finals,2025-11-01 15:35:39+00:00
https://www.youtube.com/watch?v=H3JW1nxKlfg,The Reek,Loxodont,MeowModeFGC,Maypul,R2AS #26,Top  8 Winners Finals,2025-11-01 15:35:53+00:00
https://www.youtube.com/watch?v=Y2WHU6w_Y1I,Moooosha,Zetterburn,Leobee,Maypul,R2AS #26,Top 8 Losers Semis,2025-11-01 15:35:53+00:00
https://www.youtube.com/watch?v=MQwrLccY29I,MeowModeFGC,Maypul,Maybe,Olympia,R2AS #26,Top 8 Winners Semis,2025-11-01 15:36:15+00:00
https://www.youtube.com/watch?v=ZTukjXd3GPY,Neutral,Loxodont,Iggy Ontario,Loxodont,Chef&#39;s Choice #15,Winners Round 1,2025-11-02 15:01:06+00:00
https://www.youtube.com/watch?v=Apk10S8TA3E,stellice,Fleet,Markrealth,Etalus,Chef&#39;s Choice #15,Winners Round 1,2025-11-02 15:15:03+00:00
https://www.youtube.com/watch?v=3X0cWEh9WDM,WDR | Triforce!,Forsburn,Iggy Ontario,Loxodont,Chef&#39;s Choice #15,Winners Semis,2025-11-02 15:30:00+00:00
https://www.youtube.com/watch?v=G-tQDDv3iUQ,WDR | Triforce!,Forsburn,n u l l u s,Loxodont,Chef&#39;s Choice #15,Winners Final,2025-11-02 16:00:24+00:00
https://www.youtube.com/watch?v=h9bq1azXlbI,Markrealth,Etalus,Iggy Ontario,Loxodont,Chef&#39;s Choice #15,Losers Semis,2025-11-02 16:15:09+00:00
https://www.youtube.com/watch?v=8pI9rQnFLbE,n u l l u s,Loxodont,Markrealth,Etalus,Chef&#39;s Choice #15,Losers Final,2025-11-02 16:30:02+00:00
https://www.youtube.com/watch?v=NKSh8R0qZjY,WDR | Triforce!,Forsburn,Markrealth,Etalus,Chef&#39;s Choice #15,Grand Final,2025-11-02 16:45:02+00:00
https://www.youtube.com/watch?v=5wN4UQHQfBE,Wattmelon,Ranno,Markrealth,Etalus,Chef&#39;s Choice #15,Winners Semis,2025-11-02 17:15:00+00:00
https://www.youtube.com/watch?v=SnTitD0TBbE,WDR | Triforce!,Forsburn,Wattmelon,Kragg,Chef&#39;s Choice #15,Winners Final,2025-11-02 17:30:08+00:00
https://www.youtube.com/watch?v=rRLEOgCrr1w,Wattmelon,Kragg,Markrealth,Etalus,Chef&#39;s Choice #15,Losers Final,2025-11-02 17:45:06+00:00
https://www.youtube.com/watch?v=DwIf4LcMGcA,Veka,Ranno,sans.,Ranno,Run The Rivals #36,Winners Round 1,2025-11-05 04:34:10+00:00
https://www.youtube.com/watch?v=nroxDOJVIAA,Franzwa,Galvan,Phug,Kragg,Run The Rivals #36,Winners Round 1,2025-11-05 04:34:59+00:00
https://www.youtube.com/watch?v=rss3tgQqZI0,Franzwa,Galvan,Phug,Kragg,Run The Rivals #36,Winners Round 1,2025-11-05 04:35:26+00:00
https://www.youtube.com/watch?v=tV27dSlkd5Q,Sean Sorey,Clairen,Phug,Kragg,Run The Rivals #36,Losers Quarters,2025-11-05 04:35:58+00:00
https://www.youtube.com/watch?v=Mi52dcyMnLE,Sean Sorey,Clairen,Veka,Clairen,Run The Rivals #36,Losers Finals,2025-11-05 04:36:18+00:00
https://www.youtube.com/watch?v=amYZbaRm6Q8,Veka,Clairen,Landon,Clairen,Run The Rivals #36,Winners Finals,2025-11-05 04:36:46+00:00
https://www.youtube.com/watch?v=aAsxtbHSKQo,Landon,Clairen,Veka,Clairen,Run The Rivals #36,Grand Finals,2025-11-05 04:37:07+00:00
https://www.youtube.com/watch?v=FqcyenWju_o,Franzwa,Kragg,Veka,Ranno,Run The Rivals #36,Grand Finals,2025-11-05 04:37:44+00:00
https://www.youtube.com/watch?v=YiqnYYLvxSw,Sean Sorey,Clairen,Franzwa,Etalus,Run The Rivals #36,Losers Semis,2025-11-05 04:38:08+00:00
https://www.youtube.com/watch?v=ROGPtyp7IHQ,Veka,Ranno,Franzwa,Forsburn,Run The Rivals #36,Winners Round 1,2025-11-05 04:38:56+00:00
https://www.youtube.com/watch?v=ZvDyBQ0t0bs,Grunk,Zetterburn,Watherum,Ranno,Immortal Fight Night #249 Wnrs Rd 1,,2025-11-06 03:08:44+00:00
https://www.youtube.com/watch?v=dha1iPdjbso,BGunn,Olympia,Reaper,Etalus,Immortal Fight Night #249 Wnrs Semi,,2025-11-06 03:08:46+00:00
https://www.youtube.com/watch?v=iarKFGAZitk,Watherum,Ranno,Average Alex,Galvan,Immortal Fight Night #249 Wnrs Semi,,2025-11-06 03:08:48+00:00
https://www.youtube.com/watch?v=zIfoVmonZyo,Reaper,Etalus,Average Alex,Galvan,Immortal Fight Night #249 Wnrs Final,,2025-11-06 03:08:50+00:00
https://www.youtube.com/watch?v=ab_i2VxPHyA,BGunn,Olympia,Watherum,Ranno,Immortal Fight Night #249 Lsrs Semi,,2025-11-06 03:08:52+00:00
https://www.youtube.com/watch?v=h1nWDF0FEFg,Reaper,Etalus,BGunn,Olympia,Immortal Fight Night #249 Lsrs Final,,2025-11-06 03:08:55+00:00
https://www.youtube.com/watch?v=N10fe1N5t4k,Average Alex,Galvan,Reaper,Etalus,Immortal Fight Night #249 Grand Finals,,2025-11-06 03:08:57+00:00
https://www.youtube.com/watch?v=G6WpuSqj3Jk,CheesyPotato,Kragg,nard,Clairen,Fusion #272,Winners Semis,2025-11-07 06:35:00+00:00
https://www.youtube.com/watch?v=yElwbj0rv6Q,CheesyPotato,Kragg,MuttNut,Forsburn,Fusion #272,Winners Quarters,2025-11-07 06:35:18+00:00
https://www.youtube.com/watch?v=CUmPNl6sn3o,McEdith Tutorial:,Clairen,HamPolo,Galvan,Fusion #272,Winners Semis,2025-11-07 06:35:24+00:00
https://www.youtube.com/watch?v=KXYYMMYkTjY,MuttNut,Forsburn,nard,Clairen,Fusion #272,Losers Semis,2025-11-07 06:35:28+00:00
https://www.youtube.com/watch?v=QDvYgAgF5y4,HamPolo,Galvan,nard,Clairen,Fusion #272,Losers Final,2025-11-07 06:35:31+00:00
https://www.youtube.com/watch?v=xiRPlXAr98Q,CheesyPotato,Kragg,HamPolo,Galvan,Fusion #272,Grand Finals,2025-11-07 06:35:34+00:00
https://www.youtube.com/watch?v=BwGOVhlea9k,Theta Juice,Galvan,Sawstep,Wrastor,Floorhug #4,Round Robin,2025-11-07 23:20:29+00:00
https://www.youtube.com/watch?v=g9u2wiXTMM8,LGDMurp,Fleet,Clem!!,Galvan,Floorhug #4,Round Robin,2025-11-07 23:21:42+00:00
https://www.youtube.com/watch?v=E-nvX3iohyc,Clem!!,Galvan,Sawstep,Fleet,Floorhug #4,Round Robin,2025-11-07 23:22:10+00:00
https://www.youtube.com/watch?v=yptEu-bJB3Y,Chokkapon Myrock,Kragg,Gerf-O-Rama,Orcane,Floorhug #4,Round Robin,2025-11-07 23:22:33+00:00
https://www.youtube.com/watch?v=BKSscP5GU5g,Gerf-O-Rama,Orcane,EpicArcher,Forsburn,Floorhug #4,Round Robin,2025-11-07 23:23:00+00:00
https://www.youtube.com/watch?v=wx4gEpfAAtQ,ianology,Galvan,EpicArcher,Fleet,Floorhug #4,Round Robin,2025-11-07 23:23:49+00:00
https://www.youtube.com/watch?v=75O0hfVKc5M,Salt,Zetterburn,Sawstep,Fleet,Floorhug #4,Round Robin,2025-11-07 23:24:12+00:00
https://www.youtube.com/watch?v=2J848gVX9sA,Bowler,Clairen,Turnap,Ranno,Straight Into The Abyss #26,Grand Finals,2025-11-08 17:00:04+00:00
https://www.youtube.com/watch?v=1wJCrwkhXf4,Average Alex,Galvan,Turnap,Ranno,Straight Into The Abyss #26,Wnrs Semi,2025-11-08 17:00:07+00:00
https://www.youtube.com/watch?v=4m1faQFjVSM,Turnap,Ranno,Bowler,Clairen,Straight Into The Abyss #26,Wnrs Final,2025-11-08 17:00:13+00:00
https://www.youtube.com/watch?v=ILCGQKDej2E,Drewsephix,Orcane,Turnap,Ranno,Straight Into The Abyss #26,Wnrs Qrts,2025-11-08 17:00:28+00:00
https://www.youtube.com/watch?v=oYtgC_sPBkA,Reaper,Etalus,Average Alex,Clairen,Straight Into The Abyss #26,Lsrs Semi,2025-11-08 17:01:29+00:00
https://www.youtube.com/watch?v=uwG4Dh510Jw,Drewsephix,Orcane,Monocle Gentlesir,Maypul,Straight Into The Abyss #26,Wnrs Rnd 1,2025-11-08 17:01:33+00:00
https://www.youtube.com/watch?v=5HgDZgdl0o0,Zombit,Kragg,SewpahMar,Olympia,House of Aether #3,Round Robin,2025-11-09 00:00:00+00:00
https://www.youtube.com/watch?v=6rh3C-L_cIM,Zombit,Kragg,Meltrd,Clairen,House of Aether #3,Round Robin,2025-11-09 00:01:00+00:00
https://www.youtube.com/watch?v=38oox_dNAbY,Zombit,Kragg,Ears,Kragg,House of Aether #3,Round Robin,2025-11-09 00:02:00+00:00
https://www.youtube.com/watch?v=lGY1QVs9PVI,Zombit,Kragg,Conde,Clairen,House of Aether #3,Round Robin,2025-11-09 00:03:00+00:00
https://www.youtube.com/watch?v=R1kK6IHhJjY,TruWill,Forsburn,Zombit,Kragg,House of Aether #3,Round Robin,2025-11-09 00:04:00+00:00
https://www.youtube.com/watch?v=tqtzzbBmsnQ,TruWill,Forsburn,Conde,Absa,House of Aether #3,Round Robin,2025-11-09 00:05:00+00:00
https://www.youtube.com/watch?v=FpP-Jd5Tkoo,SewpahMario,Olympia,Muravi,Loxodont,House of Aether #3,Round Robin,2025-11-09 00:06:00+00:00
https://www.youtube.com/watch?v=ACE2piOb0Xw,SewpahMario,Olympia,Conde,Clairen,House of Aether #3,Round Robin,2025-11-09 00:07:00+00:00
https://www.youtube.com/watch?v=4uecmgYT4Qk,Muravi,Loxodont,TruWill,Forsburn,House of Aether #3,Round Robin,2025-11-09 00:08:00+00:00
https://www.youtube.com/watch?v=f3Ik_2OFmwk,Muravi,Loxodont,Meltrd,Clairen,House of Aether #3,Round Robin,2025-11-09 00:09:00+00:00
https://www.youtube.com/watch?v=BX57ZSNGyas,Meltrd,Clairen,Conde,Clairen,House of Aether #3,Round Robin,2025-11-09 00:10:00+00:00
https://www.youtube.com/watch?v=mO0pvcXY3iA,Bastiodon,Forsburn,Shane_Bright8,Galvan,House of Aether #3,Round Robin,2025-11-09 00:11:00+00:00
https://www.youtube.com/watch?v=fsD7I340wm8,Bastiodon,Forsburn,Muravi,Loxodont,House of Aether #3,Round Robin,2025-11-09 00:12:00+00:00
https://www.youtube.com/watch?v=RmwNqJIXZ34,TruWill,Forsburn,Shane_Bright8,Galvan,House of Aether #3,Round Robin,2025-11-09 00:13:00+00:00
https://www.youtube.com/watch?v=X4cyNoU7fLY,Scion,Etalus,Muravi,Loxodont,House of Aether #3,Round Robin,2025-11-09 00:14:00+00:00
https://www.youtube.com/watch?v=6xrBTRf63NI,TruWill,Forsburn,Meltrd,Clairen,House of Aether #3,Round Robin,2025-11-09 00:15:00+00:00
https://www.youtube.com/watch?v=412PqC7PjHw,Beedrill,Fleet,Milkwaffles,Clairen,"Trey's Trashcan Nov 11, 2025",,2025-11-09 00:15:29+00:00
https://www.youtube.com/watch?v=Vyy2DgvXYjA,Nevereatcars,Maypul,Vuetzel,Wrastor,"Trey's Trashcan Nov 11, 2025",,2025-11-09 00:15:29+00:00
https://www.youtube.com/watch?v=zApy6r_jFYA,Zeoark,Forsburn,Wisp,Maypul,"Trey's Trashcan Nov 11, 2025",,2025-11-09 00:15:29+00:00
https://www.youtube.com/watch?v=RnpWIRaJ1i0,Always,Ranno,Milkwaffles,Clairen,"Trey's Trashcan Nov 11, 2025",,2025-11-09 00:15:29+00:00
https://www.youtube.com/watch?v=0rGUKhxC3p4,Wisp,Maypul,Vuetzel,Wrastor,"Trey's Trashcan Nov 11, 2025",,2025-11-09 00:15:29+00:00
https://www.youtube.com/watch?v=CdOWg-jG_8w,Zeoark,Forsburn,Always,Ranno,"Trey's Trashcan Nov 11, 2025",,2025-11-09 00:15:29+00:00
https://www.youtube.com/watch?v=Lbm1JRNsToc,Wisp,Maypul,Nevereatcars,Maypul,"Trey's Trashcan Nov 11, 2025",,2025-11-09 00:15:29+00:00
https://www.youtube.com/watch?v=6CFLZyI3XJ0,Zeoark,Forsburn,Wisp,Maypul,"Trey's Trashcan Nov 11, 2025",,2025-11-09 00:15:29+00:00
https://www.youtube.com/watch?v=AYTqmk1Cco4,Always,Ranno,Zeoark,Forsburn,"Trey's Trashcan Nov 11, 2025",,2025-11-09 00:15:29+00:00
https://www.youtube.com/watch?v=W7l3IuU_Rcw,Always,Ranno,Zeoark,Forsburn,"Trey's Trashcan Nov 11, 2025",,2025-11-09 00:15:29+00:00
https://www.youtube.com/watch?v=XBER8qPUjOM,Scion,Ranno,TruWill,Ranno,House of Aether #3,Round Robin,2025-11-09 00:16:00+00:00
https://www.youtube.com/watch?v=lvf2CHuJTJc,Always,Ranno,Wisp,Maypul,The Kitchen #3 (Oct 26th 2025),,2025-11-09 01:13:26+00:00
https://www.youtube.com/watch?v=MIGDQGd-luE,Sophilo,Zetterburn,Wisp,Maypul,The Kitchen #3 (Oct 26th 2025),,2025-11-09 01:13:26+00:00
https://www.youtube.com/watch?v=4fn_K7FOQMM,Wisp,Maypul,gnarlee,Zetterburn,The Kitchen #3 (Oct 26th 2025),,2025-11-09 01:13:26+00:00
https://www.youtube.com/watch?v=yA5Dr97slxM,TheCorndogLover,Loxodont,i0n,Kragg,The Kitchen #3 (Oct 26th 2025),,2025-11-09 01:13:26+00:00
https://www.youtube.com/watch?v=Lx1C7qzF5nI,Sawstep,Fleet,Wisp,Maypul,The Kitchen #3 (Oct 26th 2025),,2025-11-09 01:13:26+00:00
https://www.youtube.com/watch?v=fOAMdOHONHk,i0n,Kragg,elkiies,Maypul,The Kitchen #3 (Oct 26th 2025),,2025-11-09 01:13:26+00:00
https://www.youtube.com/watch?v=CHTuvfuAKyk,Wisp,Maypul,Gengu,Galvan,The Kitchen #3 (Oct 26th 2025),,2025-11-09 01:13:26+00:00
https://www.youtube.com/watch?v=1FoHC80w45A,Sophilo,Zetterburn,lolnice,Olympia,The Kitchen #3 (Oct 26th 2025),,2025-11-09 01:13:26+00:00
https://www.youtube.com/watch?v=SVDl6ufyrbs,Kapl,Clairen,Gengu,Kragg,The Kitchen #3 (Oct 26th 2025),,2025-11-09 01:13:26+00:00
https://www.youtube.com/watch?v=pgqyEfVnTC4,electric,Wrastor,w0wells,Wrastor,R2AS #27,Winners Quarters,2025-11-09 16:46:14+00:00
https://www.youtube.com/watch?v=8l9OmCgF9bo,Moooosha,Zetterburn,w0wells,Wrastor,R2AS #27,Top 8 Winners Semis,2025-11-09 16:51:07+00:00
https://www.youtube.com/watch?v=Mtyb8x8fdkU,Leobee,Maypul,Moooosha,Zetterburn,R2AS #27,Top 8 Winners Finals,2025-11-09 16:54:39+00:00
https://www.youtube.com/watch?v=tOtUHZ_jipI,EllisonSeven,Forsburn,Leobee,Maypul,R2AS #27,Top 8 Winners Semis,2025-11-09 16:55:06+00:00
https://www.youtube.com/watch?v=zeXAQ_Lzf_A,Moooosha,Zetterburn,w0wells,Wrastor,R2AS #27,Top 8 Losers Finals,2025-11-09 17:01:38+00:00
https://www.youtube.com/watch?v=TQYxFDR4iCk,MeowModeFGC,Maypul,w0wells,Wrastor,R2AS #27,Top 8 Losers Quarters,2025-11-09 17:02:08+00:00
https://www.youtube.com/watch?v=kG8h-6c-aEk,Sh-Awe,Galvan,Bowler,Clairen,Immortal Fight Night #250,Wnrs Rd 1,2025-11-11 19:59:24+00:00
https://www.youtube.com/watch?v=f94maRYKc8Q,Wetherum,Ranno,Average Alex,Olympia,Immortal Fight Night #250,Wnrs Semi,2025-11-11 20:00:22+00:00
https://www.youtube.com/watch?v=R6VWV-66cXE,Bowler,Clairen,ybm,Wrastor,Immortal Fight Night #250,Wnrs Semi,2025-11-11 20:00:38+00:00
https://www.youtube.com/watch?v=YhhX4wx0j4Y,Bowler,Clairen,Average Alex,Olympia,Immortal Fight Night #250,Wnrs Final,2025-11-11 20:01:03+00:00
https://www.youtube.com/watch?v=a5UU4DkgHpY,BGunn,Olympia,ybm,Wrastor,Immortal Fight Night #250,Lsrs Semi,2025-11-11 20:01:20+00:00
https://www.youtube.com/watch?v=7sK6Sg3ywhc,Bowler,Clairen,ybm,Wrastor,Immortal Fight Night #250,Lsrs Final,2025-11-11 20:01:41+00:00
https://www.youtube.com/watch?v=O0Urb1mLz_I,Average Alex,Olympia,Bowler,Clairen,Immortal Fight Night #250,Grand Finals,2025-11-11 20:02:02+00:00
https://www.youtube.com/watch?v=eIxcpan35qk,Landon,Clairen,BIG WILL,Ranno,Run The Rivals #37,Winners Quarters,2025-11-12 03:48:13+00:00
https://www.youtube.com/watch?v=SqAXYbIk4Qo,Failbot,Kragg,The Football,Kragg,Run The Rivals #37,Winners Quarters,2025-11-12 03:48:13+00:00
https://www.youtube.com/watch?v=2O42wRIdu1g,Landon,Clairen,Hunter,Galvan,Run The Rivals #37,Winners Semis,2025-11-12 03:48:13+00:00
https://www.youtube.com/watch?v=t1Mq8zhEmKk,Failbot,Clairen,Mastronarde,Forsburn,Run The Rivals #37,Winners Semis,2025-11-12 03:48:13+00:00
https://www.youtube.com/watch?v=yFTmOxVPR1M,Mastronarde,Forsburn,Oppa Galvan Style,Etalus,Run The Rivals #37,Losers Quarters,2025-11-12 03:48:13+00:00
https://www.youtube.com/watch?v=YzUt_iErI7s,Failbot,Clairen,Landon,Clairen,Run The Rivals #37,Winners Finals,2025-11-12 03:48:13+00:00
https://www.youtube.com/watch?v=JZ8dsq0hSV8,Mastronarde,Forsburn,Hunter,Galvan,Run The Rivals #37,Losers Semis,2025-11-12 03:48:13+00:00
https://www.youtube.com/watch?v=mduBmdp33bw,Hunter,Galvan,Landon,Clairen,Run The Rivals #37,Losers Finals,2025-11-12 03:48:13+00:00
https://www.youtube.com/watch?v=XIHQwQ5jweM,Failbot,Clairen,Landon,Clairen,Run The Rivals #37,Grand Finals,2025-11-12 03:48:13+00:00
https://www.youtube.com/watch?v=tDJ9TMoz6jU,SaintPat,Kragg,Sophilo,Zetterburn,Heat Wave 8,Top 8 Losers Round 1,2025-11-15 00:00:00+00:00
https://www.youtube.com/watch?v=tAODNETNXio,sly,Clairen,I0N,Kragg,Heat Wave 8,Top 32 Winners Quarter-Final,2025-11-15 00:00:00+00:00
https://www.youtube.com/watch?v=zwLIoTorL3Q,Landon,Clairen,Stro,Clairen,Heat Wave 8,Top 32 Winners Round 1,2025-11-15 00:00:00+00:00
https://www.youtube.com/watch?v=4e_vgo8dmK0,Sophilo,Zetterburn,Dakpo,Wrastor,Heat Wave 8,Top 32 Losers Round 4,2025-11-15 00:00:00+00:00
https://www.youtube.com/watch?v=jdx8CfXPis0,SaintPat,Kragg,Landon,Clairen,Heat Wave 8,Top 32 Losers Round 4,2025-11-15 00:00:00+00:00
https://www.youtube.com/watch?v=RD5fGsm-B6Y,maya,Orcane,sly,Clairen,Heat Wave 8,Top 32 Losers Round 3,2025-11-15 00:00:00+00:00
https://www.youtube.com/watch?v=385PrCHbMbc,Beastly,Zetterburn,elkiies,Maypul,Heat Wave 8,Top 32 Winners Quarter-Final,2025-11-15 00:00:00+00:00
https://www.youtube.com/watch?v=VPBSqMeL894,Sophilo,Zetterburn,ZeeBee,Kragg,Heat Wave 8,Top 32 Winners Quarter-Final,2025-11-15 00:00:00+00:00
https://www.youtube.com/watch?v=L9-YRD7Ci7g,CakeAssault,Forsburn,Landon,Clairen,Heat Wave 8,Top 32 Winners Quarter-Final,2025-11-15 00:00:00+00:00
https://www.youtube.com/watch?v=PwT7DrVJUaY,ZeeBee,Kragg,maya,Orcane,Heat Wave 8,Top 32 Winners Round 1,2025-11-15 00:00:00+00:00
https://www.youtube.com/watch?v=LEhD_yq7fpI,Nbad,Maypul,Dakpo,Wrastor,Heat Wave 8,Top 32 Losers Round 3,2025-11-15 00:00:00+00:00
https://www.youtube.com/watch?v=sR5jmIewHlg,ZeeBee,Kragg,maya,Orcane,Heat Wave 8,Top 32 Winners Round 1,2025-11-15 00:00:00+00:00
https://www.youtube.com/watch?v=B1jLOCfJ5Tw,Nbad,Maypul,I0N,Kragg,Heat Wave 8,Top 32 Winners Round 1,2025-11-15 00:00:00+00:00
https://www.youtube.com/watch?v=-tESTTCV3tE,Beastly,Zetterburn,Sophilo,Zetterburn,Heat Wave 8,Top 8 Losers Quarter-Final,2025-11-15 00:00:00+00:00
https://www.youtube.com/watch?v=sF3EW-am25I,I0N,Kragg,CakeAssault,Fleet,Heat Wave 8,Grand Final,2025-11-15 00:00:00+00:00
https://www.youtube.com/watch?v=LIZeUtHmaEM,Beastly,Zetterburn,CakeAssault,Forsburn,Heat Wave 8,Top 8 Losers Final,2025-11-15 00:00:00+00:00
https://www.youtube.com/watch?v=XVOsQQf5RQc,Beastly,Zetterburn,ZeeBee,Kragg,Heat Wave 8,Top 8 Losers Semi-Final,2025-11-15 00:00:00+00:00
https://www.youtube.com/watch?v=rVCB6EShbbY,CakeAssault,Forsburn,I0N,Kragg,Heat Wave 8,Top 8 Winners Final,2025-11-15 00:00:00+00:00
https://www.youtube.com/watch?v=wK0l9Ci6tfE,ZeeBee,Kragg,sly,Clairen,Heat Wave 8,Top 8 Losers Quarter-Final,2025-11-15 00:00:00+00:00
https://www.youtube.com/watch?v=BZbfKt8NrQ4,Beastly,Zetterburn,I0N,Olympia,Heat Wave 8,Top 8 Winners Semi-Final,2025-11-15 00:00:00+00:00
https://www.youtube.com/watch?v=d6GjgvgXgnc,CakeAssault,Forsburn,ZeeBee,Kragg,Heat Wave 8,Top 8 Winners Semi-Final,2025-11-15 00:00:00+00:00
https://www.youtube.com/watch?v=XL1Nf1aUyyg,sly,Clairen,Stro,Clairen,Heat Wave 8,Top 8 Losers Round 1,2025-11-15 00:00:00+00:00
https://www.youtube.com/watch?v=jMwgNyrwOWU,Nbad,Maypul,Renzo,Orcane,Heat Wave 8,Pools,2025-11-15 00:00:00+00:00
https://www.youtube.com/watch?v=MfsvhSnV2EU,CakeAssault,Forsburn,ThrownOrc,Wrastor,Heat Wave 8,Pools,2025-11-15 00:00:00+00:00
https://www.youtube.com/watch?v=RoPaYbSr3MI,MSB,Loxodont,The Re:Cupid,Zetterburn,Heat Wave 8,Pools,2025-11-15 00:00:00+00:00
https://www.youtube.com/watch?v=8Ak6vSvNnFA,Seelder,Fleet,The Librarian,Olympia,Heat Wave 8,Pools,2025-11-15 00:00:00+00:00
https://www.youtube.com/watch?v=pDym6gkr0Cg,F4keNotR3al,Loxodont,Beastly,Zetterburn,Heat Wave 8,Pools,2025-11-15 00:00:00+00:00
https://www.youtube.com/watch?v=jGTaeCPmmhs,Farbanti,Clairen,ThrownOrc,Wrastor,Heat Wave 8,Pools,2025-11-15 00:00:00+00:00
https://www.youtube.com/watch?v=STFmmc1PKIk,The Cheat,Ranno,Landkon2,Galvan,Heat Wave 8,Pools,2025-11-15 00:00:00+00:00
https://www.youtube.com/watch?v=BNiSgWkWWig,omar,Maypul,SaintPat,Kragg,Heat Wave 8,Pools,2025-11-15 00:00:00+00:00
https://www.youtube.com/watch?v=T3joUdHOgMM,MajinMiku,Olympia,Sophilo,Zetterburn,Heat Wave 8,Pools,2025-11-15 00:00:00+00:00
https://www.youtube.com/watch?v=Wk1eAXbZuPo,Jett The Jenga God,Kragg,darai,Ranno,Heat Wave 8,Pools,2025-11-15 00:00:00+00:00
https://www.youtube.com/watch?v=ldGZgxM5mq8,Bowler,Clairen,I0N,Kragg,Heat Wave 8,Pools,2025-11-15 00:00:00+00:00
https://www.youtube.com/watch?v=nsw7NxeiXL8,Shotgun doggy,Kragg,Orbital,Absa,Heat Wave 8,Pools,2025-11-15 00:00:00+00:00
https://www.youtube.com/watch?v=xBVrZFw8G9A,sly,Clairen,Luna,Olympia,Heat Wave 8,Pools,2025-11-15 00:00:00+00:00
https://www.youtube.com/watch?v=x5cem_6uv9w,Stro,Clairen,Glum,Clairen,Heat Wave 8,Pools,2025-11-15 00:00:00+00:00
https://www.youtube.com/watch?v=_k6QMumNStc,Sacto Style,Kragg,Landon,Clairen,Heat Wave 8,Pools,2025-11-15 00:00:00+00:00
https://www.youtube.com/watch?v=szKB3FCv-Qk,OriMori,Orcane,Plastic Dinos,Galvan,Heat Wave 8,Pools,2025-11-15 00:00:00+00:00
https://www.youtube.com/watch?v=G6Q-SJi4msU,maya,Orcane,darai,Ranno,Heat Wave 8,Pools,2025-11-15 00:00:00+00:00
https://www.youtube.com/watch?v=qD39rFzlYGc,ZeeBee,Kragg,Potatoes,Loxodont,Heat Wave 8,Pools,2025-11-15 00:00:00+00:00
https://www.youtube.com/watch?v=gShIT33BzNk,McEdith Tutorial:,Clairen,aubreyclo,Maypul,Fusion #274,Bracket,2025-11-18 04:46:21+00:00
https://www.youtube.com/watch?v=OTwO5svKqWU,Coach Zeke,Olympia,Unknown,Ranno,Fusion #274,Bracket,2025-11-18 04:46:28+00:00
https://www.youtube.com/watch?v=4ISX0iSFdV8,Vooni,Fleet,MuttNutt,Forsburn,Fusion #274,Bracket,2025-11-18 04:46:34+00:00
https://www.youtube.com/watch?v=vlJVa0iN9_Y,nard,Clairen,Ev,Kragg,Fusion #274,Bracket,2025-11-18 04:46:45+00:00
https://www.youtube.com/watch?v=HFzrKUMF4W0,Gekkingga,Loxodont,MuttNut,Forsburn,Fusion #274,Bracket,2025-11-18 04:46:51+00:00
https://www.youtube.com/watch?v=SjQvxpAmjIk,HamPolo,Galvan,Ev,Kragg,Fusion #274,Bracket,2025-11-18 04:46:58+00:00
https://www.youtube.com/watch?v=vwi8ehuNOwY,Gekkingga,Galvan,HamPolo,Kragg,Fusion #274,Winners Final,2025-11-18 04:47:06+00:00
https://www.youtube.com/watch?v=TtT1D-jcZjw,MuttNut,Forsburn,McEdith Tutorial:,Clairen,Fusion #274,Losers Semis,2025-11-18 04:47:13+00:00
https://www.youtube.com/watch?v=9iu6w04SmQ8,Gekkingga,Loxodont,MuttNut,Forsburn,Fusion #274,Losers Final,2025-11-18 04:47:25+00:00
https://www.youtube.com/watch?v=YsQspaKzMdA,Average Alex,Forsburn,ybm,Wrastor,Immortal Fight Night #251,Rnd Robin,2025-11-18 23:27:44+00:00
https://www.youtube.com/watch?v=_sINqAlZX2Y,Watherum,Ranno,Reaper,Etalus,Immortal Fight Night #251,Rnd Robin,2025-11-18 23:28:59+00:00
https://www.youtube.com/watch?v=_ZY1WOduATk,Watherum,Ranno,Average Alex,Kragg,Immortal Fight Night #251,Rnd Robin,2025-11-18 23:29:19+00:00
https://www.youtube.com/watch?v=0YDp7Lnj4Sw,Grunk,Zetterburn,Average Alex,Galvan,Immortal Fight Night #251,Rnd Robin,2025-11-18 23:29:46+00:00
https://www.youtube.com/watch?v=97UJu2uRFKc,Reaper,Etalus,Average Alex,Galvan,Immortal Fight Night #251,Rnd Robin,2025-11-18 23:30:24+00:00
https://www.youtube.com/watch?v=sAvSIstWv3Y,Grunk,Zetterburn,Watherum,Ranno,Immortal Fight Night #251,Rnd Robin,2025-11-18 23:30:42+00:00
https://www.youtube.com/watch?v=WBokKzc0skc,Wisp,Maypul,Vuetzel,Wrastor,"Trey's Trashcan Nov 18, 2025",,2025-11-21 02:18:36+00:00
https://www.youtube.com/watch?v=RBXY251F0Uw,Wisp,Maypul,John Neutral,Ranno,"Trey's Trashcan Nov 18, 2025",,2025-11-21 02:18:36+00:00
https://www.youtube.com/watch?v=OOgvT530qpA,Vuetzel,Wrastor,John Neutral,Ranno,Trey's Trashcan Nov 18 2025,,2025-11-21 02:18:36+00:00
https://www.youtube.com/watch?v=Q9d8L8sXMf0,Wisp,Maypul,Always,Ranno,"Trey's Trashcan Nov 18, 2025",,2025-11-21 02:18:36+00:00
https://www.youtube.com/watch?v=VQPhw7SC70A,Wisp,Maypul,Christos,Galvan,"Trey's Trashcan Nov 18, 2025",,2025-11-21 02:18:36+00:00
https://www.youtube.com/watch?v=5rVdKqAHxKY,Wisp,Maypul,Beedrill,Fleet,Trey's Trashcan Nov 18 2025,,2025-11-21 02:18:36+00:00
https://www.youtube.com/watch?v=o9smc_KtRoY,Vuetzel,Wrastor,Beedrill,Fleet,"Trey's Trashcan Nov 18, 2025",,2025-11-21 02:18:36+00:00
https://www.youtube.com/watch?v=X3UZbvdoXNc,Always,Ranno,Christos,Galvan,"Trey's Trashcan Nov 18, 2025",,2025-11-21 02:18:36+00:00
https://www.youtube.com/watch?v=2MEd5RPpjD8,Always,Ranno,Wisp,Maypul,Trey's Trashcan Nov 18 2025,Grand Finals,2025-11-21 02:18:36+00:00
https://www.youtube.com/watch?v=5KcEkFyUubU,Turnap,Ranno,Monocle Gentlesir,Maypul,Straight Into The Abyss #27,Wnrs Rnd 1,2025-11-21 04:37:09+00:00
https://www.youtube.com/watch?v=SjPLglZjEMw,Waddles_,Zetterburn,Turnap,Ranno,Straight Into The Abyss #27,Wnrs Qrts,2025-11-21 04:45:26+00:00
https://www.youtube.com/watch?v=lf-wAwFEVTM,Viviana,Kragg,Hockey,Zetterburn,Straight Into The Abyss #27,Wnrs Qrts,2025-11-21 04:46:26+00:00
https://www.youtube.com/watch?v=Zkh2XhvOXQY,Turnap,Ranno,Bowler,Clairen,Straight Into The Abyss #27,Wnrs Semi,2025-11-21 04:46:52+00:00
https://www.youtube.com/watch?v=RQbE-l0tq98,Viviana,Loxodont,Bowler,Clairen,Straight Into The Abyss #27,Wnrs Final,2025-11-21 04:47:17+00:00
https://www.youtube.com/watch?v=dVXcTXFG5wk,Mask,Galvan,Turnap,Ranno,Straight Into The Abyss #27,Lsrs Semi,2025-11-21 04:47:47+00:00
https://www.youtube.com/watch?v=AhJQhelReTA,Viviana,Loxodont,Turnap,Ranno,Straight Into The Abyss #27,Lsrs Final,2025-11-21 04:50:20+00:00
https://www.youtube.com/watch?v=E4cYrOlL_h0,Bowler,Clairen,Turnap,Ranno,Straight Into The Abyss #27,Grand Finals,2025-11-21 04:51:39+00:00
https://www.youtube.com/watch?v=SRQbicztbtU,Antic | Dia,Ranno,Nibodax,Loxodont,Lunacity 31,Grand Finals,2025-11-22 09:55:48+00:00
https://www.youtube.com/watch?v=BbxM9QRUYq0,Wiiland,Kragg,M.sosis,Loxodont,Lunacity 31,Winners Round 1,2025-11-22 09:59:05+00:00
https://www.youtube.com/watch?v=79YzjJr4ZZ8,Globu,Clairen,EMPALA | Xetroz,Galvan,Lunacity 31,Winners Round 2,2025-11-22 10:02:17+00:00
https://www.youtube.com/watch?v=P2TW72ywPXE,Ontos,Clairen,Kignof,Kragg,Lunacity 31,Winners Round 2,2025-11-22 10:04:04+00:00
https://www.youtube.com/watch?v=cQh4RYaQG74,Globu,Clairen,LunarySSF2,Clairen,Lunacity 31,Winners Quarters,2025-11-22 10:06:55+00:00
https://www.youtube.com/watch?v=q83q_f4zLMI,LFG | Cookies,Maypul,IV? | ren,Zetterburn,Lunacity 31,Winners Quarters,2025-11-22 10:28:36+00:00
https://www.youtube.com/watch?v=Mx6kmKZR3fk,Nibodax,Clairen,LaFurfagrie | Chronos,Fleet,Lunacity 31,Winners Quarters,2025-11-22 10:44:00+00:00
https://www.youtube.com/watch?v=g_9GD0V0YsY,Antic | Dia,Ranno,IV? | ren,Zetterburn,Lunacity 31,Winners Semis,2025-11-22 10:47:14+00:00
https://www.youtube.com/watch?v=Ve29UnBwEvw,Nibodax,Clairen,Globu,Clairen,Lunacity 31,Winners Semis,2025-11-22 10:49:45+00:00
https://www.youtube.com/watch?v=n_WzITjt1fc,LFG | Cookies,Maypul,Nibodax,Clairen,Lunacity 31,Losers Quarters,2025-11-22 10:52:08+00:00
https://www.youtube.com/watch?v=yo8CIxkBr0s,Globu,Clairen,Antic | Dia,Ranno,Lunacity 31,Winners Finals,2025-11-22 10:55:31+00:00
https://www.youtube.com/watch?v=QxDv6O9JUR4,Globu,Clairen,Nibodax,Clairen,Lunacity 31,Losers Finals,2025-11-22 10:57:33+00:00
https://www.youtube.com/watch?v=0w3rwKxef4g,DonCascone,Loxodont,Solid,Zetterburn,Aether Reborn #7,Winners Semi-Final,2025-11-24 18:12:39+00:00
https://www.youtube.com/watch?v=vGTXLVLoviw,Genarog,Fleet,Turtle,Ranno,Aether Reborn #7,Winners Semi-Final,2025-11-24 18:12:39+00:00
https://www.youtube.com/watch?v=0z82-jmtCRo,DonCascone,Loxodont,Genarog,Fleet,Aether Reborn #7,Winners Final,2025-11-24 18:12:39+00:00
https://www.youtube.com/watch?v=dOhWP5DWtLs,Turtle,Ranno,Solid,Zetterburn,Aether Reborn #7,Losers Semis,2025-11-24 18:12:39+00:00
https://www.youtube.com/watch?v=NzP8Wm6QAug,BlatoZardd,Galvan,Light,Forsburn,Aether Reborn #7,Losers Eights,2025-11-24 18:12:39+00:00
https://www.youtube.com/watch?v=jZOEkXWGbos,Dav,Wrastor,LyncDandy,Fleet,Aether Reborn #7,Losers Eights,2025-11-24 18:12:39+00:00
https://www.youtube.com/watch?v=Vvka5INVAxc,Turtle,Ranno,Light,Forsburn,Aether Reborn #7,Losers Quarter-Final,2025-11-24 18:12:39+00:00
https://www.youtube.com/watch?v=gEwrE7QMWLk,DonCascone,Loxodont,Genarog,Fleet,Aether Reborn #7,Grand Final,2025-11-24 18:12:39+00:00
https://www.youtube.com/watch?v=M6Sy3JE9nA0,Solid,Zetterburn,Genarog,Fleet,Aether Reborn #7,Losers Final,2025-11-24 18:12:39+00:00
https://www.youtube.com/watch?v=XGne-UIY6yU,Triforce!,Forsburn,Aurora,Absa,NEROWversary 2025,Pools,2025-11-25 00:00:00+00:00
https://www.youtube.com/watch?v=cHlPy1gx2sU,Dirtbag Carlos,Galvan,Bop GOT EM,Etalus,NEROWversary 2025,Pools,2025-11-25 00:00:00+00:01
https://www.youtube.com/watch?v=aS2Xrz4tnvA,Teri,Olympia,Leof,Maypul,NEROWversary 2025,Pools,2025-11-25 00:00:00+00:02
https://www.youtube.com/watch?v=h6dnHrcO_50,Torna,Wrastor,DrLobster,Kragg,NEROWversary 2025,Pools,2025-11-25 00:00:00+00:03
https://www.youtube.com/watch?v=ruPyV5HzPCQ,AoC | SapphireGD,Zetterburn,OreoCookie,Maypul,NEROWversary 2025,Pools,2025-11-25 00:00:00+00:04
https://www.youtube.com/watch?v=tR49B0UPEpo,Shadowhawke,Absa,Torna,Wrastor,NEROWversary 2025,Winners Quarterfinals,2025-11-25 00:00:00+00:05
https://www.youtube.com/watch?v=8rUF7Z6kosw,Landon,Clairen,Ant,Absa,NEROWversary 2025,Winners Quarterfinals,2025-11-25 00:00:00+00:06
https://www.youtube.com/watch?v=LrPDsVf4kts,Bbatts,Fleet,Torna,Wrastor,NEROWversary 2025,Winners Semifinals,2025-11-25 00:00:00+00:07
https://www.youtube.com/watch?v=y9Td63K406k,Teri,Olympia,Ant,Absa,NEROWversary 2025,Winners Semifinals,2025-11-25 00:00:00+00:08
https://www.youtube.com/watch?v=A1Ezs8w2RCU,Bbatts,Fleet,Ant,Absa,NEROWversary 2025,Winners Finals,2025-11-25 00:00:00+00:09
https://www.youtube.com/watch?v=lsUjRmcjf6c,Teri,Olympia,Landon,Clairen,NEROWversary 2025,Losers Semifinals,2025-11-25 00:00:00+00:10
https://www.youtube.com/watch?v=O0vUwpFd4bU,Shadowhawke,Absa,Teri,Olympia,NEROWversary 2025,Losers Quarterfinals,2025-11-25 00:00:00+00:11
https://www.youtube.com/watch?v=cicdduU1pI4,Bbatts,Fleet,Landon,Clairen,NEROWversary 2025,Losers Finals,2025-11-25 00:00:00+00:12
https://www.youtube.com/watch?v=58Hz4BWlGz8,Bbatts,Fleet,Ant,Absa,NEROWversary 2025,Grand Finals,2025-11-25 00:00:00+00:13
https://www.youtube.com/watch?v=lOh1WBYbC4g,ybm,Wrastor,Watherum,Ranno,Immortal Fight Night #252,Wnrs Qrts,2025-11-25 05:38:11+00:00
https://www.youtube.com/watch?v=nQduc_4Twy0,Bowler,Clairen,BGunn,Olympia,Immortal Fight Night #252,Wnrs Semi,2025-11-25 05:39:05+00:00
https://www.youtube.com/watch?v=NDQKXBn4QWg,Watherum,Ranno,Average Alex,Kragg,Immortal Fight Night #252,Wnrs Semi,2025-11-25 05:39:28+00:00
https://www.youtube.com/watch?v=OLNiSm-wzMU,Bowler,Clairen,Average Alex,Kragg,Immortal Fight Night #252,Wnrs Final,2025-11-25 05:39:51+00:00
https://www.youtube.com/watch?v=Kz2Y7oP5Qq4,Watherum,Ranno,BGunn,Olympia,Immortal Fight Night #252,Lsrs Semi,2025-11-25 05:40:08+00:00
https://www.youtube.com/watch?v=DYeukRXPpow,Bowler,Clairen,BGunn,Olympia,Immortal Fight Night #252,Lsrs Final,2025-11-25 05:40:27+00:00
https://www.youtube.com/watch?v=ghBa3MBMONg,Average Alex,Kragg,Bowler,Clairen,Immortal Fight Night #252,Grand Finals,2025-11-25 05:40:46+00:00
https://www.youtube.com/watch?v=VlPgOgy7xBo,aubreyclo,Maypul,MlemGoober,Fleet,Fusion #275,Winners Round 1,2025-11-27 05:52:22+00:00
https://www.youtube.com/watch?v=_F72_Ox4gBI,Dance Powder Merchant,Olympia,Mulldrifter,Loxodont,Fusion #275,WR1,2025-11-27 05:56:28+00:00
https://www.youtube.com/watch?v=ZA7uambfVVI,cisgenderwomanedithflame,Clairen,Ev,Kragg,Fusion #275,Winners Round 2,2025-11-27 06:02:18+00:00
https://www.youtube.com/watch?v=uH8nXxwydjo,Seelder,Fleet,Mr.Watch&amp;Learn,Etalus,Fusion #275,Winners Round 2,2025-11-27 06:03:42+00:00
https://www.youtube.com/watch?v=wjYeneYUTaw,Bbatts,Fleet,vooni,Fleet,Fusion #275,Winners Quarters,2025-11-27 06:04:45+00:00
https://www.youtube.com/watch?v=tfvBYuFiQEQ,Gekkingga,Loxodont,Seelder,Fleet,Fusion #275,Winners Quarters,2025-11-27 06:05:47+00:00
https://www.youtube.com/watch?v=O3-500-ajuk,HamPolo,Galvan,CheesyPotato,Kragg,Fusion #275,Winners Semis,2025-11-27 06:06:58+00:00
https://www.youtube.com/watch?v=BUBVgEf928A,Bbatts,Fleet,Gekkingga,Loxodont,Fusion #275,Winners Semis,2025-11-27 06:07:59+00:00
https://www.youtube.com/watch?v=EzUdF0WGND4,Bbatts,Fleet,CheesyPotato,Kragg,Fusion #275,Winners Final,2025-11-27 06:08:55+00:00
https://www.youtube.com/watch?v=mB8tsUCjqMc,Gekkingga,Loxodont,Nard,Clairen,Fusion #275,Losers Quarters,2025-11-27 06:10:34+00:00
https://www.youtube.com/watch?v=QQz5xetZ6_I,Gekkingga,Loxodont,Seelder,Fleet,Fusion #275,Losers Semis,2025-11-27 06:21:11+00:00
https://www.youtube.com/watch?v=BK-622wWvEw,Bbatts,Fleet,CheesyPotato,Kragg,Fusion #275,Grand Finals,2025-11-27 06:23:26+00:00
https://www.youtube.com/watch?v=d3f8iXJXDbo,Thel,Fleet,Ross,Zetterburn,R2AS #28,Winners Quarters,2025-11-29 19:25:40+00:00
https://www.youtube.com/watch?v=dxgMj2_3rXA,Moooosha,Zetterburn,Lucent,Orcane,R2AS #28,Top 8 Losers Semis,2025-11-29 19:34:38+00:00
https://www.youtube.com/watch?v=oQSDPJ299YY,Lord,Galvan,Magma,Wrastor,R2AS #28,Top 8 Winners Semis,2025-11-29 19:35:57+00:00
https://www.youtube.com/watch?v=NpzUs4HVRr0,Teve,Olympia,Magma,Wrastor,R2AS #28,Top 8 Winners Finals,2025-11-29 19:36:59+00:00
https://www.youtube.com/watch?v=40WnPh2DkIY,Teve,Olympia,Ross,Zetterburn,R2AS #28,Top 8 Winners Semis,2025-11-29 19:38:37+00:00
https://www.youtube.com/watch?v=6HtoeAFWPzw,Mooosha,Zetterburn,Teve,Olympia,R2AS #28,Top 8 Losers Finals,2025-11-29 19:39:01+00:00
https://www.youtube.com/watch?v=Zk9ici4c1HA,Lord,Galvan,Lucent,Orcane,R2AS #28,Top 8 Losers Quarters,2025-11-29 19:40:39+00:00
https://www.youtube.com/watch?v=dtHkrGnrBzA,ybm,Wrastor,Reaper,Etalus,Immortal Fight Night #253,Wnrs Qrts,2025-12-02 05:42:00+00:00
https://www.youtube.com/watch?v=FaYQdTft_4k,Reaper,Etalus,Bowler,Clairen,Immortal Fight Night #253,Wnrs Semi,2025-12-02 05:43:17+00:00
https://www.youtube.com/watch?v=P0VhsfJ1MV8,Watherum,Ranno,Average Alex,Kragg,Immortal Fight Night #253,Wnrs Semi,2025-12-02 05:43:33+00:00
https://www.youtube.com/watch?v=lTr_e7jNYwQ,Reaper,Etalus,Average Alex,Kragg,Immortal Fight Night #253,Wnrs Final,2025-12-02 05:44:53+00:00
https://www.youtube.com/watch?v=q8-cIeIENeI,Watherum,Ranno,Bowler,Clairen,Immortal Fight Night #253,Lsrs Semi,2025-12-02 05:46:09+00:00
https://www.youtube.com/watch?v=1cItpa2W49w,Bowler,Clairen,Reaper,Etalus,Immortal Fight Night #253,Lsrs Final,2025-12-02 05:46:30+00:00
https://www.youtube.com/watch?v=9ta60TdOx_4,Average Alex,Kragg,Reaper,Etalus,Immortal Fight Night #253,Grand Finals,2025-12-02 05:48:00+00:00
https://www.youtube.com/watch?v=iO8dZKLdjKM,Coach Zeke,Olympia,Space,Galvan,Fusion #276,Winners Round 2,2025-12-02 21:53:09+00:00
https://www.youtube.com/watch?v=_p1WG_dGnlU,HamPolo,Galvan,HBA Mulldrifter,Loxodont,Fusion #276,Winners Quarters,2025-12-02 21:54:06+00:00
https://www.youtube.com/watch?v=bgXtMsHpMgA,nard,Clairen,Odyssey,Clairen,Fusion #276,Winners Quarters,2025-12-02 21:55:00+00:00
https://www.youtube.com/watch?v=kko5_Awm6Kk,HamPolo,Galvan,Gekkingga,Loxodont,Fusion #276,Winners Semis,2025-12-02 21:55:52+00:00
https://www.youtube.com/watch?v=G2onuZjj3tE,CheesyPotato,Kragg,nard,Clairen,Fusion #276,Winners Semis,2025-12-02 21:56:54+00:00
https://www.youtube.com/watch?v=kUhR_QuhlKg,CheesyPotato,Kragg,Gekkingga,Loxodont,Fusion #276,Winners Final,2025-12-02 21:57:51+00:00
https://www.youtube.com/watch?v=pc9TssKyboY,HamPolo,Galvan,nard,Clairen,Fusion #276,Losers Semis,2025-12-02 21:59:01+00:00
https://www.youtube.com/watch?v=byYdo7reirI,Gekkingga,Loxodont,nard,Clairen,Fusion #276,Losers Final,2025-12-02 22:00:14+00:00
https://www.youtube.com/watch?v=hea-z8kQL5Y,CheesyPotato,Kragg,Gekkingga,Loxodont,Fusion #276,Grand Finals,2025-12-02 22:01:08+00:00
https://www.youtube.com/watch?v=IijbdknUgcU,aubreyclo,Maypul,cisgenderwomanedithflame,Clairen,Fusion #276,Pools,2025-12-02 22:03:57+00:00
https://www.youtube.com/watch?v=d2MCwg_jkgc,Mastronarde,Galvan,BIG WILL,Ranno,Run The Rivals #39,Winners R1,2025-12-03 03:49:04+00:00
https://www.youtube.com/watch?v=uilV9F99jUU,Landon,Clairen,Sean Sorey,Clairen,Run The Rivals #39,Winners Semis,2025-12-03 03:49:04+00:00
https://www.youtube.com/watch?v=5sX2ItvdGtA,Veka,Clairen,Mastronarde,Forsburn,Run The Rivals #39,Winners Semis,2025-12-03 03:49:04+00:00
https://www.youtube.com/watch?v=TcroQ8ifbs4,Sean Sorey,Loxodont,BIG WILL,Ranno,Run The Rivals #39,Losers Quarters,2025-12-03 03:49:04+00:00
https://www.youtube.com/watch?v=k8BzN9dEV4M,Veka,Clairen,Landon,Clairen,Run The Rivals #39,Winners Finals,2025-12-03 03:49:04+00:00
https://www.youtube.com/watch?v=CYp6OAIPWYQ,Mastronarde,Forsburn,Landon,Clairen,Run The Rivals #39,Losers Finals,2025-12-03 03:49:04+00:00
https://www.youtube.com/watch?v=OgpW3kVzjdo,Mastronarde,Forsburn,Sean Sorey,Clairen,Run The Rivals #39,Losers Semis,2025-12-03 03:49:04+00:00
https://www.youtube.com/watch?v=NU8otiBidiE,Phug,Kragg,Sean Sorey,Clairen,Run The Rivals #39,Winners R1,2025-12-03 03:49:04+00:00
https://www.youtube.com/watch?v=CZ8yFrBDq4A,Veka,Clairen,Landon,Clairen,Run The Rivals #39,Grand Finals,2025-12-03 03:49:04+00:00
https://www.youtube.com/watch?v=6DqK4l8EAF4,SapphireGD,Zetterburn,TekAjpu,Maypul,Straight Into The Abyss #28,Wnrs Rnd 1,2025-12-04 04:15:47+00:00
https://www.youtube.com/watch?v=O0c01qAtg4w,Dr. Grin,Wrastor,Viviana,Galvan,Straight Into The Abyss #28,Wnrs Qrts,2025-12-04 04:36:32+00:00
https://www.youtube.com/watch?v=GRLawgm-wL0,Viviana,Loxodont,Bowler,Clairen,Straight Into The Abyss #28,Wnrs Semi,2025-12-04 04:37:23+00:00
https://www.youtube.com/watch?v=lZFkGSDIDGg,Shard,Fleet,SapphireGD,Zetterburn,Straight Into The Abyss #28,Wnrs Semi,2025-12-04 04:37:45+00:00
https://www.youtube.com/watch?v=DAk5fPk9kHs,SapphireGD,Zetterburn,Bowler,Clairen,Straight Into The Abyss #28,Wnrs Final,2025-12-04 04:38:09+00:00
https://www.youtube.com/watch?v=H5XmCx9-7v4,BGunn,Olympia,Shard,Fleet,Straight Into The Abyss #28,Lsrs Qrts,2025-12-04 04:38:31+00:00
https://www.youtube.com/watch?v=vqd9oXlLsOY,Viviana,Galvan,Shard,Fleet,Straight Into The Abyss #28,Lsrs Semi,2025-12-04 04:38:52+00:00
https://www.youtube.com/watch?v=vNpKw3Y8Oiw,Bowler,Clairen,Viviana,Loxodont,Straight Into The Abyss #28,Grand Finals,2025-12-04 04:39:08+00:00
https://www.youtube.com/watch?v=EQpiqTfKdVI,Flare2V,Etalus,Chey,Ranno,PTSD #3,Winners Round 1,2025-12-05 00:37:50+00:00
https://www.youtube.com/watch?v=fBEm3lFfZ7s,ceramic,Galvan,Uberransy,Clairen,PTSD #3,Winners Quarters,2025-12-05 00:38:40+00:00
https://www.youtube.com/watch?v=qu0HnYvj9LQ,DolphinBrick,Orcane,Flare2V,Etalus,PTSD #3,Winners Quarters,2025-12-05 00:39:23+00:00
https://www.youtube.com/watch?v=CEmIiyNhQ-I,DolphinBrick,Orcane,ceramic,Galvan,PTSD #3,Winners Semis,2025-12-05 00:39:54+00:00
https://www.youtube.com/watch?v=0XLlhQW0iVc,Bird,Ranno,Uberransy,Clairen,PTSD #3,Losers Quarters,2025-12-05 00:41:47+00:00
https://www.youtube.com/watch?v=Rd-gqG9-j08,Bird,Ranno,Chey,Ranno,PTSD #3,Losers Semis,2025-12-05 00:42:47+00:00
https://www.youtube.com/watch?v=piKC_xsXkLM,Bullets,Etalus,DolphinBrick,Orcane,PTSD #3,Winners Finals,2025-12-05 00:43:28+00:00
https://www.youtube.com/watch?v=44vr5-4HrQ8,Bullets,Etalus,Bird,Ranno,PTSD #3,Losers Finals,2025-12-05 00:44:19+00:00
https://www.youtube.com/watch?v=7TKDWauc2L4,DolphinBrick,Orcane,Bullets,Etalus,PTSD #3,Grand Finals,2025-12-05 00:45:30+00:00
https://www.youtube.com/watch?v=YxxKkRPa1g8,Thel,Fleet,Cheafffy,Olympia,R2AS #29,Winners Round 1,2025-12-05 17:14:05+00:00
https://www.youtube.com/watch?v=H_icgZUTcpc,Scion,Etalus,Hylian,Clairen,R2AS #29,Winners Quarters,2025-12-05 17:17:41+00:00
https://www.youtube.com/watch?v=_PpVp9kgl4I,Electric,Wrastor,Ware,Zetterburn,R2AS #29,Top 8 Winners Semis,2025-12-05 17:22:00+00:00
https://www.youtube.com/watch?v=-uZ9chd7Oeo,Hylian,Clairen,Ware,Zetterburn,R2AS #29,Top 8 Winners Finals,2025-12-05 17:23:02+00:00
https://www.youtube.com/watch?v=WQJ9qRrILBI,Tokyo,Orcane,Electric,Wrastor,R2AS #29,Top 8 Losers Quarters,2025-12-05 17:25:35+00:00
https://www.youtube.com/watch?v=zlk2NrBYRfM,Sickening,Ranno,Hylian,Galvan,R2AS #29,Top 8 Losers Finals,2025-12-05 17:25:43+00:00
https://www.youtube.com/watch?v=zg49ACfpOBU,Hylian,Clairen,Sickening,Ranno,R2AS #29,Top 8 Winners Semis,2025-12-05 17:28:09+00:00
https://www.youtube.com/watch?v=IOg3IW4i-U0,Pixie Gangstereo,Wrastor,Girly,Etalus,The Graveyard 2025,,2025-12-05 17:30:03+00:00
https://www.youtube.com/watch?v=f3mMVQw40fs,Glum,Clairen,Godly,Ranno,The Graveyard 2025,Top 8,2025-12-05 17:30:03+00:00
https://www.youtube.com/watch?v=oXM51EdpuN8,Pixie Gangstereo,Wrastor,key lime skye,Zetterburn,The Graveyard 2025,Top 8,2025-12-05 17:30:03+00:00
https://www.youtube.com/watch?v=CmKaKqoipWI,Mkok,Zetterburn,key lime skye,Zetterburn,The Graveyard 2025,Top 8,2025-12-05 17:30:03+00:00
https://www.youtube.com/watch?v=2Db8DUTHLRU,Karamel,Kragg,Godly,Ranno,The Graveyard 2025,Top 8,2025-12-05 17:30:03+00:00
https://www.youtube.com/watch?v=2RSOXmBCNRc,Glum,Clairen,Pixie Gangstereo,Wrastor,The Graveyard 2025,Winners FinalS,2025-12-05 17:30:03+00:00
https://www.youtube.com/watch?v=KyLpgxa1iyw,Mkok,Zetterburn,Godly,Ranno,The Graveyard 2025,Losers Semis,2025-12-05 17:30:03+00:00
https://www.youtube.com/watch?v=lhlZe7w8dMo,Pixie Gangstereo,Wrastor,Godly,Ranno,The Graveyard 2025,Losers Finals,2025-12-05 17:30:03+00:00
https://www.youtube.com/watch?v=Nc0FFsJfVyM,Glum,Clairen,Godly,Ranno,The Graveyard 2025,Grand Finals,2025-12-05 17:30:03+00:00
https://www.youtube.com/watch?v=nMjAKWYfGxk,Watherum,Ranno,Bowler,Clairen,Immortal Fight Night #254,Rnd Rbn,2025-12-09 04:58:03+00:00
https://www.youtube.com/watch?v=_nakmsAaeB0,Average Alex,Wrastor,Watherum,Ranno,Immortal Fight Night #254,Rnd Rbn,2025-12-09 04:58:49+00:00
https://www.youtube.com/watch?v=6xMT2DOCQ3w,Kevorkian,Galvan,Darkwolfoz47,Kragg,Fusion #277,Winners Round 1,2025-12-09 06:11:43+00:00
https://www.youtube.com/watch?v=tEwSf_wgCPE,MuttNut,Forsburn,aubreyclo,Maypul,Fusion #277,Winners Quarters,2025-12-09 06:12:54+00:00
https://www.youtube.com/watch?v=uvbJyFRECx8,Gekkingga,Loxodont,Mulldrifter,Loxodont,Fusion #277,Winners Quarters,2025-12-09 06:13:04+00:00
https://www.youtube.com/watch?v=MBZvEYzJTCg,Bbatts,Fleet,MuttNut,Forsburn,Fusion #277,Winners Semis,2025-12-09 06:13:14+00:00
https://www.youtube.com/watch?v=pERLjceSmeU,Gekkingga,Loxodont,CheesyPotato,Kragg,Fusion #277,Winners Semis,2025-12-09 06:13:22+00:00
https://www.youtube.com/watch?v=u_9l0xN_w88,Bbatts,Fleet,Gekkingga,Loxodont,Fusion #277,Winners Final,2025-12-09 06:13:29+00:00
https://www.youtube.com/watch?v=2nIL6BvIrSU,MuttNut,Forsburn,CheesyPotato,Kragg,Fusion #277,Losers Semis,2025-12-09 06:13:36+00:00
https://www.youtube.com/watch?v=MQO8NaRd96s,Gekkingga,Loxodont,CheesyPotato,Kragg,Fusion #277,Losers Final,2025-12-09 06:13:43+00:00
https://www.youtube.com/watch?v=Zhd0PzPM1o4,Bbatts,Fleet,CheesyPotato,Kragg,Fusion #277,Grand Finals,2025-12-09 06:13:50+00:00
https://www.youtube.com/watch?v=wLDq1w1GY8g,Genarog,Fleet,DonCascone,Loxodont,Aether Reborn #8,Winners Finals,2025-12-09 12:19:46+00:00
https://www.youtube.com/watch?v=xBTJfs__5E4,Firmiggio,Orcane,Impasse,Zetterburn,Aether Reborn #8,Losers Semis,2025-12-09 12:19:46+00:00
https://www.youtube.com/watch?v=ioE0t5cgAM0,Dav,Wrastor,PRONTO,Galvan,Aether Reborn #8,Losers Eights,2025-12-09 12:19:46+00:00
https://www.youtube.com/watch?v=Awk9QUrJSv8,Genarog,Fleet,Impasse,Zetterburn,Aether Reborn #8,Grand Finals,2025-12-09 12:19:46+00:00
https://www.youtube.com/watch?v=qB7ODAPZGTY,Impasse,Zetterburn,DonCascone,Loxodont,Aether Reborn #8,Winner Semis,2025-12-09 12:19:46+00:00
https://www.youtube.com/watch?v=7fMns_U1glc,Genarog,Fleet,Firmiggio,Orcane,Aether Reborn #8,Winners Semis,2025-12-09 12:19:46+00:00
https://www.youtube.com/watch?v=C5eeqPKvUK4,Turtle,Ranno,PRONTO,Galvan,Aether Reborn #8,Top 8 Qualifier,2025-12-09 12:19:46+00:00
https://www.youtube.com/watch?v=-j-6D7u8QLs,Dav,Wrastor,LyncDandy,Fleet,Aether Reborn #8,Top 8 Qualifier,2025-12-09 12:19:46+00:00
https://www.youtube.com/watch?v=Ox7RwzTZUsw,Impasse,Zetterburn,PRONTO,Galvan,Aether Reborn #8,Losers Quarters,2025-12-09 12:19:46+00:00
https://www.youtube.com/watch?v=vcIaluSCMaw,Solid,Zetterburn,Firmiggio,Orcane,Aether Reborn #8,Losers Quarters,2025-12-09 12:19:46+00:00
https://www.youtube.com/watch?v=1HO3huMBDc0,Impasse,Zetterburn,DonCascone,Loxodont,Aether Reborn #8,Losers Final,2025-12-09 12:19:46+00:00
https://www.youtube.com/watch?v=ub_XaHkqx2o,Firmiggio,Orcane,Noppy,Olympia,Aether Reborn #8,Losers Eights,2025-12-09 12:19:46+00:00
https://www.youtube.com/watch?v=kaySovsvDEA,Lone,Galvan,Gordrack,Etalus,Straight Into The Abyss #29,Wnrs Rd 1,2025-12-11 04:23:17+00:00
https://www.youtube.com/watch?v=V-92BaEAzCc,Turnap,Ranno,Thulium,Clairen,Straight Into The Abyss #29,Wnrs Rd 2,2025-12-11 04:24:19+00:00
https://www.youtube.com/watch?v=czbPo_6DeQA,Shard,Maypul,Reaper,Etalus,Straight Into The Abyss #29,Wnrs Qrts,2025-12-11 04:24:35+00:00
https://www.youtube.com/watch?v=DinQNHRazu4,SapphireGD,Zetterburn,approx 7 moths,Loxodont,Straight Into The Abyss #29,Wnrs Qrts,2025-12-11 04:25:41+00:00
https://www.youtube.com/watch?v=Kh6Hxp2AWU0,humanlime,Maypul,SapphireGD,Zetterburn,Straight Into The Abyss #29,Wnrs Semi,2025-12-11 04:26:45+00:00
https://www.youtube.com/watch?v=j1fpDK7-iOk,Shard,Fleet,Versinia,Fleet,Straight Into The Abyss #29,Wnrs Semi,2025-12-11 04:27:18+00:00
https://www.youtube.com/watch?v=bpHHUeUSEVY,SapphireGD,Zetterburn,Versinia,Fleet,Straight Into The Abyss #29,Wnrs Final,2025-12-11 04:27:46+00:00
https://www.youtube.com/watch?v=zJGydCohYl0,Shard,Fleet,RingWorm,Zetterburn,Straight Into The Abyss #29,Lsrs Qrts,2025-12-11 04:28:20+00:00
https://www.youtube.com/watch?v=VqTCg_PICFw,Drewsephix,Orcane,BGunn,Olympia,Straight Into The Abyss #29,Lsrs Rd 4,2025-12-11 04:29:04+00:00
https://www.youtube.com/watch?v=wpJW-dhASys,BGunn,Olympia,humanlime,Kragg,Straight Into The Abyss #29,Lsrs Qrts,2025-12-11 04:30:24+00:00
https://www.youtube.com/watch?v=JOfXb93N7oA,BGunn,Olympia,Shard,Fleet,Straight Into The Abyss #29,Lsrs Semi,2025-12-11 04:32:28+00:00
https://www.youtube.com/watch?v=x2v0tI1nosk,SapphireGD,Zetterburn,Shard,Fleet,Straight Into The Abyss #29,Lsrs Final,2025-12-11 04:32:55+00:00
https://www.youtube.com/watch?v=H4Rw_dhRRQs,Versinia,Fleet,Shard,Fleet,Straight Into The Abyss #29,Grand Finals,2025-12-11 04:33:23+00:00
https://www.youtube.com/watch?v=eH991weO5iE,ianology,Galvan,Seo,Absa,Floorhug #5,Round 1,2025-12-11 09:23:57+00:00
https://www.youtube.com/watch?v=eqcfZmMlvqU,EC | Domnique,Zetterburn,ianology,Galvan,Floorhug #5,Round 2,2025-12-11 09:25:51+00:00
https://www.youtube.com/watch?v=4jZykwMfR94,Clem!!,Absa,Salt,Zetterburn,Floorhug #5,Round 2,2025-12-11 09:26:12+00:00
https://www.youtube.com/watch?v=0OLiHe-wFYE,EC | Domnique,Zetterburn,Sawstep,Fleet,Floorhug #5,Winners Semifinals,2025-12-11 09:26:36+00:00
https://www.youtube.com/watch?v=KNAlePhNQlg,Gengur,Clairen,Salt,Zetterburn,Floorhug #5,Winners Semifinals,2025-12-11 09:27:00+00:00
https://www.youtube.com/watch?v=ox6ygDgH9SM,Gengur,Clairen,Sawstep,Fleet,Floorhug #5,Winners Finals,2025-12-11 09:27:22+00:00
https://www.youtube.com/watch?v=tY0j-zrgbI0,Clem!!,Absa,Salt,Zetterburn,Floorhug #5,Losers Semifinals,2025-12-11 09:27:45+00:00
https://www.youtube.com/watch?v=IRni0XLLNAI,Sawstep,Fleet,Salt,Zetterburn,Floorhug #5,Losers Finals,2025-12-11 09:28:05+00:00
https://www.youtube.com/watch?v=oj4l9bmN3sQ,Sawstep,Fleet,Gengur,Clairen,Floorhug #5,Grand Finals,2025-12-11 09:28:30+00:00
https://www.youtube.com/watch?v=-KtKY5OWpRQ,Creestab,Zetterburn,Advers_event,Fleet,R2AS #31,Winners Round 2,2025-12-11 22:27:45+00:00
https://www.youtube.com/watch?v=zwoddvdj5Ys,Lord,Galvan,Magma,Wrastor,R2AS #31,Winners Quarters,2025-12-11 22:29:07+00:00
https://www.youtube.com/watch?v=rEozJEGfTuI,Advers_event,Fleet,Cheafffy,Olympia,R2AS #31,Top 8 Winners Semis,2025-12-11 22:39:35+00:00
https://www.youtube.com/watch?v=ETrcrO81IFg,Lord,Galvan,Osky,Olympia,R2AS #31,Top 8 Losers Quarters,2025-12-11 22:40:30+00:00
https://www.youtube.com/watch?v=Dx4lrpd2wuE,Lord,Galvan,Thel,Fleet,R2AS #31,Top 8 Winners Semis,2025-12-11 22:44:38+00:00
https://www.youtube.com/watch?v=q1qqEoeLZAc,Huey,Zetterburn,Cheafffy,Olympia,R2AS #31,Top 8 Losers Quarters,2025-12-11 22:44:38+00:00
https://www.youtube.com/watch?v=D4wuKPjRajU,Huey,Zetterburn,Osky,Olympia,R2AS #31,Top 8 Losers Semis,2025-12-11 22:47:11+00:00
https://www.youtube.com/watch?v=Nc_RvW1_Pmw,Thel,Fleet,Osky,Olympia,R2AS #31,Top 8 Losers Finals,2025-12-11 22:47:59+00:00
https://www.youtube.com/watch?v=eO9jF0ceSm4,Seelder,Fleet,NoThigh,Loxodont,Ocean Breeze December 2025,Winners' Semis,2025-12-13 18:11:12+00:00
https://www.youtube.com/watch?v=Md54Uig-FRc,Majin Miku,Olympia,Emerald_87,Zetterburn,Ocean Breeze December 2025,Winner's Round 2,2025-12-13 18:13:12+00:00
https://www.youtube.com/watch?v=3MbHFxTBUSA,darai,Ranno,Seelder,Fleet,Ocean Breeze December 2025,Winners' Finals,2025-12-13 18:14:10+00:00
https://www.youtube.com/watch?v=JEbdyykV5_E,DalekDitto,Fleet,jugeeya,Fleet,Ocean Breeze December 2025,Winners' Round 1,2025-12-13 18:14:55+00:00
https://www.youtube.com/watch?v=nN_PPxe-TpU,darai,Ranno,MajinMiku,Olympia,Ocean Breeze December 2025,Winners' Semis,2025-12-13 18:17:29+00:00
https://www.youtube.com/watch?v=r62ODwSD5lU,Emerald_87,Zetterburn,MajinMiku,Olympia,Ocean Breeze December 2025,Losers' Semis,2025-12-13 18:18:25+00:00
https://www.youtube.com/watch?v=im_24N68anY,Joule Thief,Fleet,MajinMiku,Orcane,Ocean Breeze December 2025,Losers' Quarters,2025-12-13 18:19:20+00:00
https://www.youtube.com/watch?v=8jr8hK3JuVA,Emerald_87,Zetterburn,NoThigh,Loxodont,Ocean Breeze December 2025,Losers' Quarters,2025-12-13 18:20:08+00:00
https://www.youtube.com/watch?v=Omrc9ENDwlI,Seelder,Fleet,MajinMiku,Orcane,Ocean Breeze December 2025,Losers' Finals,2025-12-13 18:20:50+00:00
https://www.youtube.com/watch?v=mpP0TUqBSBE,Seelder,Fleet,darai,Ranno,Ocean Breeze December 2025,Grand Finals,2025-12-13 18:21:37+00:00
https://www.youtube.com/watch?v=rbok3rPa8Wo,CHAR | Deltabolt,Forsburn,CF | Beastly,Olympia,Unc Frozen's Icebox 10,Winners Semis,2025-12-15 16:42:44+00:00
https://www.youtube.com/watch?v=jBCk-tUGsN0,Fox,Loxodont,Brr,Olympia,Unc Frozen's Icebox 10,Winners Semis,2025-12-15 16:43:51+00:00
https://www.youtube.com/watch?v=hD3uH24ZZUU,Fox,Loxodont,CF | Beastly,Olympia,Unc Frozen's Icebox 10,Winners Finals,2025-12-15 16:48:33+00:00
https://www.youtube.com/watch?v=b8epeDWnjJk,Brr,Olympia,CHAR | Deltabolt,Forsburn,Unc Frozen's Icebox 10,Losers Semis,2025-12-15 16:52:28+00:00
https://www.youtube.com/watch?v=_Aty0bQFcbA,Brr,Olympia,Nines,Clairen,Unc Frozen's Icebox 10,Winners Quarters,2025-12-15 16:52:48+00:00
https://www.youtube.com/watch?v=BEGm0ayMMqw,Hidden Flame | Mustang,Loxodont,CF | Beastly,Galvan,Unc Frozen's Icebox 10,Winners Quarters,2025-12-15 17:28:34+00:00
https://www.youtube.com/watch?v=Vpn9_E0VFMk,Frostfaxe,Loxodont,Cappyn,Clairen,Unc Frozen's Icebox 10,Winners Bracket,2025-12-15 17:28:34+00:00
https://www.youtube.com/watch?v=MAH3SssB120,Drays Winters,Forsburn,Mustang,Loxodont,Unc Frozen's Icebox 10,Winners Bracket,2025-12-15 17:28:34+00:00
https://www.youtube.com/watch?v=9UDC5TfS_Y0,Birthdayninja,Wrastor,baby orca having fun,Galvan,Unc Frozen's Icebox 10,Winners Bracket,2025-12-15 17:28:34+00:00
https://www.youtube.com/watch?v=hW_sBBBdqBM,Deltabolt,Forsburn,Albert,Zetterburn,Unc Frozen's Icebox 10,Winners Quarters,2025-12-15 17:28:34+00:00
https://www.youtube.com/watch?v=y484Zr-V6uw,nines,Clairen,CRM,Galvan,Unc Frozen's Icebox 10,Losers Bracket,2025-12-15 17:28:34+00:00
https://www.youtube.com/watch?v=l3EUfSc6PWo,Drays Winters,Forsburn,Birthdayninja,Wrastor,Unc Frozen's Icebox 10,Losers Bracket,2025-12-15 17:28:34+00:00
https://www.youtube.com/watch?v=4ZX1AYRnTjI,Drays Winters,Forsburn,nines,Clairen,Unc Frozen's Icebox 10,Losers Bracket,2025-12-15 17:28:34+00:00
https://www.youtube.com/watch?v=9fo9TPw5ZUU,Brr,Olympia,Mustang,Loxodont,Unc Frozen's Icebox 10,Losers Quarters,2025-12-15 17:28:34+00:00
https://www.youtube.com/watch?v=YfYhL8NWcLg,Deltabolt,Forsburn,Fox,Loxodont,Unc Frozen's Icebox 10,Losers Final,2025-12-15 17:28:34+00:00
https://www.youtube.com/watch?v=-L5zY_LCRTw,Beastly,Zetterburn,Fox,Loxodont,Unc Frozen's Icebox 10,Grand Final,2025-12-15 17:28:34+00:00
https://www.youtube.com/watch?v=Jz7Wu4yfH_Y,Fox,Loxodont,NU | Birthdayninja,Wrastor,Unc Frozen's Icebox 10,Winners Quarters,2025-12-15 17:28:51+00:00
https://www.youtube.com/watch?v=Z_0eilmBPY8,Watherum,Ranno,Cou,Kragg,Immortal Fight Night #255,Rnd Rbn,2025-12-16 15:20:08+00:00
https://www.youtube.com/watch?v=EHq52uPGh_s,Average Alex,Kragg,Reaper,Etalus,Immortal Fight Night #255,Rnd Rbn,2025-12-16 15:20:45+00:00
https://www.youtube.com/watch?v=YyQFr8lyiNE,Cou,Kragg,Reaper,Etalus,Immortal Fight Night #255,Rnd Rbn,2025-12-16 15:21:33+00:00
https://www.youtube.com/watch?v=6oFxeWAIcx8,Average Alex,Kragg,Watherum,Ranno,Immortal Fight Night #255,Rnd Rbn,2025-12-16 15:22:11+00:00
https://www.youtube.com/watch?v=_Ysso-n2r7Y,Average Alex,Kragg,Cou,Kragg,Immortal Fight Night #255,Rnd Rbn,2025-12-16 15:22:31+00:00
https://www.youtube.com/watch?v=5eQypkp0-ZU,Reaper,Etalus,Watherum,Ranno,Immortal Fight Night #255,Rnd Rbn,2025-12-16 15:22:53+00:00
https://www.youtube.com/watch?v=WchyzLvfGTA,Hunter,Maypul,Sean Sorey,Clairen,Run The Rivals #1+P,Winners R2,2025-12-17 04:23:37+00:00
https://www.youtube.com/watch?v=Ed6_cLQShlM,Franzwa,Galvan,Hunter,Maypul,Run The Rivals #1+P,Winners Semis,2025-12-17 04:23:37+00:00
https://www.youtube.com/watch?v=ErH7g8K5St8,Mastronarde,Galvan,sans.,Loxodont,Run The Rivals #1+P,Winners R2,2025-12-17 04:23:37+00:00
https://www.youtube.com/watch?v=TBHUzstgcgI,Landon,Clairen,sans.,Loxodont,Run The Rivals #1+P,Winners Semis,2025-12-17 04:23:37+00:00
https://www.youtube.com/watch?v=9tq_f2xCj14,Sean Sorey,Clairen,Love Tub,Etalus,Run The Rivals #1+P,Losers Top 8,2025-12-17 04:23:37+00:00
https://www.youtube.com/watch?v=4kDmh5h6DqA,Hunter,Maypul,Landon,Clairen,Run The Rivals #1+P,Winners Finals,2025-12-17 04:23:37+00:00
https://www.youtube.com/watch?v=EWYj3mw9xxw,Franzwa,Galvan,sans.,Loxodont,Run The Rivals #1+P,Losers Semis,2025-12-17 04:23:37+00:00
https://www.youtube.com/watch?v=R-r2Ds_5y_s,Franzwa,Galvan,Landon,Clairen,Run The Rivals #1+P,Losers Finals,2025-12-17 04:23:37+00:00
https://www.youtube.com/watch?v=myu9Uw3MphU,L,Clairen,Hunter,Maypul,Run The Rivals #1+P,Grand Finals,2025-12-17 04:23:37+00:00
https://www.youtube.com/watch?v=zKuUJfPHZwI,Viviana,Galvan,Virgo,Olympia,Straight Into The Abyss #30,Wnrs Rd 1,2025-12-18 04:08:35+00:00
https://www.youtube.com/watch?v=3CHLosSV59g,Hamyojo,Olympia,Speder6,Kragg,Straight Into The Abyss #30,Wnrs Rd 2,2025-12-18 04:34:05+00:00
https://www.youtube.com/watch?v=ZPhcW86JKZw,Shard,Fleet,SapphireGD,Zetterburn,Straight Into The Abyss #30,Wnrs Qrts,2025-12-18 04:34:21+00:00
https://www.youtube.com/watch?v=Fp3P1nBZSGs,Bowler,Clairen,Turnap,Ranno,Straight Into The Abyss #30,Wnrs Qrts,2025-12-18 04:34:50+00:00
https://www.youtube.com/watch?v=bidSHKqz0gM,Viviana,Galvan,Turnap,Ranno,Straight Into The Abyss #30,Wnrs Semi,2025-12-18 04:35:15+00:00
https://www.youtube.com/watch?v=jk3eaOgdKdc,Shard,Fleet,Dr. Grin,Wrastor,Straight Into The Abyss #30,Wnrs Semi,2025-12-18 04:35:34+00:00
https://www.youtube.com/watch?v=M34BUgeyonQ,Viviana,Galvan,Shard,Fleet,Straight Into The Abyss #30,Wnrs Final,2025-12-18 04:35:53+00:00
https://www.youtube.com/watch?v=daH_AekW4VU,Landon,Clairen,Turnap,Ranno,Straight Into The Abyss #30,Lsrs Qrts,2025-12-18 04:36:14+00:00
https://www.youtube.com/watch?v=fWomcu5JGuI,Turnap,Ranno,Bowler,Clairen,Straight Into The Abyss #30,Lsrs Semi,2025-12-18 04:36:33+00:00
https://www.youtube.com/watch?v=BlcwK8PG7E8,Bowler,Clairen,Shard,Fleet,Straight Into The Abyss #30,Lsrs Final,2025-12-18 04:38:06+00:00
https://www.youtube.com/watch?v=wLckeuz8j4Y,Viviana,Galvan,Bowler,Clairen,Straight Into The Abyss #30,Grand Finals,2025-12-18 04:38:26+00:00
https://www.youtube.com/watch?v=1oovi4qNnNU,d4nace,Maypul,Penjib,Orcane,Port Priority 9,Pools Winners Round 1,2025-12-18 05:28:38+00:00
https://www.youtube.com/watch?v=Ql331O_TyTQ,Riveriver,Absa,Always,Ranno,Port Priority 9,Pools Winners Quarters,2025-12-18 05:32:35+00:00
https://www.youtube.com/watch?v=6aImEYdh1Z8,I0N,Olympia,Salt,Zetterburn,Port Priority 9,Top 32 Qualifiers ,2025-12-18 05:34:39+00:00
https://www.youtube.com/watch?v=mzbDaRiVl9k,Kyb,Fleet,Domnique,Zetterburn,Port Priority 9,Top 32 Qualifiers ,2025-12-18 05:35:20+00:00
https://www.youtube.com/watch?v=Pdg87Jg6py0,Gengur,Clairen,Evil Nardwuar,Loxodont,Port Priority 9,Top 32 Qualifiers ,2025-12-18 05:37:22+00:00
https://www.youtube.com/watch?v=htw0zDHHvdc,Always,Ranno,Evil Nardwuar,Loxodont,Port Priority 9,Top 32 Qualifiers ,2025-12-18 05:38:51+00:00
https://www.youtube.com/watch?v=iUe2CZW2cOw,Tortuga,Olympia,Vuetzel,Wrastor,Port Priority 9,Pools Winners Round 1,2025-12-18 05:40:59+00:00
https://www.youtube.com/watch?v=rBJfbWmSfhw,Nothigh,Loxodont,Hue,Zetterburn,Port Priority 9,Pools Winners Quarters,2025-12-18 05:43:06+00:00
https://www.youtube.com/watch?v=VeWSi0s6QRs,sly,Clairen,Sawstep,Fleet,Port Priority 9,Top 32 Qualifiers ,2025-12-18 05:45:19+00:00
https://www.youtube.com/watch?v=3QXECIGtHgc,Sophilo,Zetterburn,Nurse,Ranno,Port Priority 9,Top 32 Qualifiers ,2025-12-18 05:48:55+00:00
https://www.youtube.com/watch?v=lll6quJlNqE,Nothigh,Loxodont,Ant,Absa,Port Priority 9,Top 32 Qualifiers ,2025-12-18 05:50:49+00:00
https://www.youtube.com/watch?v=wqW_XP1Fy6c,Nothigh,Loxodont,Neutrino,Loxodont,Port Priority 9,Top 32 Qualifiers ,2025-12-18 05:52:44+00:00
https://www.youtube.com/watch?v=H3t9kkd99K8,Nurse,Ranno,Vuetzel,Wrastor,Port Priority 9,Top 32 Qualifiers ,2025-12-18 05:54:11+00:00
https://www.youtube.com/watch?v=7hoAhTmoOPA,Ech0,Ranno,X. Raven,Absa,Port Priority 9,Pools Winners Round 1,2025-12-18 05:56:10+00:00
https://www.youtube.com/watch?v=2ionFeav_y8,Re:Cupid,Zetterburn,Abraman,Clairen,Port Priority 9,Pools Winners Quarters,2025-12-18 05:57:33+00:00
https://www.youtube.com/watch?v=xKfg2uHjeJ8,Furret,Ranno,Comona,Ranno,Port Priority 9,Pools Winners Quarters,2025-12-18 05:59:23+00:00
https://www.youtube.com/watch?v=NBNTvi6FdVY,Re:Cupid,Zetterburn,darai,Ranno,Port Priority 9,Top 32 Qualifiers ,2025-12-18 06:02:44+00:00
https://www.youtube.com/watch?v=y0bNVHBDVQg,Sandstorm,Olympia,Whisky,Maypul,Port Priority 9,Top 32 Qualifiers ,2025-12-18 06:04:39+00:00
https://www.youtube.com/watch?v=4Rkr77dCMt0,elkiies,Maypul,maya,Orcane,Port Priority 9,Top 32 Qualifiers ,2025-12-18 06:06:29+00:00
https://www.youtube.com/watch?v=5RnQbHRbpS8,Furret,Ranno,Shoe,Absa,Port Priority 9,Top 32 Qualifiers ,2025-12-18 06:08:38+00:00
https://www.youtube.com/watch?v=WwF_OMfzGjs,Gerf-O-Rama,Orcane,BillySporkin,Kragg,Port Priority 9,Pools Winners Round 1,2025-12-18 06:09:50+00:00
https://www.youtube.com/watch?v=9TFLpEUUBBg,Kasai,Maypul,Chumpkin,Etalus,Port Priority 9,Pools Winners Quarters,2025-12-18 06:11:04+00:00
https://www.youtube.com/watch?v=tndvlfqvJaU,Yoda Cage,Maypul,Pikmon,Etalus,Port Priority 9,Top 32 Qualifiers ,2025-12-18 06:12:43+00:00
https://www.youtube.com/watch?v=qYJngOCDu5E,Beastly,Zetterburn,Zeoark,Forsburn,Port Priority 9,Top 32 Qualifiers ,2025-12-18 06:14:53+00:00
https://www.youtube.com/watch?v=umdE1OkwcZA,kapl,Clairen,Mystery Sol,Galvan,Port Priority 9,Top 32 Qualifiers ,2025-12-18 06:18:04+00:00
https://www.youtube.com/watch?v=-W2mSJlx8S8,kapl,Clairen,Gerudok,Zetterburn,Port Priority 9,Top 32 Qualifiers ,2025-12-18 06:21:27+00:00
https://www.youtube.com/watch?v=3QtA1YjRXXg,sly,Clairen,Ant,Absa,Port Priority 9,Top 32 Winners Round 1,2025-12-18 06:24:22+00:00
https://www.youtube.com/watch?v=MYy2UziBOfI,Mystery Sol,Fleet,CheesyPotato,Kragg,Port Priority 9,Top 32 Winners Round 1,2025-12-18 06:27:06+00:00
https://www.youtube.com/watch?v=eyjb1Wu4EGM,Sophilo,Zetterburn,Corncycle,Olympia,Port Priority 9,Top 32 Winners Round 1,2025-12-18 06:29:57+00:00
https://www.youtube.com/watch?v=cP7rrvVNtv0,Sandstorm,Olympia,darai,Ranno,Port Priority 9,Top 32 Winners Round 1,2025-12-18 06:33:46+00:00
https://www.youtube.com/watch?v=xrAdLz3gHDc,elkiies,Maypul,Ant,Absa,Port Priority 9,Top 8 Qualifiers ,2025-12-18 06:36:00+00:00
https://www.youtube.com/watch?v=PmoZGgJ1dDU,Kyb,Fleet,Beastly,Zetterburn,Port Priority 9,Top 8 Qualifiers ,2025-12-18 06:37:42+00:00
https://www.youtube.com/watch?v=8NzSdWV9zp8,CakeAssault,Forsburn,Mystery Sol,Fleet,Port Priority 9,Top 8 Qualifiers ,2025-12-18 06:40:02+00:00
https://www.youtube.com/watch?v=qBYwovLAn2s,Sandstorm,Olympia,Sophilo,Zetterburn,Port Priority 9,Top 8 Qualifiers ,2025-12-18 06:42:46+00:00
https://www.youtube.com/watch?v=mCBgNUFL4qc,Kyb,Fleet,Gengur,Clairen,Port Priority 9,Top 8 Qualifiers ,2025-12-18 06:46:24+00:00
https://www.youtube.com/watch?v=codoaRoyY7s,elkiies,Maypul,Corncycle,Olympia,Port Priority 9,Top 8 Qualifiers ,2025-12-18 06:48:31+00:00
https://www.youtube.com/watch?v=duwIisMjlyo,Sophilo,Zetterburn,Rongunshu,Clairen,Port Priority 9,Top 8 Qualifiers ,2025-12-18 06:52:24+00:00
https://www.youtube.com/watch?v=HhOToAPeYSA,I0N,Kragg,Mystery Sol,Fleet,Port Priority 9,Top 8 Qualifiers ,2025-12-18 06:54:54+00:00
https://www.youtube.com/watch?v=PnbP_Un-55M,Kyb,Fleet,Rongunshu,Clairen,Port Priority 9,Losers Top 8,2025-12-18 07:00:31+00:00
https://www.youtube.com/watch?v=7iMtklb_2Wc,Mystery Sol,Galvan,elkiies,Maypul,Port Priority 9,Losers Top 8,2025-12-18 07:02:33+00:00
https://www.youtube.com/watch?v=GBebwSJtUHs,CakeAssault,Forsburn,Ant,Absa,Port Priority 9,Winners Semis,2025-12-18 07:04:43+00:00
https://www.youtube.com/watch?v=9BrLLwVzOCQ,Beastly,Zetterburn,Sandstorm,Olympia,Port Priority 9,Winners Semis,2025-12-18 07:08:26+00:00
https://www.youtube.com/watch?v=rGRwtbyqZr4,Rongunshu,Clairen,Ant,Absa,Port Priority 9,Losers Quarters,2025-12-18 07:12:07+00:00
https://www.youtube.com/watch?v=LJZZXSkInRE,Mystery Sol,Fleet,Sandstorm,Olympia,Port Priority 9,Losers Quarters,2025-12-18 07:15:40+00:00
https://www.youtube.com/watch?v=WTdApp5lE-0,CakeAssault,Forsburn,Beastly,Zetterburn,Port Priority 9,Winners Finals,2025-12-18 07:18:25+00:00
https://www.youtube.com/watch?v=bOrlVYdlL74,Sandstorm,Olympia,Rongunshu,Clairen,Port Priority 9,Losers Semis,2025-12-18 07:22:02+00:00
https://www.youtube.com/watch?v=mssLXhV9VYU,Sandstorm,Olympia,Beastly,Zetterburn,Port Priority 9,Losers Finals,2025-12-18 07:23:59+00:00
https://www.youtube.com/watch?v=toShvSa3TtU,Sandstorm,Olympia,CakeAssault,Forsburn,Port Priority 9,Grand Finals,2025-12-18 07:26:08+00:00
https://www.youtube.com/watch?v=deYb_yCa54E,Beastly,Zetterburn,ZeusDahGoose,Kragg,Platfight Online,Losers Top 8,2025-12-18 22:07:56+00:00
https://www.youtube.com/watch?v=9iqHMahH_s4,Sophilo,Zetterburn,Bbatts,Fleet,Platfight Online,Winners Semifinals,2025-12-18 22:13:35+00:00
https://www.youtube.com/watch?v=dQ7vtrsLyeQ,kusiwastaken,Wrastor,Sandstorm,Olympia,Platfight Online,Winners Semifinals,2025-12-18 22:17:51+00:00
https://www.youtube.com/watch?v=NAtaWkjPmVk,Sophilo,Zetterburn,Godly,Ranno,Platfight Online,Losers Quarterfinals,2025-12-18 22:20:20+00:00
https://www.youtube.com/watch?v=KUk1tQAcjwA,kusiwastaken,Wrastor,ZeusDahGoose,Kragg,Platfight Online,Losers Quarterfinals,2025-12-18 22:24:29+00:00
https://www.youtube.com/watch?v=J-HziW35SWk,Bbatts,Fleet,Sandstorm,Olympia,Platfight Online,Winners Finals,2025-12-18 22:27:40+00:00
https://www.youtube.com/watch?v=MBkkpVeOUBk,Sophilo,Zetterburn,ZeusDahGoose,Kragg,Platfight Online,Losers Semifinals,2025-12-18 22:32:17+00:00
https://www.youtube.com/watch?v=6vGUfb7JeGU,Sandstorm,Olympia,ZeusDahGoose,Kragg,Platfight Online,Losers Finals,2025-12-18 22:33:54+00:00
https://www.youtube.com/watch?v=FCV2Q2E6szw,Bbatts,Fleet,ZeusDahGoose,Kragg,Platfight Online,Grand Finals,2025-12-18 22:34:55+00:00
https://www.youtube.com/watch?v=SP1J4_c5K0Y,River!!,Maypul,Seo,Ranno,Floorhug #6,Round 1,2025-12-20 02:57:34+00:00
https://www.youtube.com/watch?v=SSPQHK-jNgs,Seo,Ranno,Clem!!,Loxodont,Floorhug #6,Round 2,2025-12-20 03:01:24+00:00
https://www.youtube.com/watch?v=GgLTzZ__Cp8,Sawstep,Absa,Hugh Jandhung,Kragg,Floorhug #6,Round 2,2025-12-20 03:02:04+00:00
https://www.youtube.com/watch?v=5Pjy-aeO3Ok,Nasty Nate,Zetterburn,Clem!!,Absa,Floorhug #6,Winners Semifinals,2025-12-20 03:02:28+00:00
https://www.youtube.com/watch?v=1wHckb688t0,Sawstep,Fleet,Clem!!,Absa,Floorhug #6,Winners Finals,2025-12-20 03:02:52+00:00
https://www.youtube.com/watch?v=0t9mEMUJmbk,Caterpie,Forsburn,Hugh Jandhung,Kragg,Floorhug #6,Losers Semifinals,2025-12-20 03:03:14+00:00
https://www.youtube.com/watch?v=NBE2nNsZWCI,Hugh Jandhung,Kragg,Clem!!,Absa,Floorhug #6,Losers Finals,2025-12-20 03:03:38+00:00
https://www.youtube.com/watch?v=urRUJmYHlj0,Clem!!,Absa,Sawstep,Fleet,Floorhug #6,Grand Finals,2025-12-20 03:04:02+00:00
https://www.youtube.com/watch?v=EgZoOBBED3A,EOL,Zetterburn,wuffie,Fleet,Monthly of Aether #12,Pools,2025-12-21 22:54:16+00:00
https://www.youtube.com/watch?v=N380IFIiZ2g,dosboxfalco,Zetterburn,hobby,Kragg,Monthly of Aether #12,Pools,2025-12-21 22:54:16+00:00
https://www.youtube.com/watch?v=3OkP_wHDm4o,Mustard,Galvan,Chumpkin,Etalus,Monthly of Aether #12,Pools,2025-12-21 22:54:16+00:00
https://www.youtube.com/watch?v=hNxuKHftsLM,Rusy,Olympia,Lulius,Clairen,Monthly of Aether #12,Pools,2025-12-21 22:54:16+00:00
https://www.youtube.com/watch?v=Oh5fSP1-ze0,EOL,Zetterburn,Rusy,Olympia,Monthly of Aether #12,Winners Quarterfinals,2025-12-21 22:54:16+00:00
https://www.youtube.com/watch?v=QxLY0z89Z3E,Triforce!,Forsburn,Viviana,Loxodont,Monthly of Aether #12,Winners Quarterfinals,2025-12-21 22:54:16+00:00
https://www.youtube.com/watch?v=k_NPOR7R-Zo,Rusy,Orcane,Chumpkin,Etalus,Monthly of Aether #12,Winners Semifinals,2025-12-21 22:54:16+00:00
https://www.youtube.com/watch?v=gIVJk5YSqP0,Viviana,Loxodont,AoC | SapphireGD,Zetterburn,Monthly of Aether #12,Winners Semifinals,2025-12-21 22:54:16+00:00
https://www.youtube.com/watch?v=cJP-R43LyZ8,AoC | SapphireGD,Zetterburn,Rusy,Olympia,Monthly of Aether #12,Winners Finals,2025-12-21 22:54:16+00:00
https://www.youtube.com/watch?v=s5f7WXqf-vo,Viviana,Loxodont,Teri,Olympia,Monthly of Aether #12,Losers Quarterfinals,2025-12-21 22:54:16+00:00
https://www.youtube.com/watch?v=-yDnQxaTISU,Chumpkin,Etalus,DrLobster,Kragg,Monthly of Aether #12,Losers Quarterfinals,2025-12-21 22:54:16+00:00
https://www.youtube.com/watch?v=z_GBXru7Cmw,DrLobster,Kragg,Teri,Olympia,Monthly of Aether #12,Losers Semifinals,2025-12-21 22:54:16+00:00
https://www.youtube.com/watch?v=S3uV7icVI3g,AoC | SapphireGD,Zetterburn,DrLobster,Kragg,Monthly of Aether #12,Losers Finals,2025-12-21 22:54:16+00:00
https://www.youtube.com/watch?v=kN_baJRjmyw,DrLobster,Kragg,Rusy,Galvan,Monthly of Aether #12,Grand Finals,2025-12-21 22:54:16+00:00
https://www.youtube.com/watch?v=sWtkHk7a-5Q,Velouria,Absa,Desultima,Galvan,Runway Rivals December 2025,Round Robin,2025-12-22 05:07:08+00:00
https://www.youtube.com/watch?v=SESn0p-cTT8,Velouria,Absa,lolnice,Fleet,Runway Rivals December 2025,Round Robin,2025-12-22 05:21:38+00:00
https://www.youtube.com/watch?v=tmrSCNNEnwM,Desultima,Galvan,lolnice,Fleet,Runway Rivals December 2025,Round Robin,2025-12-22 05:34:18+00:00
https://www.youtube.com/watch?v=ReFj_whia10,maya,Orcane,Baguette Boy,Wrastor,Blazing Battlefield #6,Winners Round 2,2025-12-22 11:17:10+00:00
https://www.youtube.com/watch?v=Yet6dvs4vYA,Gerf-O-Rama,Orcane,TS | Buck,Galvan,Blazing Battlefield #6,Losers Round 1,2025-12-22 11:19:15+00:00
https://www.youtube.com/watch?v=Z-hCptl0fOE,Riveriver,Absa,kapl,Clairen,Blazing Battlefield #6,Winners Quarterfinals,2025-12-22 11:19:38+00:00
https://www.youtube.com/watch?v=ie8-CQNftRM,Gengur,Clairen,Neutrino,Loxodont,Blazing Battlefield #6,Winners Quarterfinals,2025-12-22 11:20:00+00:00
https://www.youtube.com/watch?v=kE5QJilcRlU,Mystery Sol,Galvan,kapl,Clairen,Blazing Battlefield #6,Winners Semifinals,2025-12-22 11:20:21+00:00
https://www.youtube.com/watch?v=71Fd4oBN5JA,Gengur,Clairen,maya,Orcane,Blazing Battlefield #6,Winners Semifinals,2025-12-22 11:20:43+00:00
https://www.youtube.com/watch?v=cM4juLtkFUg,kapl,Clairen,Gengur,Clairen,Blazing Battlefield #6,Losers Finals,2025-12-22 11:20:43+00:00
https://www.youtube.com/watch?v=R84tqcwJM5Y,Riveriver,Absa,maya,Orcane,Blazing Battlefield #6,Losers Quarterfinals,2025-12-22 11:21:07+00:00
https://www.youtube.com/watch?v=sEpZbHa2e7M,Gengur,Clairen,Mystery Sol,Galvan,Blazing Battlefield #6,Winners Finals,2025-12-22 11:21:42+00:00
https://www.youtube.com/watch?v=IJQEbvV0Hb8,kapl,Clairen,Blank Mauser,Maypul,Blazing Battlefield #6,Losers Quarterfinals,2025-12-22 11:22:04+00:00
https://www.youtube.com/watch?v=z7ITkJ6FC98,kapl,Clairen,maya,Orcane,Blazing Battlefield #6,Losers Semifinals,2025-12-22 11:22:33+00:00
https://www.youtube.com/watch?v=xVg4jHQc6ls,kapl,Clairen,Mystery Sol,Galvan,Blazing Battlefield #6,Grand Finals,2025-12-22 11:23:16+00:00
https://www.youtube.com/watch?v=aTN_8tvStJc,_blink,Clairen,stellice,Fleet,R2AS #32,Winners Quarters,2025-12-22 23:24:50+00:00
https://www.youtube.com/watch?v=taPcS6no_QU,stellice,Fleet,Lord,Galvan,R2AS #32,Top 8 Winners Semis,2025-12-22 23:27:29+00:00
https://www.youtube.com/watch?v=7aH7neihS0Q,electric,Wrastor,Magma,Wrastor,R2AS #32,Top 8 Winners Semis,2025-12-22 23:31:43+00:00
https://www.youtube.com/watch?v=wr6wZEKMV7k,Lord,Galvan,electric,Wrastor,R2AS #32,Top 8 Winners Finals,2025-12-22 23:34:15+00:00
https://www.youtube.com/watch?v=nCXHxH5cdLY,Magma,Wrastor,Chimiso,Clairen,R2AS #32,Top 8 Losers Semis,2025-12-22 23:34:52+00:00
https://www.youtube.com/watch?v=9EUGBJYgulo,electric,Wrastor,Magma,Wrastor,R2AS #32,Top 8 Losers Finals,2025-12-22 23:39:44+00:00
https://www.youtube.com/watch?v=sCy3Tk58ZjM,Grunk,Kragg,Cou,Kragg,Immortal Fight Night #256,Wnrs Qrts,2025-12-23 04:39:22+00:00
https://www.youtube.com/watch?v=4CBh30gLG9U,Watherum,Ranno,ybm,Wrastor,Immortal Fight Night #256,Wnrs Semi,2025-12-23 04:42:38+00:00
https://www.youtube.com/watch?v=49olliVje68,Average Alex,Kragg,Grunk,Zetterburn,Immortal Fight Night #256,Wnrs Semi,2025-12-23 04:45:42+00:00
https://www.youtube.com/watch?v=jqbxvJb_XNg,ybm,Wrastor,Average Alex,Forsburn,Immortal Fight Night #256,Wnrs Finals,2025-12-23 04:46:14+00:00
https://www.youtube.com/watch?v=WSpqiMJNUR0,Grunk,Zetterburn,Watherum,Ranno,Immortal Fight Night #256,Lsrs Semi,2025-12-23 04:48:36+00:00
https://www.youtube.com/watch?v=2t8OPNjP72U,Grunk,Zetterburn,ybm,Wrastor,Immortal Fight Night #256,Lsrs Finals,2025-12-23 04:49:04+00:00
https://www.youtube.com/watch?v=c5cOG10s4a8,Average Alex,Forsburn,ybm,Wrastor,Immortal Fight Night #256,Grand Finals,2025-12-23 04:49:24+00:00
https://www.youtube.com/watch?v=BQIf18S9YUA,Fidel Ca$htro,Zetterburn,aubreyclo,Maypul,Fusion #279,Bracket,2025-12-23 05:04:16+00:00
https://www.youtube.com/watch?v=IlqfL2hF7Ns,CheesyPotato,Kragg,nard,Clairen,Fusion #279,Winners Semi-Final,2025-12-23 05:05:57+00:00
https://www.youtube.com/watch?v=Jmde4_UrV9w,Gekkingga,Loxodont,Fidel Ca$htro,Zetterburn,Fusion #279,Bracket,2025-12-23 05:06:00+00:00
https://www.youtube.com/watch?v=el0Rgu_3EGQ,CheesyPotato,Kragg,Gekkingga,Loxodont,Fusion #279,Winners Final,2025-12-23 05:06:51+00:00
https://www.youtube.com/watch?v=lpSozejz5z4,nard,Clairen,MuttNut,Forsburn,Fusion #279,Losers Semi-Final,2025-12-23 05:07:37+00:00
https://www.youtube.com/watch?v=fORqRrP0Y7Q,Gekkingga,Loxodont,nard,Clairen,Fusion #279,Losers Final,2025-12-23 05:08:43+00:00
https://www.youtube.com/watch?v=dPUcLlBlYlU,CheesyPotato,Kragg,Gekkingga,Loxodont,Fusion #279,Grand Final,2025-12-23 05:09:37+00:00
https://www.youtube.com/watch?v=aKdvjYDzogk,cisgenderwomanedithflame,Clairen,hobby,Kragg,Fusion #279,Winners Round 1,2025-12-23 05:11:01+00:00
https://www.youtube.com/watch?v=IrNnT2DkKfg,nard,Clairen,MuttNut,Forsburn,Fusion #279,Winners Quarter-Final,2025-12-23 05:11:53+00:00
https://www.youtube.com/watch?v=q2oxy2z6XLg,vanbungle,Maypul,Failbot,Clairen,Run The Rivals #40,Winners R1,2025-12-24 03:36:06+00:00
https://www.youtube.com/watch?v=-L3sO99ltgw,Sean Sorey,Clairen,SongOfChaos,Clairen,Run The Rivals #40,Winners R2,2025-12-24 03:36:06+00:00
https://www.youtube.com/watch?v=gidZnhIbMsQ,Landon,Clairen,Failbot,Clairen,Run The Rivals #40,Winners R2,2025-12-24 03:36:06+00:00
https://www.youtube.com/watch?v=GiGgDbcubSM,Landon,Clairen,Phug,Kragg,Run The Rivals #40,Winners Semis,2025-12-24 03:36:06+00:00
https://www.youtube.com/watch?v=ZE8KHxEAKmI,Franzwa,Galvan,Sean Sorey,Clairen,Run The Rivals #40,Winners Semis,2025-12-24 03:36:06+00:00
https://www.youtube.com/watch?v=UkSHs9cU3HM,Sean Sorey,Clairen,Failbot,Clairen,Run The Rivals #40,Losers Quarters,2025-12-24 03:36:06+00:00
https://www.youtube.com/watch?v=B9sk8ihiAbk,Landon,Clairen,Franzwa,Etalus,Run The Rivals #40,Winners Finals,2025-12-24 03:36:06+00:00
https://www.youtube.com/watch?v=H0Akj-TtBk4,Failbot,Clairen,Phug,Kragg,Run The Rivals #40,Losers Semis,2025-12-24 03:36:06+00:00
https://www.youtube.com/watch?v=tpLiDL8KweI,Failbot,Clairen,Franzwa,Galvan,Run The Rivals #40,Losers Finals,2025-12-24 03:36:06+00:00
https://www.youtube.com/watch?v=z1OI8wbZOo4,Landon,Clairen,Failbot,Clairen,Run The Rivals #40,Grand Finals,2025-12-24 03:36:06+00:00
https://www.youtube.com/watch?v=nnL78-6rMgk,IGotGravelOnMyRock,Kragg,LGDMurp,Fleet,Floorhug #7,Round 1,2025-12-25 01:59:06+00:00
https://www.youtube.com/watch?v=SpNFRfT2IdA,Seo,Ranno,ShakeNBake,Clairen,Floorhug #7,Round 1,2025-12-25 02:02:05+00:00
https://www.youtube.com/watch?v=UJG7nortMxM,EC | Domnique,Zetterburn,Clem!!,Absa,Floorhug #7,Winners Semifinals,2025-12-25 02:03:18+00:00
https://www.youtube.com/watch?v=cgerXagpJsE,LGDMurp,Fleet,Sawstep,Fleet,Floorhug #7,Winners Semifinals,2025-12-25 02:03:31+00:00
https://www.youtube.com/watch?v=WjdokROIS2M,EC | Domnique,Zetterburn,Sawstep,Fleet,Floorhug #7,Winners Finals,2025-12-25 02:03:40+00:00
https://www.youtube.com/watch?v=6yK3rZq7bd8,Clem!!,Absa,IGotGravelOnMyRock,Kragg,Floorhug #7,Losers Quarterfinals,2025-12-25 02:04:03+00:00
https://www.youtube.com/watch?v=NBLDrfyoY4M,Clem!!,Absa,LGDMurp,Fleet,Floorhug #7,Losers Semifinals,2025-12-25 02:04:29+00:00
https://www.youtube.com/watch?v=KBHC1xEpMwk,EC | Domnique,Zetterburn,Clem!!,Absa,Floorhug #7,Losers Finals,2025-12-25 02:04:52+00:00
https://www.youtube.com/watch?v=0fI-iy_2NwI,EC | Domnique,Zetterburn,Sawstep,Fleet,Floorhug #7,Grand Finals,2025-12-25 02:05:15+00:00
https://www.youtube.com/watch?v=figGA7vTcSw,Watherum,Ranno,Average Alex,Kragg,Immortal Fight Night #257,Rnd Rbn,2025-12-30 04:45:45+00:00
https://www.youtube.com/watch?v=DLKAC6GNTng,Sh-Awe,Galvan,Average Alex,Absa,Immortal Fight Night #257,Rnd Rbn,2025-12-30 04:46:17+00:00
https://www.youtube.com/watch?v=Qt08eIv5kcM,Reaper,Etalus,Watherum,Ranno,Immortal Fight Night #257,Rnd Rbn,2025-12-30 04:46:37+00:00
https://www.youtube.com/watch?v=0NHu2PSL3Cs,Average Alex,Kragg,Reaper,Etalus,Immortal Fight Night #257,Rnd Rbn,2025-12-30 04:47:01+00:00
https://www.youtube.com/watch?v=igPiVwuOOBA,Nasty Nate,Clairen,LGDMurp,Fleet,Floorhug #8,Round 1,2025-12-31 20:26:47+00:00
https://www.youtube.com/watch?v=FAuqiPl8pR0,ianology,Galvan,Seo,Ranno,Floorhug #8,Round 2,2025-12-31 20:28:37+00:00
https://www.youtube.com/watch?v=afV7m61CmEE,ianology,Galvan,LGDMurp,Fleet,Floorhug #8,Round 3,2025-12-31 20:29:11+00:00
https://www.youtube.com/watch?v=IPWsIqLJLds,Sawstep,Fleet,emmy sage,Forsburn,Floorhug #8,Winners Semifinals,2025-12-31 20:29:40+00:00
https://www.youtube.com/watch?v=fwG5sPgDTbo,Gerf-O-Rama,Orcane,LGDMurp,Fleet,Floorhug #8,Losers Quarterfinals,2025-12-31 20:30:01+00:00
https://www.youtube.com/watch?v=neCoN0AJsLM,Sawstep,Fleet,ianology,Galvan,Floorhug #8,Winners Finals,2025-12-31 20:30:33+00:00
https://www.youtube.com/watch?v=syy9zgV_8zA,LGDMurp,Fleet,emmy sage,Forsburn,Floorhug #8,Losers Semifinals,2025-12-31 20:31:05+00:00
https://www.youtube.com/watch?v=Qpqe0hPia_M,ianology,Galvan,emmy sage,Forsburn,Floorhug #8,Losers Finals,2025-12-31 20:31:30+00:00
https://www.youtube.com/watch?v=BGj1O5ng2FM,Sawstep,Fleet,emmy sage,Forsburn,Floorhug #8,Grand Finals,2025-12-31 20:32:05+00:00
https://www.youtube.com/watch?v=o5tGiWfylZo,Gekkingga,Loxodont,Coach Zeke,Olympia,Fusion #280,Bracket,2026-01-03 04:41:52+00:00
https://www.youtube.com/watch?v=rJzpf4kcPXk,vooni,Fleet,aubreyclo,Maypul,Fusion #280,Bracket,2026-01-03 04:42:57+00:00
https://www.youtube.com/watch?v=Qp2Bzj6Bnhg,Unknown,Ranno,Fidel Ca$htro,Zetterburn,Fusion #280,Bracket,2026-01-03 04:43:55+00:00
https://www.youtube.com/watch?v=JPAoptTGiP4,Mr.Watch&amp;Learn,Etalus,Ev,Kragg,Fusion #280,Bracket,2026-01-03 04:44:37+00:00
https://www.youtube.com/watch?v=BlFcZEk_fC0,Bbatts,Fleet,vooni,Fleet,Fusion #280,Bracket,2026-01-03 04:46:39+00:00
https://www.youtube.com/watch?v=62lGGfdXjcw,Gekkingga,Loxodont,Mr.Watch&amp;Learn,Etalus,Fusion #280,Bracket,2026-01-03 04:47:27+00:00
https://www.youtube.com/watch?v=SRgpJRIuxyM,Bbatts,Fleet,Mr.Watch&amp;Learn,Etalus,Fusion #280,Bracket,2026-01-03 04:48:18+00:00
https://www.youtube.com/watch?v=jrkj7Q966PM,vooni,Fleet,nard,Clairen,Fusion #280,Bracket,2026-01-03 04:49:15+00:00
https://www.youtube.com/watch?v=chiXoeu9nMQ,Gekkingga,Loxodont,nard,Clairen,Fusion #280,Bracket,2026-01-03 04:50:05+00:00
https://www.youtube.com/watch?v=8ljtURfyG4s,Mr.Watch&amp;Learn,Etalus,Gekkingga,Loxodont,Fusion #280,Bracket,2026-01-03 04:51:23+00:00
https://www.youtube.com/watch?v=JaEmoMcXVro,Bbatts,Fleet,Gekkingga,Loxodont,Fusion #280,Bracket,2026-01-03 04:52:34+00:00
https://www.youtube.com/watch?v=XWhLbZUUT2c,CLAMP,Absa,MOB SteR ThA KiiD,Absa,Fusion #280,Bracket,2026-01-03 04:53:24+00:00
https://www.youtube.com/watch?v=K6sXkDWJnzA,Sofi,Ranno,Dav,Wrastor,Aether Reborn #9,Losers Quarter-Final,2026-01-04 16:55:56+00:00
https://www.youtube.com/watch?v=g-0-vlSYj04,Genarog,Fleet,DonCascone,Loxodont,Aether Reborn #9,Winners Final,2026-01-04 16:56:54+00:00
https://www.youtube.com/watch?v=h2Am22pstXw,Sofi,Ranno,Carbon,Clairen,Aether Reborn #9,Winners Final,2026-01-04 16:57:11+00:00
https://www.youtube.com/watch?v=aNrpGqSn3KY,Carbon,Clairen,Light,Forsburn,Aether Reborn #9,Losers Quarter-Final,2026-01-04 16:57:11+00:00
https://www.youtube.com/watch?v=VfjD9lxgfAQ,Genarog,Fleet,Sofi,Ranno,Aether Reborn #9,Losers Final,2026-01-04 16:57:11+00:00
https://www.youtube.com/watch?v=-lWcdYmNnFo,Genarog,Fleet,Carbon,Clairen,Aether Reborn #9,Winners Semi-Final,2026-01-04 16:57:11+00:00
https://www.youtube.com/watch?v=9chavvqCNpo,DonCascone,Loxodont,Sofi,Ranno,Aether Reborn #9,Winners Semi-Final,2026-01-04 16:57:11+00:00
https://www.youtube.com/watch?v=wgG2h-y6ZEA,Genarog,Fleet,DonCascone,Loxodont,Aether Reborn #9,Grand Final,2026-01-04 16:57:11+00:00
https://www.youtube.com/watch?v=5zp2hT1aWBA,BGunn,Olympia,Sqibbo,Ranno,Immortal Fight Night #258,Wnrs Qrts,2026-01-06 11:13:03+00:00
https://www.youtube.com/watch?v=eJxywXc4SiI,Bowler,Clairen,BGunn,Olympia,Immortal Fight Night #258,Wnrs Semi,2026-01-06 11:14:08+00:00
https://www.youtube.com/watch?v=0YKputRqDzk,Watherum,Ranno,ybm,Wrastor,Immortal Fight Night #258,Wnrs Semi,2026-01-06 11:14:35+00:00
https://www.youtube.com/watch?v=7nwF-ueUmQE,Watherum,Ranno,BGunn,Olympia,Immortal Fight Night #258,Wnrs Final,2026-01-06 11:15:04+00:00
https://www.youtube.com/watch?v=1lXdj1bYpgY,ybm,Wrastor,Bowler,Clairen,Immortal Fight Night #258,Lsrs Semi,2026-01-06 11:15:23+00:00
https://www.youtube.com/watch?v=bGdPxvey204,Bowler,Clairen,Watherum,Ranno,Immortal Fight Night #258,Lsrs Final,2026-01-06 11:15:52+00:00
https://www.youtube.com/watch?v=YWIsG_Yg35c,BGunn,Olympia,Bowler,Clairen,Immortal Fight Night #258,Grand Finals,2026-01-06 11:16:18+00:00
https://www.youtube.com/watch?v=UdX7jyrI_Co,The Football,La Reina,Landon,La Reina,Run The Rivals #41,La Reina Bracket,2026-01-07 03:13:09+00:00
https://www.youtube.com/watch?v=IY8ceHr1hm8,The Football,La Reina,Sean Sorey,La Reina,Run The Rivals #41,La Reina Bracket,2026-01-07 03:13:09+00:00
https://www.youtube.com/watch?v=kqmxYRQaS4c,The Football,La Reina,Vanbungle,La Reina,Run The Rivals #41,La Reina Bracket,2026-01-07 03:13:09+00:00
https://www.youtube.com/watch?v=trIHukDZZf0,The Football,La Reina,vanbungle,La Reina,Run The Rivals #41,Losers Quarters,2026-01-07 03:13:09+00:00
https://www.youtube.com/watch?v=izBHXW_LWDY,The Football,La Reina,Landon,Clairen,Run The Rivals #41,Winners Semis,2026-01-07 03:13:09+00:00
https://www.youtube.com/watch?v=l3P68MT2ynk,The Football,La Reina,Medo,Zetterburn,Run The Rivals #41,Winners R1,2026-01-07 03:13:09+00:00
https://www.youtube.com/watch?v=2dB_zJ9Ww-g,Sean Sorey,Clairen,The Football,La Reina,Run The Rivals #41,Losers Semis,2026-01-07 03:13:09+00:00
https://www.youtube.com/watch?v=YzLvPzG-69Y,Landon,Clairen,Phug,Kragg,Run The Rivals #41,Winners Finals,2026-01-07 03:13:09+00:00
https://www.youtube.com/watch?v=j3WqMIXufkk,L,Clairen,Landon,Clairen,Run The Rivals #41,Grand Finals - Sean Sorey,2026-01-07 03:13:09+00:00
https://www.youtube.com/watch?v=KlME_4KaavE,Sean Sorey,Clairen,Phug,Kragg,Run The Rivals #41,Losers Finals,2026-01-07 03:13:09+00:00
https://www.youtube.com/watch?v=XJO_MI8iDgY,Monocle Gentlesir,La Reina,Nebulex,Loxodont,Straight Into The Abyss #31,Wnrs Rd 1,2026-01-08 14:51:10+00:00
https://www.youtube.com/watch?v=g2lo3cqHe6w,precisely 8 horses,Fleet,T4PJUMP3RR,Zetterburn,Straight Into The Abyss #31,Wnrs Rd 2,2026-01-08 14:52:24+00:00
https://www.youtube.com/watch?v=lnoQ4JPWs2w,Turnap,Ranno,T4PJUMP3RR,Zetterburn,Straight Into The Abyss #31,Wnrs Qrts,2026-01-08 14:52:54+00:00
https://www.youtube.com/watch?v=ke6NDVhQAaQ,Viviana,La Reina,Turnap,La Reina,Straight Into The Abyss #31,Wnrs Semi,2026-01-08 14:53:23+00:00
https://www.youtube.com/watch?v=6V0ZoYO4TOY,SmokedSam,Orcane,SapphireGD,Zetterburn,Straight Into The Abyss #31,Wnrs Semi,2026-01-08 14:53:46+00:00
https://www.youtube.com/watch?v=ye3tHyXVogw,Viviana,Galvan,SapphireGD,Zetterburn,Straight Into The Abyss #31,Wnrs Final,2026-01-08 14:54:01+00:00
https://www.youtube.com/watch?v=BIw1QwLgyOE,Turnap,Ranno,BGunn,Olympia,Straight Into The Abyss #31,Lsrs Qrts,2026-01-08 14:54:30+00:00
https://www.youtube.com/watch?v=MxhzSt5hnOY,T4PJUMP3RR,Zetterburn,BGunn,Olympia,Straight Into The Abyss #31,Lsrs Semi,2026-01-08 14:54:47+00:00
https://www.youtube.com/watch?v=yIho5JgQEtY,BGunn,Olympia,Viviana,La Reina,Straight Into The Abyss #31,Lsrs Final,2026-01-08 14:55:14+00:00
https://www.youtube.com/watch?v=TNfxrKAxu4s,SapphireGD,Zetterburn,Viviana,Galvan,Straight Into The Abyss #31,Grand Finals,2026-01-08 14:55:35+00:00
https://www.youtube.com/watch?v=a8NI5D4198k,Tortuga,Orcane,Penjib,Orcane,Blazing Battlefield #7,Round 2,2026-01-10 12:00:00+00:00
https://www.youtube.com/watch?v=NG1SDkFIWSU,BSC Re:Cupid,Zetterburn,Xena,Fleet,Blazing Battlefield #7,Winners Quarters,2026-01-10 12:00:00+00:00
https://www.youtube.com/watch?v=uj4TNVhGr5M,FULLY NAKED @ THE URINAL,Kragg,Riveriver,Zetterburn,Blazing Battlefield #7,WQFs,2026-01-10 12:00:00+00:00
https://www.youtube.com/watch?v=r4ZPlT23LOY,FULLY NAKED @ THE URINAL,Kragg,Mystery Sol,Fleet,Blazing Battlefield #7,WSFs,2026-01-10 12:00:00+00:00
https://www.youtube.com/watch?v=0Cd27dtTpo0,BSC Re:Cupid,Zetterburn,Sawstep,Fleet,Blazing Battlefield #7,Winners Semis,2026-01-10 12:00:00+00:00
https://www.youtube.com/watch?v=aeGorqgG7p0,Penjib,Orcane,Xena,Fleet,Blazing Battlefield #7,Losers Eighths,2026-01-10 12:00:00+00:00
https://www.youtube.com/watch?v=1M8c-BX4dng,Riveriver,Absa,TS JoJoDaHoBo,Zetterburn,Blazing Battlefield #7,Losers Top 8 Qualifier,2026-01-10 12:00:00+00:00
https://www.youtube.com/watch?v=RKr8YuuuQCE,Mystery Sol,Fleet,Sawstep,Fleet,Blazing Battlefield #7,Winners Finals,2026-01-10 12:00:00+00:00
https://www.youtube.com/watch?v=8VkbOGzJ374,BSC Re:Cupid,Zetterburn,TS JoJoDaHoBo,Zetterburn,Blazing Battlefield #7,LQFs,2026-01-10 12:00:00+00:00
https://www.youtube.com/watch?v=Wc-ctl0tZBA,BSC Re:Cupid,Zetterburn,Xena,Fleet,Blazing Battlefield #7,Losers Semifinals,2026-01-10 12:00:00+00:00
https://www.youtube.com/watch?v=hrmWrIEi5q8,Sawstep,Fleet,Xena,Fleet,Blazing Battlefield #7,Losers Finals,2026-01-10 12:00:00+00:00
https://www.youtube.com/watch?v=vCL00ZySRPE,Sawstep,Fleet,Mystery Sol,Fleet,Blazing Battlefield #7,Grand Finals,2026-01-10 12:00:00+00:00
https://www.youtube.com/watch?v=fomtT4sxW6c,Wisely,Maypul,The Football,Galvan,Run The Rivals #42,Round Robin,2026-01-14 01:58:36+00:00
https://www.youtube.com/watch?v=fi-VLinC4Go,The Football,Galvan,Wisely,Maypul,Run The Rivals #42,Round Robin,2026-01-14 01:58:36+00:00
https://www.youtube.com/watch?v=lrfrbVzh5d8,Hunter,Maypul,Wisely,Maypul,Run The Rivals #42,Round Robin,2026-01-14 01:58:36+00:00
https://www.youtube.com/watch?v=zo-KnHNWTfM,Bowler,Clairen,Reaper,Etalus,Immortal Fight Night #259,Wnrs Semi,2026-01-14 03:36:06+00:00
https://www.youtube.com/watch?v=y-9P2JDiLZ8,Average Alex,La Reina,BGunn,Olympia,Immortal Fight Night #259,Wnrs Semi,2026-01-14 03:39:26+00:00
https://www.youtube.com/watch?v=5hATMYzFHjE,Bowler,Clairen,Average Alex,Kragg,Immortal Fight Night #259,Wnrs Finals,2026-01-14 03:39:46+00:00
https://www.youtube.com/watch?v=3GzY71WPee0,Grunk,Zetterburn,ybm,Wrastor,Immortal Fight Night #259,Lsrs Semi,2026-01-14 03:40:45+00:00
https://www.youtube.com/watch?v=g7ZTrPqPiI4,ybm,Wrastor,Average Alex,Kragg,Immortal Fight Night #259,Lsrs Final,2026-01-14 03:41:00+00:00
https://www.youtube.com/watch?v=Ij3fcnOpxm4,Average Alex,Kragg,Bowler,Clairen,Immortal Fight Night #259,Grand Finals,2026-01-14 03:41:44+00:00
https://www.youtube.com/watch?v=9maqWnZrOiY,Drewsephix,Orcane,Unleashed,La Reina,Straight Into The Abyss #32,Wnrs Rd 1,2026-01-15 03:31:19+00:00
https://www.youtube.com/watch?v=_Kr8lQ91sTs,Shard,Fleet,Hockey,Zetterburn,Straight Into The Abyss #32,Wnrs Rd 2,2026-01-15 03:32:11+00:00
https://www.youtube.com/watch?v=4zwpCzqhFFw,Turnap,Ranno,BGunn,Olympia,Straight Into The Abyss #32,Wnrs Qrts,2026-01-15 03:32:29+00:00
https://www.youtube.com/watch?v=fVppw3z0Y78,Viviana,Loxodont,Shard,Fleet,Straight Into The Abyss #32,Wnrs Semi,2026-01-15 03:34:35+00:00
https://www.youtube.com/watch?v=i9VGiqVqZq4,Turnap,Ranno,SapphireGD,Zetterburn,Straight Into The Abyss #32,Wnrs Semi,2026-01-15 03:34:57+00:00
https://www.youtube.com/watch?v=D6fr8WOZixA,Shard,Fleet,SapphireGD,Zetterburn,Straight Into The Abyss #32,Wnrs Final,2026-01-15 03:38:11+00:00
https://www.youtube.com/watch?v=7Tvjs6E9uFs,Turnap,Ranno,Viviana,Galvan,Straight Into The Abyss #32,Lsrs Semi,2026-01-15 03:40:00+00:00
https://www.youtube.com/watch?v=h4Mo_w8sPhM,Shard,Fleet,Viviana,Loxodont,Straight Into The Abyss #32,Lsrs Final,2026-01-15 03:42:33+00:00
https://www.youtube.com/watch?v=LeN8AVR1cYc,SapphireGD,Zetterburn,Viviana,Galvan,Straight Into The Abyss #32,Grand Finals,2026-01-15 03:42:58+00:00
https://www.youtube.com/watch?v=ADas6fB6Tg8,Karamel,Kragg,Grec$,Ranno,Cascade Cup,Losers Round 3,2026-01-15 03:48:07+00:00
https://www.youtube.com/watch?v=mSlzonwvImE,alfoam,Loxodont,Karamel,Kragg,Cascade Cup,Losers Round 4,2026-01-15 03:48:07+00:00
https://www.youtube.com/watch?v=4SJumKpVVV8,McDuckerz,Ranno,Karamel,Kragg,Cascade Cup,Winners Quarters,2026-01-15 03:53:07+00:00
https://www.youtube.com/watch?v=BzY6Dygw1AQ,Mkok,Zetterburn,SassyFlygon,Fleet,Cascade Cup,Winners Quarters,2026-01-15 04:13:48+00:00
https://www.youtube.com/watch?v=C9NE1XDemD4,NatySolo,Orcane,xVoltage,Absa,Cascade Cup,Winners Round 2,2026-01-15 04:25:24+00:00
https://www.youtube.com/watch?v=lUHFPD8PgNo,MOsSFLoweR,Loxodont,Mkok,Zetterburn,Cascade Cup,Losers Round 4,2026-01-15 04:27:21+00:00
https://www.youtube.com/watch?v=Q1vXckaWm8o,Car5yn,La Reina,DaMeloM24,La Reina,Cascade Cup,Winners Round 2,2026-01-15 04:34:16+00:00
https://www.youtube.com/watch?v=rEjW8NZTd1g,Glum,Clairen,Car5yn,La Reina,Cascade Cup,Winners Quarters,2026-01-15 04:44:52+00:00
https://www.youtube.com/watch?v=hpoStJJS9xo,NatySolo,Orcane,alfoam,Loxodont,Cascade Cup,Winners Quarters,2026-01-15 05:11:05+00:00
https://www.youtube.com/watch?v=SPd8p-3RJ5M,McDuckerz,Ranno,NatySolo,Orcane,Cascade Cup,Winners Semis,2026-01-15 05:18:15+00:00
https://www.youtube.com/watch?v=Fnp6eqJMMYM,PlantEnjoyer69,Galvan,alfoam,Loxodont,Cascade Cup,Losers Round 3,2026-01-15 05:42:36+00:00
https://www.youtube.com/watch?v=zl4AwQU-VFw,Glum,Clairen,NatySolo,Orcane,Cascade Cup,Winners Finals,2026-01-15 05:54:12+00:00
https://www.youtube.com/watch?v=L-I4NTwqZbg,McDuckerz,Ranno,Glum,Clairen,Cascade Cup,Losers Finals,2026-01-15 07:07:56+00:00
https://www.youtube.com/watch?v=86cCzkWUUkA,SassyFlygon,Fleet,Glum,Clairen,Cascade Cup,Winners Semis,2026-01-15 08:34:15+00:00
https://www.youtube.com/watch?v=qqXA0F-oHuo,NatySolo,Orcane,Glum,Clairen,Cascade Cup,Grand Finals,2026-01-15 11:31:21+00:00
https://www.youtube.com/watch?v=C5IayulwraQ,Goose,Ranno,Desultima,Galvan,Runway Rivals January 2026,Round Robin,2026-01-19 21:52:24+00:00
https://www.youtube.com/watch?v=dc_zuwp-IRU,Goose,Ranno,666blaziken,La Reina,Runway Rivals January 2026,Round Robin,2026-01-19 22:08:19+00:00
https://www.youtube.com/watch?v=7YwUb0Aqp5w,Desultima,Galvan,Jake,Etalus,Runway Rivals January 2026,Round Robin,2026-01-19 22:41:40+00:00
https://www.youtube.com/watch?v=8hD1KWUFOho,Desultima,Galvan,Velouria,Absa,Runway Rivals January 2026,Round Robin,2026-01-19 22:51:13+00:00
https://www.youtube.com/watch?v=4BzP0SZquDQ,Desultima,Galvan,Dauzen,Ranno,Runway Rivals January 2026,Round Robin,2026-01-19 23:02:28+00:00
https://www.youtube.com/watch?v=eSZMfd4puIM,666blaziken,La Reina,Velouria,Absa,Runway Rivals January 2026,Round Robin,2026-01-19 23:22:18+00:00
https://www.youtube.com/watch?v=BFaRe5qncEE,666blaziken,La Reina,Dauzen,Ranno,Runway Rivals January 2026,Round Robin,2026-01-19 23:44:08+00:00
https://www.youtube.com/watch?v=k29s7CkekiU,666blaziken,La Reina,Desultima,Galvan,Runway Rivals January 2026,Round Robin,2026-01-19 23:54:13+00:00
https://www.youtube.com/watch?v=oOXMLghky3k,BGunn,Olympia,Watherum,Ranno,Immortal Fight Night #260,Wnrs Rd 1,2026-01-20 04:57:50+00:00
https://www.youtube.com/watch?v=ye4gA1rGE0c,Bowler,Clairen,BGunn,Olympia,Immortal Fight Night #260,Wnrs Semi,2026-01-20 05:04:41+00:00
https://www.youtube.com/watch?v=H--aEXWqf54,Average Alex,La Reina,Grunk,Zetterburn,Immortal Fight Night #260,Wnrs Semi,2026-01-20 05:05:06+00:00
https://www.youtube.com/watch?v=LQt2Eiqm2v4,Bowler,Clairen,Average Alex,Kragg,Immortal Fight Night #260,Wnrs Final,2026-01-20 05:05:44+00:00
https://www.youtube.com/watch?v=_wEPwVIisQ0,Grunk,Zetterburn,ybm,Wrastor,Immortal Fight Night #260,Lsrs Semi,2026-01-20 05:08:13+00:00
https://www.youtube.com/watch?v=d5LTs7JoOhw,Grunk,Zetterburn,Average Alex,Kragg,Immortal Fight Night #260,Lsrs Final,2026-01-20 05:11:41+00:00
https://www.youtube.com/watch?v=6mTDn2m9ywI,Average Alex,Kragg,Bowler,Clairen,Immortal Fight Night #260,Grand Finals,2026-01-20 05:13:44+00:00
https://www.youtube.com/watch?v=_RSG1Z0zVbc,Hunter,Maypul,Franzwa,Galvan,Power Play No Limits,Grand Finals,2026-01-21 02:26:46+00:00
https://www.youtube.com/watch?v=JYYFKUvfKd4,Franzwa,Galvan,Love Tub,Absa,Power Play No Limits,Losers Finals,2026-01-21 02:27:31+00:00
https://www.youtube.com/watch?v=QMQ9H8Tv03Y,Franzwa,Galvan,Oljace,Forsburn,Power Play No Limits,Losers Semis,2026-01-21 02:27:57+00:00
https://www.youtube.com/watch?v=VAAIAfsD710,The Football,Kragg,Oljace,Forsburn,Power Play No Limits,Losers Quarter Final,2026-01-21 02:28:28+00:00
https://www.youtube.com/watch?v=fWTmFVohs4k,Love Tub,Etalus,Hunter,Maypul,Power Play No Limits,Winners Final,2026-01-21 02:29:06+00:00
https://www.youtube.com/watch?v=1eQJYc_25ao,Hunter,Maypul,Oljace,Forsburn,Power Play No Limits,Winners Semi,2026-01-21 02:29:38+00:00
https://www.youtube.com/watch?v=CzVQraxBftE,Love Tub,Etalus,Franzwa,Galvan,Power Play No Limits,Winners Semi,2026-01-21 02:30:07+00:00
https://www.youtube.com/watch?v=NkBW6YiRCUQ,Love Tub,Etalus,The Football,Kragg,Power Play No Limits,Winners Round 2,2026-01-21 02:30:31+00:00
https://www.youtube.com/watch?v=P1Xos5SEXdI,Wafflez,La Reina,Hunter,Maypul,Power Play No Limits,Winners Round 2,2026-01-21 02:30:53+00:00
https://www.youtube.com/watch?v=9T0EKC1AU60,doug todd,Zetterburn,Mailiam,Maypul,Power Play No Limits,Winners Round 1,2026-01-21 02:31:26+00:00
https://www.youtube.com/watch?v=FFtDRsNsINM,BlazeKSol,Galvan,Getsummary,Kragg,Power Play No Limits,Winners Round 1,2026-01-21 02:31:45+00:00
https://www.youtube.com/watch?v=dtlIOiuBJcU,Hockey,Zetterburn,RachnerousBoyToy,La Reina,Straight Into The Abyss #33,Wnrs Rd 1,2026-01-22 04:28:56+00:00
https://www.youtube.com/watch?v=lRTM-iMJm1o,GirthwormJim,Forsburn,Waddles_,Zetterburn,Straight Into The Abyss #33,Wnrs Rd 2,2026-01-22 04:31:52+00:00
https://www.youtube.com/watch?v=TENMGryZTys,Guren,Fleet,BGunn,Olympia,Straight Into The Abyss #33,Wnrs Qrts,2026-01-22 04:34:29+00:00
https://www.youtube.com/watch?v=QcgHFdPB-ck,Viviana,Galvan,UniTy,Absa,Straight Into The Abyss #33,Wnrs Qrts,2026-01-22 04:37:50+00:00
https://www.youtube.com/watch?v=D-SzGTciMsQ,Viviana,Galvan,Reaper,Etalus,Straight Into The Abyss #33,Wnrs Semi,2026-01-22 04:38:59+00:00
https://www.youtube.com/watch?v=eeGNi3nLp44,BGunn,Olympia,SapphireGD,Zetterburn,Straight Into The Abyss #33,Wnrs Semi,2026-01-22 04:39:26+00:00
https://www.youtube.com/watch?v=6QNUKhGIHOo,Viviana,Galvan,SapphireGD,Zetterburn,Straight Into The Abyss #33,Wnrs Final,2026-01-22 04:39:45+00:00
https://www.youtube.com/watch?v=yvssGaVUONE,Guren,Fleet,Turts,Zetterburn,Straight Into The Abyss #33,Lsrs Rd 5,2026-01-22 04:40:18+00:00
https://www.youtube.com/watch?v=mChGktCIMDA,Guren,Fleet,Reaper,Etalus,Straight Into The Abyss #33,Lsrs Qrts,2026-01-22 04:41:12+00:00
https://www.youtube.com/watch?v=opkNM2JKyYU,GirthwormJim,Forsburn,Guren,Fleet,Straight Into The Abyss #33,Lsrs Semi,2026-01-22 04:41:28+00:00
https://www.youtube.com/watch?v=DAOWWhN1-1s,SapphireGD,Zetterburn,Guren,Fleet,Straight Into The Abyss #33,Lsrs Final,2026-01-22 04:42:12+00:00
https://www.youtube.com/watch?v=VYg0YfOUkSs,SapphireGD,Zetterburn,Viviana,Galvan,Straight Into The Abyss #33,Grand Finals,2026-01-22 04:42:54+00:00
https://www.youtube.com/watch?v=o0UEV7a6wLo,Bowler,Clairen,Kezzup,Loxodont,LMBM 2026,,2026-01-24 18:04:26+00:00
https://www.youtube.com/watch?v=sJzIqXrtrME,Kopter,La Reina,Space,Galvan,LMBM 2026,,2026-01-24 18:04:26+00:00
https://www.youtube.com/watch?v=qj1RbCMXY-s,EJJ,Forsburn,Coach Zeke,Olympia,LMBM 2026,,2026-01-24 18:04:26+00:00
https://www.youtube.com/watch?v=BxNBEFHr-Ak,Bbatts,Fleet,ilike21pancakes,Orcane,LMBM 2026,,2026-01-24 18:17:24+00:00
https://www.youtube.com/watch?v=dqtdKPOT-H8,Ant,Absa,Stango,Kragg,LMBM 2026,Top 8,2026-01-24 18:20:11+00:00
https://www.youtube.com/watch?v=RQR-R8ysJ6A,McDuckerz,Ranno,Sly,Clairen,LMBM 2026,,2026-01-24 18:58:46+00:00
https://www.youtube.com/watch?v=CAcV8QpWuTw,Ant,Absa,Rongunshu,Clairen,LMBM 2026,Losers Semis,2026-01-24 19:11:03+00:00
https://www.youtube.com/watch?v=MX92OakpcNI,CakeAssault,Forsburn,Beastly,Zetterburn,LMBM 2026,Winners Finals,2026-01-24 19:20:02+00:00
https://www.youtube.com/watch?v=y8_biz3x6pQ,toothbrush,Ranno,HamPolo,Zetterburn,LMBM 2026,,2026-01-24 19:31:18+00:00
https://www.youtube.com/watch?v=BjpEq7cxaLU,Beastly,Olympia,Rongunshu,Clairen,LMBM 2026,Losers Finals,2026-01-24 19:32:07+00:00
https://www.youtube.com/watch?v=nbU4AKkQNIo,Torna,Wrastor,Switch,Galvan,LMBM 2026,,2026-01-24 19:43:01+00:00
https://www.youtube.com/watch?v=2L-xbdbkxq8,Luna-Gabs,Zetterburn,SoftAsSilque,Clairen,LMBM 2026,,2026-01-24 19:50:09+00:00
https://www.youtube.com/watch?v=0XTmMGoGsTI,Gekkingga,Loxodont,aubreyclo,Maypul,LMBM 2026,,2026-01-24 20:28:22+00:00
https://www.youtube.com/watch?v=jmhlbUBzL3A,CakeAssault,Forsburn,Rongunshu,Clairen,LMBM 2026,Grand Finals,2026-01-24 20:47:55+00:00
https://www.youtube.com/watch?v=iux10fgY0V0,elkiies,La Reina,CheesyPotato,Kragg,LMBM 2026,,2026-01-24 21:25:47+00:00
https://www.youtube.com/watch?v=0jX7ScDjd0c,Ant,Forsburn,Revilo2112,Absa,LMBM 2026,,2026-01-24 21:27:05+00:00
https://www.youtube.com/watch?v=HFU1MsLgCVQ,Lucius,Ranno,Re:Cupid,Zetterburn,LMBM 2026,,2026-01-24 21:36:18+00:00
https://www.youtube.com/watch?v=zjRKj2pzP2Q,Sandstorm,Olympia,Animal,Etalus,LMBM 2026,,2026-01-24 21:52:17+00:00
https://www.youtube.com/watch?v=xbZc4A7VxpM,Beastly,Zetterburn,CheesyPotato,Kragg,LMBM 2026,,2026-01-24 21:55:22+00:00
https://www.youtube.com/watch?v=CDYZ0Rzh8wg,Bbatts,Fleet,Sandstorm,Olympia,LMBM 2026,,2026-01-24 22:14:26+00:00
https://www.youtube.com/watch?v=bqDnHBHoAdQ,Stango,Kragg,Rongunshu,Clairen,LMBM 2026,,2026-01-24 22:58:24+00:00
https://www.youtube.com/watch?v=kpDml77ruGY,CakeAssault,Forsburn,Ant,Absa,LMBM 2026,,2026-01-24 22:59:06+00:00
https://www.youtube.com/watch?v=CtBSYQ9S-E0,CheesyPotato,Kragg,AppleWiz,Wrastor,LMBM 2026,,2026-01-24 23:02:16+00:00
https://www.youtube.com/watch?v=-ZdU7O8DrHs,Bbatts,Fleet,HamPolo,Zetterburn,LMBM 2026,,2026-01-24 23:18:11+00:00
https://www.youtube.com/watch?v=fdGVMTs32YM,ZeeBee,Kragg,Ant,Absa,LMBM 2026,,2026-01-24 23:46:55+00:00
https://www.youtube.com/watch?v=RQyrO5_Dbe0,Rongunshu,Clairen,Phantom,Galvan,LMBM 2026,,2026-01-25 00:43:48+00:00
https://www.youtube.com/watch?v=v_4ont7y1q8,AppleWiz,Wrastor,Rongunshu,Clairen,LMBM 2026,Top 8,2026-01-25 16:45:33+00:00
https://www.youtube.com/watch?v=76m55pQm3_8,Ant,Absa,Bbatts,Fleet,LMBM 2026,Top 8,2026-01-25 17:03:45+00:00
https://www.youtube.com/watch?v=Fqebj3xNo7s,Rongunshu,Clairen,Sandstorm,Olympia,LMBM 2026,Top 8,2026-01-25 17:03:45+00:00
https://www.youtube.com/watch?v=ExjrKp-evSA,CakeAssault,Forsburn,Sandstorm,Olympia,LMBM 2026,Top 8,2026-01-25 17:32:16+00:00
https://www.youtube.com/watch?v=-GY9Jfuan0Q,Stango,Kragg,Beastly,Zetterburn,LMBM 2026,Top 8,2026-01-25 17:40:09+00:00
https://www.youtube.com/watch?v=uNHpNrQ1Hn4,DonCascone,Loxodont,Turtle,Ranno,Aether Reborn #10,Grand Final,2026-01-25 17:41:08+00:00
https://www.youtube.com/watch?v=6NdfcjE6_JQ,DonCascone,Loxodont,Carbon,Clairen,Aether Reborn #10,Losers Semi-Final,2026-01-25 17:41:48+00:00
https://www.youtube.com/watch?v=qzhz-1NSlp8,Genarog,Fleet,DonCascone,Loxodont,Aether Reborn #10,Losers Final,2026-01-25 17:42:20+00:00
https://www.youtube.com/watch?v=La0nIgalzX0,DonCascone,Loxodont,Dav,Wrastor,Aether Reborn #10,Losers Quarter-Final,2026-01-25 17:42:54+00:00
https://www.youtube.com/watch?v=2R5gnVgI04o,Carbon,Clairen,Alpha,Zetterburn,Aether Reborn #10,Losers-Quarter Final,2026-01-25 17:43:29+00:00
https://www.youtube.com/watch?v=Eh4Vh2-ApFc,Genarog,Fleet,Turtle,Ranno,Aether Reborn #10,Winners Final,2026-01-25 17:43:49+00:00
https://www.youtube.com/watch?v=vaxyrIMjhAk,RivalsRatGod,Olympia,Monocle GS,Maypul,Straight Into The Abyss #34,Wnrs Rd 1,2026-01-29 03:49:17+00:00
https://www.youtube.com/watch?v=6tQ_d1wtDFo,Viviana,La Reina,Drewsephix,Orcane,Straight Into The Abyss #34,Wnrs Semi,2026-01-29 03:55:15+00:00
https://www.youtube.com/watch?v=bVtOUsFPIiE,Viviana,La Reina,Monocle Gentlesir,Maypul,Straight Into The Abyss #34,Wnrs Qrts,2026-01-29 03:56:16+00:00
https://www.youtube.com/watch?v=o7jQsqKph0Y,waddlespch,Zetterburn,Turts,Zetterburn,Straight Into The Abyss #34,Wnrs Semi,2026-01-29 03:56:36+00:00
https://www.youtube.com/watch?v=GU9eYSk2njg,Viviana,La Reina,Turts,Zetterburn,Straight Into The Abyss #34,Lsrs Semi,2026-01-29 03:58:38+00:00
https://www.youtube.com/watch?v=VMBMO0rp5K4,Viviana,Galvan,Drewsephix,Orcane,Straight Into The Abyss #34,Lsrs Final,2026-01-29 03:58:53+00:00
https://www.youtube.com/watch?v=WOdQ6SezHaA,Viviana,Galvan,waddlespch,Zetterburn,Straight Into The Abyss #34,Grand Finals,2026-01-29 03:59:30+00:00
https://www.youtube.com/watch?v=N1ztAelNhOY,Ascenzion,Ranno,Cheafffy,Olympia,R2AS #36,Winners Round 2,2026-01-29 21:47:17+00:00
https://www.youtube.com/watch?v=M6r_fC9HtfQ,Ster tha Kiid,Absa,Chimiso,Clairen,R2AS #36,Winners Quarters,2026-01-29 21:50:32+00:00
https://www.youtube.com/watch?v=34C0Xa8YdyU,Chimiso,Clairen,Magma,Wrastor,R2AS #36,Top 8 Winners Semis,2026-01-29 21:55:49+00:00
https://www.youtube.com/watch?v=3CJxV0bcN9k,Chimiso,Clairen,Goose,Ranno,R2AS #36,Top 8 Winners Finals,2026-01-29 22:01:13+00:00
https://www.youtube.com/watch?v=PSc6khyY_fk,Nushinator,Kragg,Dougsauce,Loxodont,Chef&#39;s Choice #17,Winners Round 1,2026-01-31 15:00:53+00:00
https://www.youtube.com/watch?v=DRVlvOUL23Y,VCent,Maypul,MAMMOTH,Kragg,Chef&#39;s Choice #17,Winners Quarters,2026-01-31 15:15:03+00:00
https://www.youtube.com/watch?v=az3nJ-o2_zo,Gusta,Clairen,Iggy Ontario,Loxodont,Chef&#39;s Choice #17,Winners Quarters,2026-01-31 15:30:01+00:00
https://www.youtube.com/watch?v=8GDLde4CoWk,Takkun,Absa,stellice,Fleet,Chef&#39;s Choice #17,Winners Quarters,2026-01-31 15:45:00+00:00
https://www.youtube.com/watch?v=d1t-fgKf0Ic,WDR | Triforce!,Forsburn,MAMMOTH,Kragg,Chef&#39;s Choice #17,Winners Semis,2026-01-31 16:00:59+00:00
https://www.youtube.com/watch?v=OCMsq4PuHfQ,Takkun,Fleet,Gusta,Clairen,Chef&#39;s Choice #17,Winners Semis,2026-01-31 16:15:01+00:00
https://www.youtube.com/watch?v=0MPZuinG0Lo,WDR | Triforce!,Forsburn,Gusta,Clairen,Chef&#39;s Choice #17,Winners Final,2026-01-31 16:30:00+00:00
https://www.youtube.com/watch?v=b-v8iRiXJOw,MAMMOTH,Kragg,Smoot,Absa,Chef&#39;s Choice #17,Losers Quarters,2026-01-31 16:45:04+00:00
https://www.youtube.com/watch?v=HqyYI1H7WNI,Smoot,Absa,Takkun,Fleet,Chef&#39;s Choice #17,Losers Semis,2026-01-31 17:00:34+00:00
https://www.youtube.com/watch?v=KMc3pLMDihU,Gusta,Clairen,Smoot,Absa,Chef&#39;s Choice #17,Losers Final,2026-01-31 17:15:04+00:00
https://www.youtube.com/watch?v=G0B0ZWdWgsE,WDR | Triforce!,Forsburn,Gusta,Clairen,Chef&#39;s Choice #17,Grand Final,2026-01-31 17:30:05+00:00
https://www.youtube.com/watch?v=G0AxV_aQmCY,Baunathan,Forsburn,OhNo | Gorklax,Clairen,Chef&#39;s Choice #18,Winners Quarters,2026-02-01 15:00:33+00:00
https://www.youtube.com/watch?v=YT39xMsBe1k,stellice,Fleet,HenArten,Orcane,Chef&#39;s Choice #18,Winners Quarters,2026-02-01 15:15:08+00:00
https://www.youtube.com/watch?v=YpepU4OtLQg,CyberHex,Clairen,OhNo | Gorklax,Clairen,Chef&#39;s Choice #18,Winners Semis,2026-02-01 15:30:21+00:00
https://www.youtube.com/watch?v=nERrxOvcMoo,VCent,Maypul,stellice,Fleet,Chef&#39;s Choice #18,Winners Semis,2026-02-01 15:45:09+00:00
https://www.youtube.com/watch?v=uNgjuGAY9lM,CyberHex,Clairen,VCent,Maypul,Chef&#39;s Choice #18,Winners Final,2026-02-01 16:01:32+00:00
https://www.youtube.com/watch?v=C8x0e3anRbo,stellice,Fleet,Baunathan,Etalus,Chef&#39;s Choice #18,Losers Quarters,2026-02-01 16:15:01+00:00
https://www.youtube.com/watch?v=flwtVZZX9ec,Gorklax,Clairen,stellice,Fleet,Chef&#39;s Choice #18,Losers Semis,2026-02-01 16:30:18+00:00
https://www.youtube.com/watch?v=FA_thkK6Vak,CyberHex,Clairen,stellice,Fleet,Chef&#39;s Choice #18,Losers Final,2026-02-01 16:45:03+00:00
https://www.youtube.com/watch?v=uSHs6ou4gdw,VCent,Maypul,CyberHex,Clairen,Chef&#39;s Choice #18,Grand Final,2026-02-01 17:01:28+00:00
https://www.youtube.com/watch?v=fVtSE-mdWRg,AlastairBL,Clairen,BeetleWitty125,Orcane,AINT DEAD YET,Winners Quarters,2026-02-02 08:09:21+00:00
https://www.youtube.com/watch?v=86FRnHeEp_g,Lilypad,La Reina,Garfield,Kragg,AINT DEAD YET,Winners Quarters,2026-02-02 08:10:36+00:00
https://www.youtube.com/watch?v=9catIsF2-yk,AlastairBL,Clairen,Crayon Muncher,Loxodont,AINT DEAD YET,Losers Round 3,2026-02-02 08:12:51+00:00
https://www.youtube.com/watch?v=inGaygilF2w,Lilypad,La Reina,Burnign,La Reina,AINT DEAD YET,Losers Round 3,2026-02-02 08:15:05+00:00
https://www.youtube.com/watch?v=txq5cKlqAVQ,Fisic,Forsburn,Unladen,Fleet,AINT DEAD YET,Winners Quarters,2026-02-02 08:16:29+00:00
https://www.youtube.com/watch?v=7bfcrIbkWsE,Zingar,Ranno,Shnurgle,Maypul,AINT DEAD YET,Winners Quarters,2026-02-02 08:19:19+00:00
https://www.youtube.com/watch?v=SjxHrFpCZ4A,Garfield,Kragg,BeetleWitty125,Orcane,AINT DEAD YET,Winners Semis,2026-02-02 08:20:32+00:00
https://www.youtube.com/watch?v=tvPEK4eDSrw,Fisic,Forsburn,Zingar,Ranno,AINT DEAD YET,Winners Semis,2026-02-02 08:21:59+00:00
https://www.youtube.com/watch?v=yudSXEksMGU,Fisic,Forsburn,Garfield,Kragg,AINT DEAD YET,Winners Finals,2026-02-02 08:23:37+00:00
https://www.youtube.com/watch?v=PUF7ZOQ0zKo,BeetleWitty125,Orcane,Shnurgle,Maypul,AINT DEAD YET,Losers Quarters,2026-02-02 08:25:08+00:00
https://www.youtube.com/watch?v=DdgKx3AILS8,BeetleWitty125,Orcane,Zingar,Ranno,AINT DEAD YET,Losers Semis,2026-02-02 08:26:40+00:00
https://www.youtube.com/watch?v=EePIiTUSPVk,BeetleWitty125,Orcane,Fisic,Forsburn,AINT DEAD YET,Losers Finals,2026-02-02 08:28:26+00:00
https://www.youtube.com/watch?v=LtGiEgNmqk4,Garfield,Kragg,BeetleWitty125,Orcane,AINT DEAD YET,Grand Finals,2026-02-02 08:32:43+00:00
https://www.youtube.com/watch?v=fyU8JuOO6_U,Zingar,Forsburn,AlastairBL,Clairen,AINT DEAD YET,Losers Quarters,2026-02-02 11:01:15+00:00
https://www.youtube.com/watch?v=8t9FZ0ZVpVo,Kraite,Wrastor,moey_joehawk,Maypul,The Fusion Arcadian 12,Bracket,2026-02-03 07:10:48+00:00
https://www.youtube.com/watch?v=VGAPSfMSYOc,Drewsephix,Orcane,Mrperson,Fleet,The Fusion Arcadian 12,Bracket,2026-02-03 07:10:56+00:00
https://www.youtube.com/watch?v=ykaZsdpWjDk,FLuX Magnetique,Zetterburn,Kevorkian,Galvan,The Fusion Arcadian 12,Bracket,2026-02-03 07:11:25+00:00
https://www.youtube.com/watch?v=qZVQba6t6_I,Air Gordon,Fleet,Bionicle,Maypul,The Fusion Arcadian 12,Grand Final,2026-02-03 07:11:47+00:00
https://www.youtube.com/watch?v=wZbq53YJStY,Yoda Cage,Absa,FPZ,Maypul,Frosty Faustings XVIII,Top 16 Winners,2026-02-04 00:49:27+00:00
https://www.youtube.com/watch?v=wxrNC4CcUfI,Kits,Absa,Ravenking,Wrastor,Frosty Faustings XVIII,Top 16 Winners,2026-02-04 00:49:27+00:00
https://www.youtube.com/watch?v=JAmEmifkvV8,HeroAwesome,Forsburn,CheesyPotato,Kragg,Frosty Faustings XVIII,Top 16 Winners,2026-02-04 00:49:27+00:00
https://www.youtube.com/watch?v=xN_X0BMc5us,Landon,Clairen,Frosty,Galvan,Frosty Faustings XVIII,Top 16 Winners,2026-02-04 00:49:27+00:00
https://www.youtube.com/watch?v=laOaoXSLyec,Yoda Cage,Absa,Godly,Ranno,Frosty Faustings XVIII,Top 12 Losers,2026-02-04 00:49:27+00:00
https://www.youtube.com/watch?v=iVkJmL7y-Tw,Kits,Absa,Franzwa,Galvan,Frosty Faustings XVIII,Top 12 Losers,2026-02-04 00:49:27+00:00
https://www.youtube.com/watch?v=CcGkQSeG910,Frosty,Galvan,KilogramHours,Loxodont,Frosty Faustings XVIII,Top 12 Losers,2026-02-04 00:49:27+00:00
https://www.youtube.com/watch?v=Geonzre3uNM,KilogramHours,Loxodont,Frosty,Kragg,Frosty Faustings XVIII,Top 12 Losers,2026-02-04 00:49:27+00:00
https://www.youtube.com/watch?v=MXFQKFeQzdk,HeroAwesome,Forsburn,dosboxfalco,Zetterburn,Frosty Faustings XVIII,Top 12 Losers,2026-02-04 00:49:27+00:00
https://www.youtube.com/watch?v=RbR9yAFurg4,CheesyPotato,Kragg,Landon,Clairen,Frosty Faustings XVIII,Winners Semis,2026-02-04 00:49:27+00:00
https://www.youtube.com/watch?v=ndeJWaNUtBU,Franzwa,Galvan,Godly,Ranno,Frosty Faustings XVIII,Losers Round 1,2026-02-04 00:49:27+00:00
https://www.youtube.com/watch?v=569s65jURgs,KilogramHours,Loxodont,dosboxfalco,Zetterburn,Frosty Faustings XVIII,Losers Round 1,2026-02-04 00:52:43+00:00
https://www.youtube.com/watch?v=AhVE3V4O5A0,CheesyPotato,Kragg,Godly,Ranno,Frosty Faustings XVIII,Losers Quarters,2026-02-04 00:52:43+00:00
https://www.youtube.com/watch?v=yI3Z4ACSsmc,Ravenking,Wrastor,dosboxfalco,Zetterburn,Frosty Faustings XVIII,Losers Quarters,2026-02-04 00:52:43+00:00
https://www.youtube.com/watch?v=vqgHuo1r1yo,FPZ,Maypul,Landon,Clairen,Frosty Faustings XVIII,Winners Final,2026-02-04 00:52:43+00:00
https://www.youtube.com/watch?v=B6WiNduiVTg,dosboxfalco,Zetterburn,Godly,Ranno,Frosty Faustings XVIII,Losers Semis,2026-02-04 00:52:43+00:00
https://www.youtube.com/watch?v=Xp-q14HyEgk,Landon,Clairen,Godly,Ranno,Frosty Faustings XVIII,Losers Final,2026-02-04 00:52:43+00:00
https://www.youtube.com/watch?v=MQatxBNWbuM,FPZ,Maypul,Godly,Ranno,Frosty Faustings XVIII,Grand Final,2026-02-04 00:52:43+00:00
https://www.youtube.com/watch?v=49O8IMO8aKc,The Football,Galvan,Phug,Kragg,Run The Rivals #43,Round Robin,2026-02-04 01:37:48+00:00
https://www.youtube.com/watch?v=1LD-QKoBqWk,The Football,Loxodont,sans.,Loxodont,Run The Rivals #43,Round Robin,2026-02-04 01:37:48+00:00
https://www.youtube.com/watch?v=FIYAaMJWm0c,The Football,Etalus,vanbungle,Maypul,Run The Rivals #43,Round Robin,2026-02-04 01:37:48+00:00
https://www.youtube.com/watch?v=4R5kLl6yLGg,Grunk,Zetterburn,Watherum,Ranno,Immortal Fight Night #261,Wnrs Rd 1,2026-02-04 04:36:34+00:00
https://www.youtube.com/watch?v=FCyeweNNP2Q,Average Alex,Galvan,ybm,Wrastor,Immortal Fight Night #261,Wnrs Semi,2026-02-04 04:38:16+00:00
https://www.youtube.com/watch?v=cSE8n0BigGY,BGunn,Olympia,Watherum,Ranno,Immortal Fight Night #261,Wnrs Sem,2026-02-04 04:38:33+00:00
https://www.youtube.com/watch?v=5d4dApxQphw,BGunn,Olympia,ybm,Wrastor,Immortal Fight Night #261,Wnrs Final,2026-02-04 04:39:01+00:00
https://www.youtube.com/watch?v=EWNDRh9uB00,Watherum,Ranno,Average Alex,Galvan,Immortal Fight Night #261,Lsrs Semi,2026-02-04 04:39:29+00:00
https://www.youtube.com/watch?v=q8CAHp7vEcs,Average Alex,Galvan,BGunn,Olympia,Immortal Fight Night #261,Lsrs Final,2026-02-04 04:39:51+00:00
https://www.youtube.com/watch?v=E746KDGFKMs,Average Alex,Galvan,ybm,Wrastor,Immortal Fight Night #261,Grand Finals,2026-02-04 04:40:14+00:00
https://www.youtube.com/watch?v=jRWZ9tZ957k,Drewsephix,Orcane,Magma,Wrastor,Straight Into The Abyss #35,Wnrs Rd 2,2026-02-05 04:17:56+00:00
https://www.youtube.com/watch?v=muyFvJY57kc,Nothigh,Loxodont,Drewsephix,Orcane,Straight Into The Abyss #35,Wnrs Qrts,2026-02-05 04:18:47+00:00
https://www.youtube.com/watch?v=aIozJzAlf-g,Viviana,Loxodont,Reaper,Etalus,Straight Into The Abyss #35,Wnrs Qrts,2026-02-05 04:19:10+00:00
https://www.youtube.com/watch?v=UH5OK9IFMJQ,Nothigh,Loxodont,Shard,Fleet,Straight Into The Abyss #35,Wnrs Semi,2026-02-05 04:19:35+00:00
https://www.youtube.com/watch?v=9RpCWymwrBw,Turnap,Ranno,Viviana,Loxodont,Straight Into The Abyss #35,Wnrs Semi,2026-02-05 04:20:19+00:00
https://www.youtube.com/watch?v=qzcC55vkkGY,Shard,Fleet,Viviana,Loxodont,Straight Into The Abyss #35,Wnrs Final,2026-02-05 04:20:40+00:00
https://www.youtube.com/watch?v=2HV3LVzrfZM,Turnap,Ranno,MX Golli,Zetterburn,Straight Into The Abyss #35,Lsrs Qrts,2026-02-05 04:20:57+00:00
https://www.youtube.com/watch?v=vXZCGuyxpbY,BGunn,Olympia,Turnap,Ranno,Straight Into The Abyss #35,Lsrs Semi,2026-02-05 04:21:24+00:00
https://www.youtube.com/watch?v=R6B3y_jM2n4,Viviana,Loxodont,Shard,Fleet,Straight Into The Abyss #35,Grand Finals,2026-02-05 04:22:16+00:00
https://www.youtube.com/watch?v=7zfSEtp_Yv0,FN@TU,Kragg,JoJoDaHoBo,Zetterburn,Split Neutral #41,Winners Quarterfinals,2026-02-06 23:47:08+00:00
https://www.youtube.com/watch?v=4g2LHOqvcus,FN@TU,Kragg,SteveReen,Orcane,Split Neutral #41,Losers Quarterfinals,2026-02-06 23:47:46+00:00
https://www.youtube.com/watch?v=IqEh_7Lgicc,JoJoDaHoBo,Zetterburn,FN@TU,Kragg,Split Neutral #41,Losers Semifinals,2026-02-06 23:49:59+00:00
https://www.youtube.com/watch?v=sl1xx0BPQg4,JoJoDaHoBo,Zetterburn,Riveriver,La Reina,Split Neutral #41,Losers Finals,2026-02-06 23:52:29+00:00
https://www.youtube.com/watch?v=rlFGej7NZns,JoJoDaHoBo,Zetterburn,Tak,Olympia,Split Neutral #41,Grand Finals,2026-02-06 23:58:01+00:00
https://www.youtube.com/watch?v=iRnzJAbShg4,Riveriver,Absa,JoJoDaHoBo,Zetterburn,Split Neutral #41,Winners Semifinals,2026-02-07 00:01:52+00:00
https://www.youtube.com/watch?v=_CM1YRgqJCA,SteveReen,Orcane,Tak,Olympia,Split Neutral #41,Winners Semifinals,2026-02-07 00:03:23+00:00
https://www.youtube.com/watch?v=l7OlaiRkfr0,Tak,Olympia,Riveriver,Absa,Split Neutral #41,Winners Finals,2026-02-07 00:05:35+00:00
https://www.youtube.com/watch?v=QDJafINzzKM,Toddly Enough,Galvan,JoJoDaHoBo,Zetterburn,Split Neutral #41,Losers Quarterfinals,2026-02-07 00:08:01+00:00
https://www.youtube.com/watch?v=gomgoq3FHc0,12AM,Zetterburn,Toddly Enough,Galvan,Split Neutral #41,Losers Round 2,2026-02-07 00:13:09+00:00
https://www.youtube.com/watch?v=Pdh8ocRfTh4,FN@TU,Kragg,Frigomaniac,Ranno,Split Neutral #41,Losers Round 2,2026-02-07 00:17:28+00:00
https://www.youtube.com/watch?v=Hn6UqFyez-A,Riveriver,Galvan,frigomaniac,Ranno,Split Neutral #41,Winners Quarterfinals,2026-02-07 00:19:59+00:00
https://www.youtube.com/watch?v=MEBNpl-f84Y,Toddly Enough,Galvan,Tortuga,Olympia,Split Neutral #41,Winners Round 1,2026-02-07 00:28:01+00:00
https://www.youtube.com/watch?v=WyucS6mcdMs,Shoobi,Kragg,Swamish,La Reina,Floorhug #9,Round 1,2026-02-07 10:59:38+00:00
https://www.youtube.com/watch?v=TOKBRpyAXow,ianology,Galvan,Swamish,La Reina,Floorhug #9,Winners Quarterfinals,2026-02-07 11:01:10+00:00
https://www.youtube.com/watch?v=ShqI4xOijac,saturniid,Orcane,ianology,Galvan,Floorhug #9,Winners Semifinals,2026-02-07 11:01:31+00:00
https://www.youtube.com/watch?v=nj6tdpwx8N4,Clem!!,Absa,AzazelSkye,Ranno,Floorhug #9,Winners Semifinals,2026-02-07 11:01:53+00:00
https://www.youtube.com/watch?v=0dgsb0elw2Q,ianology,Galvan,Clem!!,Absa,Floorhug #9,Winners Finals,2026-02-07 11:02:16+00:00
https://www.youtube.com/watch?v=GF5ae86QqYY,Swamish,La Reina,Jeff Boyardee,Clairen,Floorhug #9,Losers Semifinals,2026-02-07 11:02:39+00:00
https://www.youtube.com/watch?v=Ft0qbt4lrIU,Clem!!,Absa,Swamish,La Reina,Floorhug #9,Losers Finals,2026-02-07 11:03:02+00:00
https://www.youtube.com/watch?v=XrSmu7qwp3s,Clem!!,Absa,ianology,La Reina,Floorhug #9,Grand Finals,2026-02-07 11:03:23+00:00
https://www.youtube.com/watch?v=JWa1lZhc_lw,Failbot,Kragg,Phug,Kragg,Run The Rivals #44,Winners Semis,2026-02-11 02:38:48+00:00
https://www.youtube.com/watch?v=nouFu_Ya54Q,Phug,Kragg,The Football,Kragg,Run The Rivals #44,Losers Semis,2026-02-11 02:38:48+00:00
https://www.youtube.com/watch?v=JHLnm3oCyRc,Phug,Kragg,Wisely,Maypul,Run The Rivals #44,Losers Quarters,2026-02-11 02:38:48+00:00
https://www.youtube.com/watch?v=GE8CM77rkio,Failbot,Clairen,Phug,Kragg,Run The Rivals #44,Grand Finals,2026-02-11 02:38:48+00:00
https://www.youtube.com/watch?v=AwltaLUPpZ4,Hunter,Olympia,Failbot,Kragg,Run The Rivals #44,Winners Finals,2026-02-11 02:38:48+00:00
https://www.youtube.com/watch?v=vjX6bauT-JU,Phug,Kragg,Hunter,Olympia,Run The Rivals #44,Losers Finals,2026-02-11 02:38:48+00:00
https://www.youtube.com/watch?v=tw4xydTchhY,The Football,Galvan,Wisely,Maypul,Run The Rivals #44,Winners Round 1,2026-02-11 02:38:48+00:00
https://www.youtube.com/watch?v=aickNrVtUVE,Grunk,Zetterburn,Bowler,Clairen,Immortal Fight Night #262,Wnrs Rd 2,2026-02-12 11:32:50+00:00
https://www.youtube.com/watch?v=WT45jAYB-Xo,Watherum,Ranno,Reaper,Etalus,Immortal Fight Night #262,Wnrs Rd 2,2026-02-12 11:33:22+00:00
https://www.youtube.com/watch?v=xTFNPtWd3xQ,Bowler,Clairen,ybm,Wrastor,Immortal Fight Night #262,Wnrs Semi,2026-02-12 11:33:44+00:00
https://www.youtube.com/watch?v=0NXV8NwSMEE,Watherum,Ranno,Average Alex,Galvan,Immortal Fight Night #262,Wnrs Semi,2026-02-12 11:34:04+00:00
https://www.youtube.com/watch?v=9mp6LmkmRBg,Average Alex,Galvan,Bowler,Clairen,Immortal Fight Night #262,Wnrs Final,2026-02-12 11:34:21+00:00
https://www.youtube.com/watch?v=J9X5lKqJ9Qc,Reaper,Etalus,Grunk,Zetterburn,Immortal Fight Night #262,Lsrs Semi,2026-02-12 11:34:49+00:00
https://www.youtube.com/watch?v=UEUI8jZg3JE,Average Alex,Galvan,Reaper,Etalus,Immortal Fight Night #262,Lsrs Final,2026-02-12 11:35:08+00:00
https://www.youtube.com/watch?v=jzOcgidlnI8,Average Alex,Galvan,Bowler,Clairen,Immortal Fight Night #262,Grand Finals,2026-02-12 11:35:25+00:00
https://www.youtube.com/watch?v=FT-XhyX3lmE,Turnap,Ranno,Tacobros,Clairen,Straight Into The Abyss #36,Wnrs Rd 2,2026-02-12 11:39:51+00:00
https://www.youtube.com/watch?v=lTKxyA8F2dk,Rusy,Galvan,Lucent,Orcane,Straight Into The Abyss #36,Wnrs Rd 2,2026-02-12 11:40:27+00:00
https://www.youtube.com/watch?v=8twdU7P01X8,Turnap,Ranno,Rusy,Galvan,Straight Into The Abyss #36,Wnrs Qrts,2026-02-12 11:41:26+00:00
https://www.youtube.com/watch?v=AJKg7Cy04wo,Rusy,Galvan,Shard,Fleet,Straight Into The Abyss #36,Wnrs Semi,2026-02-12 11:42:10+00:00
https://www.youtube.com/watch?v=5aDsEJNV-Fc,NatySolo,Orcane,Viviana,Loxodont,Straight Into The Abyss #36,Wnrs Semi,2026-02-12 11:42:38+00:00
https://www.youtube.com/watch?v=xQnfejvZvag,Rusy,Zetterburn,NatySolo,Orcane,Straight Into The Abyss #36,Wnrs Final,2026-02-12 11:43:03+00:00
https://www.youtube.com/watch?v=3RgQGjvQPpQ,Viviana,Loxodont,Shard,Fleet,Straight Into The Abyss #36,Lsrs Semi,2026-02-12 11:43:28+00:00
https://www.youtube.com/watch?v=djlu0M0ngRo,NatySolo,Orcane,Viviana,Galvan,Straight Into The Abyss #36,Lsrs Final,2026-02-12 11:44:11+00:00
https://www.youtube.com/watch?v=sdi5R5Lim6o,Viviana,Loxodont,Rusy,Zetterburn,Straight Into The Abyss #36,Grand Finals,2026-02-12 11:45:05+00:00
https://www.youtube.com/watch?v=gxrbweWJZaI,Bbatts,Fleet,CheesyPotato,Kragg,Fusion #284,Grand Final,2026-02-12 22:01:04+00:00
https://www.youtube.com/watch?v=yvYdybCb__4,HamPolo,Zetterburn,CheesyPotato,Kragg,Fusion #284,Losers Final,2026-02-12 22:01:04+00:00
https://www.youtube.com/watch?v=53tQ23N8CtE,Bbatts,Fleet,aubreyclo,Maypul,Fusion #284,Winners Semi-Final,2026-02-12 22:01:04+00:00
https://www.youtube.com/watch?v=EUV16V2SZ6s,aubreyclo,Maypul,CheesyPotato,Kragg,Fusion #284,Losers Quarter-Final,2026-02-12 22:01:04+00:00
https://www.youtube.com/watch?v=j_ER_LoY3Dc,Bbatts,Fleet,HamPolo,Zetterburn,Fusion #284,Winners Final,2026-02-12 22:01:04+00:00
https://www.youtube.com/watch?v=lVMuSGiBewc,edith,Clairen,HamPolo,Galvan,Fusion #284,Winners Semi-Final,2026-02-12 22:01:04+00:00
https://www.youtube.com/watch?v=rGwV9vji2o4,Beastly,Olympia,kapl,Clairen,Genesis X3,Top 96 - WQF,2026-02-13 00:00:00+00:00
https://www.youtube.com/watch?v=-IbVtahyLiI,Ant,Absa,Ashashi,Olympia,Genesis X3,Top 96 - WQF,2026-02-13 00:00:00+00:00
https://www.youtube.com/watch?v=kgpX5YWbYHE,Ant,Absa,ZeusDahGoose,Kragg,Genesis X3,Top 32 - WR1,2026-02-13 00:00:00+00:00
https://www.youtube.com/watch?v=u2F2AA0hAeQ,Asashi,Olympia,SaintPat,Kragg,Genesis X3,Top 32 - LR2,2026-02-13 00:00:00+00:00
https://www.youtube.com/watch?v=kVY0TVv4maA,Jackie Peanuts,Kragg,Wisp,Maypul,Genesis X3,Top 96 - LR1,2026-02-13 00:00:00+00:00
https://www.youtube.com/watch?v=rATk4RWZO2k,I0N,Kragg,Landon,Clairen,Genesis X3,Top 32 - WR1,2026-02-13 00:00:00+00:00
https://www.youtube.com/watch?v=rgnk4IwyERA,Kobra,Wrastor,meo2k,Ranno,Genesis X3,Top 96 - LR1,2026-02-13 00:00:00+00:00
https://www.youtube.com/watch?v=rlDwKCCWC3U,elkiies,La Reina,T-Rex,Loxodont,Genesis X3,Top 32 - LR1,2026-02-13 00:00:00+00:00
https://www.youtube.com/watch?v=sjhPmyuYiBo,RNGReallyNotGood,Clairen,Bright,La Reina,Genesis X3,Top 96 - LR1,2026-02-13 00:00:00+00:00
https://www.youtube.com/watch?v=t-E8_AkehRQ,CheesyPotato,Kragg,ZeusDahGoose,Kragg,Genesis X3,Top 32 - LR3,2026-02-13 00:00:00+00:00
https://www.youtube.com/watch?v=u86PRdIXc48,Darai,Ranno,Asashi,Olympia,Genesis X3,Top 32 - LR1,2026-02-13 00:00:00+00:00
https://www.youtube.com/watch?v=vdnNaP4F4Ss,Dr. Grin,Wrastor,JuanSolo,Loxodont,Genesis X3,Top 96 - LR1,2026-02-13 00:00:00+00:00
https://www.youtube.com/watch?v=y5AZT6OzX9s,Rongunshu,Clairen,Glum,Clairen,Genesis X3,Top 96 - WQF,2026-02-13 00:00:00+00:00
https://www.youtube.com/watch?v=yYz_O5heWkE,Silver,Ranno,Xena,Fleet,Genesis X3,Top 96 - LR1,2026-02-13 00:00:00+00:00
https://www.youtube.com/watch?v=_m5ywEEqg5M,T-Rex,Loxodont,Evil Nardwuar,Loxodont,Genesis X3,Top 96 - LR3,2026-02-13 00:00:00+00:00
https://www.youtube.com/watch?v=bE4tWKfO2tk,Lucio,Zetterburn,Kimchi,Zetterburn,Genesis X3,Top 96 - LR1,2026-02-13 00:00:00+00:00
https://www.youtube.com/watch?v=fV1ZYHvddM8,pkay,Kragg,Always,Ranno,Genesis X3,Top 96 - LR2,2026-02-13 00:00:00+00:00
https://www.youtube.com/watch?v=auAgl_Yt2Ys,Salt,Zetterburn,ZeusDahGoose,Kragg,Genesis X3,Top 32 - LR2,2026-02-13 00:00:00+00:00
https://www.youtube.com/watch?v=bBe-AZ-vYkg,CheesyPotato,Kragg,Ferrari77,Clairen,Genesis X3,Top 96 - LR2,2026-02-13 00:00:00+00:00
https://www.youtube.com/watch?v=bcL1TZGteVs,Seelder,Galvan,Jackie Peanuts,Kragg,Genesis X3,Top 96 - LR2,2026-02-13 00:00:00+00:00
https://www.youtube.com/watch?v=cfP5CYFQYEA,Sophilo,Zetterburn,Asashi,Olympia,Genesis X3,Top 32 - LR3,2026-02-13 00:00:00+00:00
https://www.youtube.com/watch?v=cnugIhBZCVo,Tarul,Kragg,Dr.,Zetterburn,Genesis X3,Top 96 - LR1,2026-02-13 00:00:00+00:00
https://www.youtube.com/watch?v=e-LQJtW2UR4,pkay,Kragg,Darai,Ranno,Genesis X3,Top 96 - LR3,2026-02-13 00:00:00+00:00
https://www.youtube.com/watch?v=f5w9YNa7C3E,CheesyPotato,Kragg,Phantom,Galvan,Genesis X3,Top 96 - LR3,2026-02-13 00:00:00+00:00
https://www.youtube.com/watch?v=OY_9yE4knJQ,Seelder,Galvan,Lark,Forsburn,Genesis X3,Top 96 - LR1,2026-02-13 00:00:00+00:00
https://www.youtube.com/watch?v=OgM5fCGXnpA,Nibodax,Loxodont,Andyroid,Zetterburn,Genesis X3,Top 96 - LR1,2026-02-13 00:00:00+00:00
https://www.youtube.com/watch?v=T9uxMmMEjKk,Seelder,Galvan,toothbrush,Ranno,Genesis X3,Top 96 - LR3,2026-02-13 00:00:00+00:00
https://www.youtube.com/watch?v=Ty1BFrfULi0,Glum,Clairen,Chumpkin,Etalus,Genesis X3,Top 96 - LR3,2026-02-13 00:00:00+00:00
https://www.youtube.com/watch?v=UijVI6w3PcA,Chef Q,Galvan,Jett The Jenga God,Kragg,Genesis X3,Top 96 - LR1,2026-02-13 00:00:00+00:00
https://www.youtube.com/watch?v=UvYHE1UzYjw,Stango,Olympia,Sawstep,Fleet,Genesis X3,Top 96 - WQF,2026-02-13 00:00:00+00:00
https://www.youtube.com/watch?v=VwIILPqQPi8,Sandstorm,Olympia,Sly,Clairen,Genesis X3,Top 32 - LR3,2026-02-13 00:00:00+00:00
https://www.youtube.com/watch?v=WJSf2wzujxs,Potatoes,Loxodont,SubTails,Zetterburn,Genesis X3,Top 96 - LR1,2026-02-13 00:00:00+00:00
https://www.youtube.com/watch?v=YLgvrNAZIDo,Lucio,Zetterburn,Flux Magnetique,Zetterburn,Genesis X3,Top 96 - LR2,2026-02-13 00:00:00+00:00
https://www.youtube.com/watch?v=YcCvRVxqPBI,Shoe,Absa,Ferrari77,Clairen,Genesis X3,Top 96 - LR1,2026-02-13 00:00:00+00:00
https://www.youtube.com/watch?v=LnqR4xBVg7A,Landon,Clairen,CheesyPotato,Kragg,Genesis X3,Top 32 - LR2,2026-02-13 00:00:00+00:00
https://www.youtube.com/watch?v=BzqGoxdnUqQ,Pikmon,Etalus,Sawstep,Fleet,Genesis X3,Top 32 - LR1,2026-02-13 00:00:00+00:00
https://www.youtube.com/watch?v=CYhOq0h3Hgw,Chumpkin,Etalus,jugeeya,Fleet,Genesis X3,Top 96 - LR2,2026-02-13 00:00:00+00:00
https://www.youtube.com/watch?v=GAKwXmsQCzk,kapl,Clairen,Lucio,Zetterburn,Genesis X3,Top 96 - LR3,2026-02-13 00:00:00+00:00
https://www.youtube.com/watch?v=HSFsxUfQmAU,Samasicus,Wrastor,Pototoes,Loxodont,Genesis X3,Top 96 - LR2,2026-02-13 00:00:00+00:00
https://www.youtube.com/watch?v=H_FtAR4i1Cw,Kyb,Fleet,Cora,Ranno,Genesis X3,Top 32 - LR1,2026-02-13 00:00:00+00:00
https://www.youtube.com/watch?v=HegBYBc8qdY,Chumpkin,Etalus,Bird,Ranno,Genesis X3,Top 32 - LR1,2026-02-13 00:00:00+00:00
https://www.youtube.com/watch?v=IlU_3r68OSo,zaqk,Clairen,Flux Magnetique,Zetterburn,Genesis X3,Top 96 - LR1,2026-02-13 00:00:00+00:00
https://www.youtube.com/watch?v=K_lj1kbilpA,Dr.,Zetterburn,Ryuki,Maypul,Genesis X3,Top 96 - LR2,2026-02-13 00:00:00+00:00
https://www.youtube.com/watch?v=Nrje-wReI9I,Maya,Orcane,toothbrush,Ranno,Genesis X3,Top 32 - LR1,2026-02-13 00:00:00+00:00
https://www.youtube.com/watch?v=-mDYkBjTu00,pkay,Kragg,XuperBryan,Orcane,Genesis X3,Top 96 - LR1,2026-02-13 00:00:00+00:00
https://www.youtube.com/watch?v=4clWcXhnkwo,CakeAssault,Forsburn,SaintPat,Kragg,Genesis X3,Top 32 - WR1,2026-02-13 00:00:00+00:00
https://www.youtube.com/watch?v=4tn4B9HIjqg,T-Rex,Loxodont,ERA,Clairen,Genesis X3,Top 96 - LR2,2026-02-13 00:00:00+00:00
https://www.youtube.com/watch?v=4vxC4GUEXhU,elkiies,La Reina,Pototoes,Loxodont,Genesis X3,Top 96 - LR3,2026-02-13 00:00:00+00:00
https://www.youtube.com/watch?v=5vQ2xbpNeU8,Chumpkin,Etalus,ceramic,Galvan,Genesis X3,Top 96 - LR1,2026-02-13 00:00:00+00:00
https://www.youtube.com/watch?v=7mg2OHUYbyk,Dr.,Zetterburn,Bird,Ranno,Genesis X3,Top 96 - LR3,2026-02-13 00:00:00+00:00
https://www.youtube.com/watch?v=7tuwzNl6fMo,W!Z!M,Forsburn,Ryuki,Maypul,Genesis X3,Top 96 - LR1,2026-02-13 00:00:00+00:00
https://www.youtube.com/watch?v=9-bSb0C_3EU,Bird,Ranno,sly,Clairen,Genesis X3,Top 96 - WQF,2026-02-13 00:00:00+00:00
https://www.youtube.com/watch?v=9fDxzLSBfW0,CheesyPotato,Kragg,Dia,Ranno,Genesis X3,Top 32 - LR1,2026-02-13 00:00:00+00:00
https://www.youtube.com/watch?v=BUFWuLXthc0,CheesyPotato,Kragg,Ahntye,Fleet,Genesis X3,Top 96 - LR1,2026-02-13 00:00:00+00:00
https://www.youtube.com/watch?v=OQXZg_3RFD8,Andyroid,Zetterburn,ChefQ,Galvan,Genesis X3,Top 96 - LR2,2026-02-13 00:00:00+00:00
https://www.youtube.com/watch?v=LkcdiHVCIXc,Sawstep,Fleet,sly,Clairen,Genesis X3,Top 32 - LR2,2026-02-13 00:00:00+00:00
https://www.youtube.com/watch?v=LaUGcTUsNWA,Sandstorm,Olympia,ZeeBee,Kragg,Genesis X3,Top 32 - WR1,2026-02-13 00:00:00+00:00
https://www.youtube.com/watch?v=x9sJ35huAw4,Garfield,Kragg,Maya,Orcane,Genesis X3,Top 96 - LR3,2026-02-13 00:00:00+00:00
https://www.youtube.com/watch?v=x033X4i3Tqc,Nurse,Ranno,Sunlust,Loxodont,Genesis X3,Top 96 - LR1,2026-02-13 00:00:00+00:00
https://www.youtube.com/watch?v=wMqMK3TOjI0,Baninawi,Kragg,Cora,Ranno,Genesis X3,Top 96 - LR1,2026-02-13 00:00:00+00:00
https://www.youtube.com/watch?v=vcbEDmOFffk,Benne,Ranno,M,Ranno,Genesis X3,Top 96 - LR1,2026-02-13 00:00:00+00:00
https://www.youtube.com/watch?v=vBj7S81cX3U,jugeeya,Fleet,Nevereatcars,Maypul,Genesis X3,Top 96 - LR1,2026-02-13 00:00:00+00:00
https://www.youtube.com/watch?v=s8CAS1DommY,Evil Narduar,Loxodont,I0N,Kragg,Genesis X3,Top 96 - WQF,2026-02-13 00:00:00+00:00
https://www.youtube.com/watch?v=orBMr41lYoA,Nothigh,Loxodont,Silver,Ranno,Genesis X3,Top 96 - LR2,2026-02-13 00:00:00+00:00
https://www.youtube.com/watch?v=o-7w0pLc5JM,ReCupid,Zetterburn,Kobra,Wrastor,Genesis X3,Top 96 - LR2,2026-02-13 00:00:00+00:00
https://www.youtube.com/watch?v=mVFQ3_8C2sA,Beastly,Olympia,sly,Clairen,Genesis X3,Top 32 - WR1,2026-02-13 00:00:00+00:00
https://www.youtube.com/watch?v=lVL2ZKyLyj4,Bird,Ranno,Sophilo,Zetterburn,Genesis X3,Top 32 - LR2,2026-02-13 00:00:00+00:00
https://www.youtube.com/watch?v=kcbzc3fDXLg,GOATcheese,Kragg,Dox,Galvan,Genesis X3,Top 96 - LR1,2026-02-13 00:00:00+00:00
https://www.youtube.com/watch?v=imlqkUa9XYo,ReCupid,Zetterburn,Dia,Ranno,Genesis X3,Top 96 - LR3,2026-02-13 00:00:00+00:00
https://www.youtube.com/watch?v=gte1TJtW60g,Always,Ranno,Menderbug,Clairen,Genesis X3,Top 96 - LR1,2026-02-13 00:00:00+00:00
https://www.youtube.com/watch?v=gFPJxaVCTwA,Sawstep,Fleet,ChefQ,Galvan,Genesis X3,Top 96 - LR3,2026-02-13 00:00:00+00:00
https://www.youtube.com/watch?v=fRN6mGWQyYY,Dia,Ranno,Sophilo,Zetterburn,Genesis X3,Top 96 - WQF,2026-02-13 00:00:00+00:00
https://www.youtube.com/watch?v=cMNUGfCcd-0,K,Clairen,threeleggeddog,Kragg,Genesis X3,Top 96 - LR1,2026-02-13 00:00:00+00:00
https://www.youtube.com/watch?v=aGcE06XD71g,Garfield,Kragg,Dr. Grin,Wrastor,Genesis X3,Top 96 - LR2,2026-02-13 00:00:00+00:00
https://www.youtube.com/watch?v=_DqEzp6lgQQ,d4nace,Maypul,Kopter,Absa,Genesis X3,Top 96 - LR1,2026-02-13 00:00:00+00:00
https://www.youtube.com/watch?v=ZweAbK6WWv4,kapl,Clairen,Salt,Zetterburn,Genesis X3,Top 32 - LR1,2026-02-13 00:00:00+00:00
https://www.youtube.com/watch?v=RTo6Ym6S4ZM,Benne,Ranno,Arkouda,Forsburn,Genesis X3,Top 96 - LR2,2026-02-13 00:00:00+00:00
https://www.youtube.com/watch?v=Qdh_KIh0JWk,Kyb,Fleet,FullStream,Etalus,Genesis X3,Top 32 - LR3,2026-02-13 00:00:00+00:00
https://www.youtube.com/watch?v=JBCMRitzPkM,Bbatts,Fleet,Maya,Orcane,Genesis X3,Top 96 - WQF,2026-02-13 00:00:00+00:00
https://www.youtube.com/watch?v=I4ipO1GSb2k,kyb,Fleet,threeleggeddog,Kragg,Genesis X3,Top 96 - LR3,2026-02-13 00:00:00+00:00
https://www.youtube.com/watch?v=GtqUu4rVoZQ,RNGReallyNotGood,Clairen,Salt,Zetterburn,Genesis X3,Top 96 - LR3,2026-02-13 00:00:00+00:00
https://www.youtube.com/watch?v=GWaLeUV2cBg,CakeAssault,Forsburn,Marss,Ranno,Genesis X3,Top 96 - WQF,2026-02-13 00:00:00+00:00
https://www.youtube.com/watch?v=EpmjlnN_9go,Vuetzel,Wrastor,Arkouda,Forsburn,Genesis X3,Top 96 - LR1,2026-02-13 00:00:00+00:00
https://www.youtube.com/watch?v=B3S8Za67Hs8,toothbrush,Ranno,FullStream,Etalus,Genesis X3,Top 32 - LR2,2026-02-13 00:00:00+00:00
https://www.youtube.com/watch?v=9m5gme7UDJ8,Kyb,Fleet,Stango,Olympia,Genesis X3,Top 32 - LR2,2026-02-13 00:00:00+00:00
https://www.youtube.com/watch?v=5pMI4MjHGFo,Kopter,Etalus,RNGReallyNotGood,Clairen,Genesis X3,Top 96 - LR2,2026-02-13 00:00:00+00:00
https://www.youtube.com/watch?v=2UiaJ39tDZg,FullStream,Etalus,Salt,Zetterburn,Genesis X3,Top 96 - WQF,2026-02-13 00:00:00+00:00
https://www.youtube.com/watch?v=03_M-fj4IgA,Nothigh,Loxodont,Emerald_87,Zetterburn,Genesis X3,Top 96 - LR1,2026-02-13 00:00:00+00:00
https://www.youtube.com/watch?v=-_-ueG66vsM,Sandstorm,Olympia,elkiies,La Reina,Genesis X3,Top 32 - LR2,2026-02-13 00:00:00+00:00
https://www.youtube.com/watch?v=-K3XpEjsVtw,T-Rex,Loxodont,Reesch,Galvan,Genesis X3,Top 96 - LR1,2026-02-13 00:00:00+00:00
https://www.youtube.com/watch?v=nsJBUVEqMzE,Silver,Ranno,Asashi,Olympia,Genesis X3,Top 96 - LR2,2026-02-13 00:00:00+00:00
https://www.youtube.com/watch?v=nhxemd2W0vs,threeleggeddog,Kragg,GOATcheese,Kragg,Genesis X3,Top 96 - LR2,2026-02-13 00:00:00+00:00
https://www.youtube.com/watch?v=s5O_w3rmgxM,Sandstorm,Olympia,Mystery Sol,Galvan,Genesis X3,Losers Top 24,2026-02-13 00:00:00+00:00
https://www.youtube.com/watch?v=oZLoAgy9hJY,CakeAssault,Forsburn,ZeusDahGoose,Kragg,Genesis X3,Losers Top 24,2026-02-13 00:00:00+00:00
https://www.youtube.com/watch?v=rmLrMUECYWI,NF | Zeebee,Kragg,Kyb,Fleet,Genesis X3,Losers Top 24,2026-02-13 00:00:00+00:00
https://www.youtube.com/watch?v=qZpBiFe9cEw,PAR | I0N,Olympia,Sophilo,Zetterburn,Genesis X3,Losers Top 24,2026-02-13 00:00:00+00:00
https://www.youtube.com/watch?v=ja9OX3pzrtg,Mystery Sol,Galvan,GCU | Rongunshu,Clairen,Genesis X3,Winners Quarter Final,2026-02-13 00:00:00+00:00
https://www.youtube.com/watch?v=_XFUUZZ2Zog,CakeAssault,Forsburn,Bbatts,Fleet,Genesis X3,Winners Quarter Final,2026-02-13 00:00:00+00:00
https://www.youtube.com/watch?v=XC1NdZwCHE0,PAR | I0N,Kragg,Ant,Absa,Genesis X3,Winners Quarter Final,2026-02-13 00:00:00+00:00
https://www.youtube.com/watch?v=6ptoFV4pbQw,CF | Beastly,Zetterburn,NE | ZeeBee,Kragg,Genesis X3,Winners Quarter Final,2026-02-13 00:00:00+00:00
https://www.youtube.com/watch?v=peCN-IJ__LE,FullStream,Etalus,GCU | Rongunshu,Clairen,Genesis X3,Winners Top 32,2026-02-13 00:00:00+00:00
https://www.youtube.com/watch?v=hGriWYMzdMI,Sophilo,Zetterburn,Bbatts,Fleet,Genesis X3,Winners Top 32,2026-02-13 00:00:00+00:00
https://www.youtube.com/watch?v=qx-loCshHt8,Stango,Olympia,Mystery Sol,Fleet,Genesis X3,Winners Top 32,2026-02-13 00:00:00+00:00
https://www.youtube.com/watch?v=HVO4hJAc1DM,FizzyBraxNeNPG | Pigmon,Etalus,Arkouda,Clairen,Genesis X3,Pools,2026-02-13 00:00:00+00:00
https://www.youtube.com/watch?v=OzBj7u2IwfE,NF | Zeebee,Kragg,AQUA | Phantom,Galvan,Genesis X3,Pools,2026-02-13 00:00:00+00:00
https://www.youtube.com/watch?v=alp5U0OBYLc,Sandstorm,Olympia,TRANS RIGHTS | toothbrush,Ranno,Genesis X3,Pools,2026-02-13 00:00:00+00:00
https://www.youtube.com/watch?v=4ecAUQdmm4E,ZeusDahGoose,Kragg,FizzyBraxNeNPG | Pigmon,Etalus,Genesis X3,Pools,2026-02-13 00:00:00+00:00
https://www.youtube.com/watch?v=L_kokPoSk4U,BNTH | Landon,Clairen,Kyb,Fleet,Genesis X3,Pools,2026-02-13 00:00:00+00:00
https://www.youtube.com/watch?v=1hDl4PDt--w,Sophilo,Zetterburn,NF | Zeebee,Kragg,Genesis X3,Losers Top 8,2026-02-13 00:00:00+00:00
https://www.youtube.com/watch?v=S1toFlu6VT0,CakeAssault,Forsburn,Sandstorm,Olympia,Genesis X3,Losers Top 8,2026-02-13 00:00:00+00:00
https://www.youtube.com/watch?v=Wca4l5TRtgQ,Bbatts,Fleet,GCU | Rongunshu,Clairen,Genesis X3,Winners Semi Final,2026-02-13 00:00:00+00:00
https://www.youtube.com/watch?v=kn9ogZ1Umvc,Ant,Absa,CF | Beastly,Zetterburn,Genesis X3,Winners Semi Final,2026-02-13 00:00:00+00:00
https://www.youtube.com/watch?v=htK2gXCn42s,GCU | Rongunshu,Clairen,CF | Beastly,Zetterburn,Genesis X3,Winners Final,2026-02-13 00:00:00+00:00
https://www.youtube.com/watch?v=9Y4Rr7n_KYY,Bbatts,Fleet,Ant,Absa,Genesis X3,Losers Semi Final,2026-02-13 00:00:00+00:00
https://www.youtube.com/watch?v=EiXpRJHOfQg,GCU | Rongunshu,Clairen,Ant,Absa,Genesis X3,Losers Final,2026-02-13 00:00:00+00:00
https://www.youtube.com/watch?v=CwQAzrKkv7A,GCU | Rongunshu,Clairen,CF | Beastly,Zetterburn,Genesis X3,Grand Final,2026-02-13 00:00:00+00:00
https://www.youtube.com/watch?v=szJfzB6XRRM,CheesyPotato,La Reina,vooni,La Reina,Fusion #284,Losers Semi-Final,2026-02-13 22:00:55+00:00
https://www.youtube.com/watch?v=R558iWjvMUU,Bird,Ranno,Ferarri77,Clairen,Split Neutral #42,Winners Round 2,2026-02-14 00:41:46+00:00
https://www.youtube.com/watch?v=U4aPd5JpHpA,Mynttie,Fleet,Bird,Ranno,Split Neutral #42,Losers Round 2,2026-02-14 00:42:18+00:00
https://www.youtube.com/watch?v=iLYY6LzMRGo,Riveriver,Forsburn,Ferrari77,Clairen,Split Neutral #42,Losers Round 4,2026-02-14 00:42:32+00:00
https://www.youtube.com/watch?v=uoO2PaEXKLo,Frigomaniac,Ranno,FN@TU,Kragg,Split Neutral #42,Losers Round 2,2026-02-14 00:42:41+00:00
https://www.youtube.com/watch?v=Ah2PtYJhR-k,Re:Cupid,Zetterburn,Ferrari77,Clairen,Split Neutral #42,Winners Quarterfinals,2026-02-14 00:43:39+00:00
https://www.youtube.com/watch?v=Vxbd6e4Uuow,ceramic,Galvan,Cerulean,La Reina,Split Neutral #42,Winners Round 2,2026-02-14 19:33:28+00:00
https://www.youtube.com/watch?v=H54IhvQjK10,Corncycle,La Reina,ceramic,Galvan,Split Neutral #42,Winners Quarterfinals,2026-02-14 19:42:56+00:00
https://www.youtube.com/watch?v=-urh_fdrSqQ,Re:Cupid,Zetterburn,Corncycle,La Reina,Split Neutral #42,Losers Finals,2026-02-14 19:47:14+00:00
https://www.youtube.com/watch?v=OoxobLy47xw,JoJoDaHoBo,Zetterburn,shark eater,Clairen,Split Neutral #42,Winners Round 1,2026-02-14 21:30:15+00:00
https://www.youtube.com/watch?v=kqcGt_YFC8w,Re:Cupid,Zetterburn,Tak,Olympia,Split Neutral #42,Losers Quarterfinals,2026-02-14 21:39:59+00:00
https://www.youtube.com/watch?v=nMGtE40T9dk,maya,Orcane,Corncycle,La Reina,Split Neutral #42,Winners Semifinals,2026-02-14 21:47:43+00:00
https://www.youtube.com/watch?v=gCKAGXEUtrM,maya,Orcane,Re:Cupid,Zetterburn,Split Neutral #42,Losers Semifinals,2026-02-14 21:49:03+00:00
https://www.youtube.com/watch?v=Rh0yCwI4LDY,maya,Orcane,Tak,Olympia,Split Neutral #42,Winners Quarterfinals,2026-02-14 21:58:16+00:00
https://www.youtube.com/watch?v=h35m-FgJf4s,Riveriver,Forsburn,Lyra,Fleet,Split Neutral #42,Winners Round 1,2026-02-14 21:59:53+00:00
https://www.youtube.com/watch?v=_d7L-uGwiaA,Riveriver,Absa,maya,Orcane,Split Neutral #42,Losers Quarterfinals,2026-02-14 22:10:22+00:00
https://www.youtube.com/watch?v=HeeqQxB4sLM,Mystery Sol,Fleet,Corncycle,La Reina,Split Neutral #42,Grand Finals,2026-02-14 22:13:59+00:00
https://www.youtube.com/watch?v=7lScOuVv3L0,Mystery Sol,Galvan,Corncycle,La Reina,Split Neutral #42,Winners Finals,2026-02-14 22:17:46+00:00
https://www.youtube.com/watch?v=UI36rIdSyRs,Mystery Sol,Galvan,Re:Cupid,Zetterburn,Split Neutral #42,Winners Semifinals,2026-02-14 22:22:32+00:00
https://www.youtube.com/watch?v=RmnkfeYhuc4,Tak,Olympia,Duoscythe,Clairen,Split Neutral #42,Winners Round 1,2026-02-14 22:25:07+00:00
https://www.youtube.com/watch?v=LUbt3RPQyB8,vooni,Fleet,aubreyclo,Maypul,Fusion #284,Winners Quarter-Final,2026-02-17 22:00:14+00:00
https://www.youtube.com/watch?v=A5FrxGqq1YY,sans.,Wrastor,Phug,Wrastor,Run The Rivals #45,Winners R1,2026-02-18 03:30:57+00:00
https://www.youtube.com/watch?v=U_PKmeln9hI,Failbot,Kragg,Hunter,Olympia,Run The Rivals #45,Winners Semis,2026-02-18 03:30:57+00:00
https://www.youtube.com/watch?v=DPQwgld_7ns,Landon,Clairen,Phug,Kragg,Run The Rivals #45,Winners Semis,2026-02-18 03:30:57+00:00
https://www.youtube.com/watch?v=AGZvfRvdH0Q,Failbot,Clairen,sans.,Wrastor,Run The Rivals #45,Losers Quarters,2026-02-18 03:30:57+00:00
https://www.youtube.com/watch?v=febX49lhvPU,Hunter,Olympia,Phug,Kragg,Run The Rivals #45,Winners Finals,2026-02-18 03:30:57+00:00
https://www.youtube.com/watch?v=P1fFMP1I100,Landon,Clairen,Failbot,Clairen,Run The Rivals #45,Losers Semis,2026-02-18 03:30:57+00:00
https://www.youtube.com/watch?v=KS5cEYUOm2A,Landon,Clairen,Phug,Kragg,Run The Rivals #45,Losers Finals,2026-02-18 03:30:57+00:00
https://www.youtube.com/watch?v=aohQze6YSs8,L,Clairen,Hunter,Olympia,Run The Rivals #45,Grand Finals - Landon,2026-02-18 03:30:57+00:00
https://www.youtube.com/watch?v=z_ORi1OO_bc,Lunar,Ranno,FLuX Magnetique,Zetterburn,Fusion #284,Winners Round 1,2026-02-18 04:05:16+00:00
https://www.youtube.com/watch?v=FI4RaeWy35I,Suture,Ranno,Markrealth,Etalus,Straight Into The Abyss #37,Wnrs Rd 2,2026-02-19 04:27:55+00:00
https://www.youtube.com/watch?v=_ulTubG4cm4,Suture,Ranno,Markrealth,Etalus,Straight Into The Abyss #37,Wnrs Rd 2,2026-02-19 04:33:43+00:00
https://www.youtube.com/watch?v=Act_NHpPKp0,Suture,Ranno,Markrealth,Etalus,Straight Into The Abyss #37,Wnrs Rd 2,2026-02-19 04:36:45+00:00
https://www.youtube.com/watch?v=nHygzDtCQWo,Waddlespch,Zetterburn,mida,Clairen,Straight Into The Abyss #37,Wnrs Semi,2026-02-19 04:38:21+00:00
https://www.youtube.com/watch?v=738x_n5Uw9U,Viviana,Galvan,Dr. Grin,Wrastor,Straight Into The Abyss #37,Wnrs Semi,2026-02-19 04:38:47+00:00
https://www.youtube.com/watch?v=rvQMibGd7i8,Markrealth,Etalus,Dr. Grin,Wrastor,Straight Into The Abyss #37,Lsrs Qrt,2026-02-19 04:39:55+00:00
https://www.youtube.com/watch?v=py1AsPzjNe0,mida,Clairen,Dr. Grin,Wrastor,Straight Into The Abyss #37,Lsrs Semi,2026-02-19 04:40:25+00:00
https://www.youtube.com/watch?v=dMYofT-4CQw,Viviana,Loxodont,mida,Clairen,Straight Into The Abyss #37,Grand Finals,2026-02-19 04:41:10+00:00
https://www.youtube.com/watch?v=_sc5TQnWb9E,Viviana,La Reina,Turnap,Ranno,Straight Into The Abyss #37,Wathug Finals,2026-02-19 04:41:44+00:00
https://www.youtube.com/watch?v=YMAaEAxZeqw,EpicArcher,Fleet,Salt,Zetterburn,Floorhug #10,Round 1,2026-02-21 08:15:22+00:00
https://www.youtube.com/watch?v=6c1_atCKk70,Shoobi,Kragg,TFC | saturniid,Galvan,Floorhug #10,Round 1,2026-02-21 08:17:34+00:00
https://www.youtube.com/watch?v=qstr4qZhLR4,JRay,Olympia,Salt,Zetterburn,Floorhug #10,Round 2,2026-02-21 08:17:58+00:00
https://www.youtube.com/watch?v=SSu7JJvK1Ao,SATX EWA | Skips,Maypul,Clem!!,Absa,Floorhug #10,Round 1,2026-02-21 08:18:20+00:00
https://www.youtube.com/watch?v=ke606zEeiC8,ianology,Galvan,Clem!!,Absa,Floorhug #10,Round 2,2026-02-21 08:18:35+00:00
https://www.youtube.com/watch?v=14IW5Hfk5s8,EC | Domnique,Zetterburn,darai,Ranno,Floorhug #10,Winners Semifinals,2026-02-21 08:19:23+00:00
https://www.youtube.com/watch?v=vwk1QCxYxDs,ianology,Galvan,Salt,Zetterburn,Floorhug #10,Winners Semifinals,2026-02-21 08:19:47+00:00
https://www.youtube.com/watch?v=VyJVhJeyabs,Cass,Zetterburn,ianology,Galvan,Floorhug #10,Losers Quarterfinals,2026-02-21 08:20:09+00:00
https://www.youtube.com/watch?v=0WUgJrAv7PM,darai,Ranno,Salt,Zetterburn,Floorhug #10,Winners Finals,2026-02-21 08:20:31+00:00
https://www.youtube.com/watch?v=vB4hCmX_uWg,EC | Domnique,Zetterburn,ianology,Galvan,Floorhug #10,Losers Semifinals,2026-02-21 08:20:55+00:00
https://www.youtube.com/watch?v=PcOQjbrx-oo,ianology,Galvan,Salt,Zetterburn,Floorhug #10,Losers Finals,2026-02-21 08:21:16+00:00
https://www.youtube.com/watch?v=X4gUtC7XSB0,Salt,Zetterburn,darai,Ranno,Floorhug #10,Grand Finals,2026-02-21 08:21:39+00:00
https://www.youtube.com/watch?v=s8viDK_TLqs,Vivisections,Ranno,Iggy Ontario,Loxodont,Chef&#39;s Choice #19,Winners Quarters,2026-02-22 15:01:25+00:00
https://www.youtube.com/watch?v=nFx7axWjyE0,Gusta,Clairen,Iggy Ontario,Loxodont,Chef&#39;s Choice #19,Winners Semis,2026-02-22 15:15:04+00:00
https://www.youtube.com/watch?v=I5uUXeRwlAY,Dougsauce,Loxodont,Takkun,Fleet,Chef&#39;s Choice #19,Winners Semis,2026-02-22 15:30:09+00:00
https://www.youtube.com/watch?v=WgnvuEFC7Dk,Gusta,Kragg,Takkun,Wrastor,Chef&#39;s Choice #19,Winners Final,2026-02-22 15:45:04+00:00
https://www.youtube.com/watch?v=bd1dEThnGQ0,VCent,Maypul,Jollyroger7114,Clairen,Chef&#39;s Choice #19,Losers Semis,2026-02-22 16:00:59+00:00
https://www.youtube.com/watch?v=IC0IwzYv3io,Takkun,Fleet,VCent,Maypul,Chef&#39;s Choice #19,Losers Final,2026-02-22 16:15:01+00:00
https://www.youtube.com/watch?v=_Qfv8CTLHnI,Gusta,Galvan,VCent,Maypul,Chef&#39;s Choice #19,Grand Final,2026-02-22 16:30:13+00:00
https://www.youtube.com/watch?v=Dw-xgF3Wlbw,Phug,Kragg,Wisely,Maypul,Run The Rivals #46,Winners R1,2026-02-25 03:09:35+00:00
https://www.youtube.com/watch?v=4XJShQhQ62g,Landon,Clairen,Franzwa,Galvan,Run The Rivals #46,Winners Semis,2026-02-25 03:09:35+00:00
https://www.youtube.com/watch?v=GaZyW9Rih9M,Hunter,Olympia,Phug,Kragg,Run The Rivals #46,Winners Semis,2026-02-25 03:09:35+00:00
https://www.youtube.com/watch?v=akw639UVEEg,Phug,Kragg,The Football,Etalus,Run The Rivals #46,Losers Quarters,2026-02-25 03:09:35+00:00
https://www.youtube.com/watch?v=812-_tlHMt0,Hunter,Olympia,Landon,Clairen,Run The Rivals #46,Winners Finals,2026-02-25 03:09:35+00:00
https://www.youtube.com/watch?v=HC5CJbxl6BM,Franzwa,Galvan,Phug,Kragg,Run The Rivals #46,Losers Semis,2026-02-25 03:09:35+00:00
https://www.youtube.com/watch?v=WZ7tlQkXBU4,Franzwa,Galvan,Hunter,Olympia,Run The Rivals #46,Losers Finals,2026-02-25 03:09:35+00:00
https://www.youtube.com/watch?v=Z5_JpijmsOI,Landon,Clairen,Hunter,Olympia,Run The Rivals #46,Grand Finals,2026-02-25 03:09:35+00:00
https://www.youtube.com/watch?v=f7p66lhE0qg,Monocle GS,Maypul,OneHandFrank,Zetterburn,Straight Into The Abyss #38,Wnrs Rd 1,2026-02-26 04:52:29+00:00
https://www.youtube.com/watch?v=rivwtneXySY,BGunn,Clairen,Monocle Gentlesir,Maypul,Straight Into The Abyss #38,Wnrs Qrts,2026-02-26 04:53:08+00:00
https://www.youtube.com/watch?v=S_g-3OpcGhQ,Viviana,La Reina,Cy,Ranno,Straight Into The Abyss #38,Wnrs Semi,2026-02-26 04:53:33+00:00
https://www.youtube.com/watch?v=uEhhXbjxQGc,Markrealth,Etalus,BGunn,Clairen,Straight Into The Abyss #38,Wnrs Semi,2026-02-26 04:53:51+00:00
https://www.youtube.com/watch?v=ntgce1i8qi4,Cy,Ranno,Markrealth,Etalus,Straight Into The Abyss #38,Wnrs Final,2026-02-26 04:54:14+00:00
https://www.youtube.com/watch?v=bU9nCNgHE_U,Viviana,La Reina,Gordrack,Zetterburn,Straight Into The Abyss #38,Lsrs Semi,2026-02-26 04:54:37+00:00
https://www.youtube.com/watch?v=YizjZmSwR6Y,Viviana,La Reina,Markrealth,Etalus,Straight Into The Abyss #38,Lsrs Final,2026-02-26 04:54:56+00:00
https://www.youtube.com/watch?v=OLfdvC-xW6k,Viviana,Galvan,Cy,Ranno,Straight Into The Abyss #38,Grand Finals,2026-02-26 04:55:14+00:00
https://www.youtube.com/watch?v=kEewC5imMGM,Corncycle,La Reina,SteveReen,Orcane,Split Neutral #44,Winners Semifinals,2026-02-28 07:05:37+00:00
https://www.youtube.com/watch?v=Kx0atGHvOeE,Corncycle,La Reina,Toddly Enough,Galvan,Split Neutral #44,Swiss Round 1,2026-02-28 07:15:30+00:00
https://www.youtube.com/watch?v=2pNSSTfFA28,Corncycle,La Reina,Xena,Fleet,Split Neutral #44,Winners Finals,2026-02-28 07:19:22+00:00
https://www.youtube.com/watch?v=wAwmsmIY0TU,Xena,Fleet,FN@TU,Kragg,Split Neutral #44,Winners Semifinals,2026-02-28 07:21:27+00:00
https://www.youtube.com/watch?v=FwcbOFiia0o,Frigomaniac,Ranno,FN@TU,Kragg,Split Neutral #44,Swiss Round 3,2026-02-28 07:24:28+00:00
https://www.youtube.com/watch?v=cCwfoFE3DSg,Lyra,Fleet,Tortuga,Olympia,Split Neutral #44,Swiss Round 4,2026-02-28 07:26:52+00:00
https://www.youtube.com/watch?v=AZgj5ZsYNYk,SteveReen,Orcane,FN@TU,Kragg,Split Neutral #44,Losers Semifinals,2026-02-28 07:30:01+00:00
https://www.youtube.com/watch?v=e1Bmp_yFHvE,SteveReen,Orcane,Xena,Fleet,Split Neutral #44,Losers Finals,2026-02-28 07:31:51+00:00
https://www.youtube.com/watch?v=aT9n4ttfu60,SteveReen,Orcane,Xena,Fleet,Split Neutral #44,Swiss Round 2,2026-02-28 07:33:39+00:00
https://www.youtube.com/watch?v=BdC8qujVtnE,Xena,Fleet,Corncycle,La Reina,Split Neutral #44,Grand Finals,2026-02-28 07:34:55+00:00
https://www.youtube.com/watch?v=YChAeF_TYOg,Bowler,Clairen,Reaper,Etalus,Immortal Fight Night #264,Rnd Rbn,2026-03-01 19:14:32+00:00
https://www.youtube.com/watch?v=6qnQabAqDjM,Reaper,Etalus,Average Alex,Kragg,Immortal Fight Night #264,Rnd Rbn,2026-03-01 19:21:15+00:00
https://www.youtube.com/watch?v=RSzPA_zuPqM,Average Alex,Kragg,Bowler,Clairen,Immortal Fight Night #264,Rnd Rbn,2026-03-01 19:22:32+00:00
https://www.youtube.com/watch?v=nD4BCIjjPB4,TVFish,Zetterburn,ThrowOut,Forsburn,Campus Clash 3,Winners Round 1,2026-03-03 17:41:29+00:00
https://www.youtube.com/watch?v=xR6M42PXpQw,DeMeloM24,Forsburn,Jessu,Absa,Campus Clash 3,Winners Round 2,2026-03-03 17:49:21+00:00
https://www.youtube.com/watch?v=jBeZcUyG-j8,M0sSFloweR,Loxodont,Godly,Ranno,Campus Clash 3,Winners Round 2,2026-03-03 17:59:20+00:00
https://www.youtube.com/watch?v=e1dmxswevvs,Omega Raider,Olympia,KeyLimeSkye,La Reina,Campus Clash 3,Winners Quarters,2026-03-03 18:09:34+00:00
https://www.youtube.com/watch?v=su5sK4tz8Ps,Glum,Clairen,alfoam,Loxodont,Campus Clash 3,Winners Quarters,2026-03-03 18:49:07+00:00
https://www.youtube.com/watch?v=lJ23k38xMX0,McDuckerz,Ranno,Jessu,Absa,Campus Clash 3,Winners Quarters,2026-03-03 19:12:35+00:00
https://www.youtube.com/watch?v=VvszaBpJLjk,Mkok,Zetterburn,Godly,Ranno,Campus Clash 3,Winners Quarters,2026-03-03 19:29:43+00:00
https://www.youtube.com/watch?v=FU9uhd6o0v0,McDuckerz,Ranno,key lime skye,La Reina,Campus Clash 3,Winners Semis,2026-03-03 19:50:00+00:00
https://www.youtube.com/watch?v=GL8ScrB1zQw,Godly,Ranno,alfoam,Loxodont,Campus Clash 3,Winners Semis,2026-03-03 19:50:35+00:00
https://www.youtube.com/watch?v=xDrIMN0sJB0,McDuckerz,Ranno,Godly,Ranno,Campus Clash 3,Winners Finals,2026-03-03 20:00:35+00:00
https://www.youtube.com/watch?v=BVizkzzijDk,Glum,Clairen,Jessu,Absa,Campus Clash 3,Losers Semis,2026-03-03 20:15:06+00:00
https://www.youtube.com/watch?v=HqID3FIwSgk,Glum,Clairen,McDuckerz,Ranno,Campus Clash 3,Losers Finals,2026-03-03 20:22:34+00:00
https://www.youtube.com/watch?v=Zo8NNpdDB5g,Godly,Ranno,McDuckerz,Ranno,Campus Clash 3,Grand Finals,2026-03-03 20:29:02+00:00
https://www.youtube.com/watch?v=LrYtg7ZQshY,Grunk,Zetterburn,BGunn,Olympia,Immortal Fight Night #265,Wnrs Rd 1,2026-03-04 03:43:38+00:00
https://www.youtube.com/watch?v=4et7G8cwhJI,Bowler,Clairen,Watherum,Ranno,Immortal Fight Night #265,Wnrs Semi,2026-03-04 03:45:15+00:00
https://www.youtube.com/watch?v=pU8pPvJHQ8g,Watherum,Ranno,Average Alex,Clairen,Immortal Fight Night #265,Lsrs Semi,2026-03-04 03:45:45+00:00
https://www.youtube.com/watch?v=yzYd8D487vc,Grunk,Zetterburn,Average Alex,Absa,Immortal Fight Night #265,Wnrs Semi,2026-03-04 03:46:13+00:00
https://www.youtube.com/watch?v=zsnsTMlcv4Q,Bowler,Clairen,Grunk,Zetterburn,Immortal Fight Night #265,Wnrs Final,2026-03-04 03:46:48+00:00
https://www.youtube.com/watch?v=7EfIZgIoUTM,Average Alex,Kragg,Grunk,Zetterburn,Immortal Fight Night #265,Lsrs Final,2026-03-04 03:47:55+00:00
https://www.youtube.com/watch?v=GFmI12lYys4,Bowler,Clairen,Grunk,Zetterburn,Immortal Fight Night #265,Grand Finals,2026-03-04 03:48:32+00:00
https://www.youtube.com/watch?v=yNnPruZn91c,Phug,Kragg,Love Tub,Absa,Run The Rivals #47,Winners Quarters,2026-03-04 04:44:01+00:00
https://www.youtube.com/watch?v=z0XUiRWDqt8,Geyser,Fleet,Failbot,Clairen,Run The Rivals #47,Winners Quarters,2026-03-04 04:45:02+00:00
https://www.youtube.com/watch?v=OPukQLU-1KY,Landon,Clairen,Phug,Kragg,Run The Rivals #47,Winners Semis,2026-03-04 04:45:34+00:00
https://www.youtube.com/watch?v=GsIP7lLkTuA,Sean Sorey,Clairen,Failbot,Clairen,Run The Rivals #47,Winners Semis,2026-03-04 04:46:18+00:00
https://www.youtube.com/watch?v=h_bo6z2Hsdw,Sean Sorey,Clairen,Love Tub,Absa,Run The Rivals #47,Losers Quarters,2026-03-04 04:46:44+00:00
https://www.youtube.com/watch?v=8AKYo4uN59U,Sean Sorey,Clairen,Phug,Kragg,Run The Rivals #47,Losers Semis,2026-03-04 04:47:42+00:00
https://www.youtube.com/watch?v=RGqxI_Z4lRw,Sean Sorey,Clairen,Failbot,Clairen,Run The Rivals #47,Losers Finals,2026-03-04 04:48:03+00:00
https://www.youtube.com/watch?v=-k76GoD6QMo,Landon,Clairen,Failbot,Clairen,Run The Rivals #47,Grand Finals,2026-03-04 04:48:24+00:00
https://www.youtube.com/watch?v=4g48WE8fJqA,VCent,Maypul,Xavibun,Forsburn,Chef&#39;s Choice #20,Winners Quarters,2026-03-04 14:15:00+00:00
https://www.youtube.com/watch?v=jvA7hNb_AB4,Jollyroger7114,Clairen,stellice,Fleet,Chef&#39;s Choice #20,Winners Quarters,2026-03-04 14:30:38+00:00
https://www.youtube.com/watch?v=D5oKCOyCfoE,VCent,Maypul,Jollyroger7114,Clairen,Chef&#39;s Choice #20,Winners Semis,2026-03-04 14:45:03+00:00
https://www.youtube.com/watch?v=QXwjA9LDGPo,Gusta,Maypul,Iggy Ontario,Loxodont,Chef&#39;s Choice #20,Winners Semis,2026-03-04 15:00:49+00:00
https://www.youtube.com/watch?v=gINpg4bSwRk,Gusta,Maypul,Jollyroger7114,Clairen,Chef&#39;s Choice #20,Winners Final,2026-03-04 15:15:05+00:00
https://www.youtube.com/watch?v=hZDB_GhcxqY,Rayne,Kragg,Derek Squirreltail,Absa,Chef&#39;s Choice #20,Losers Top 8,2026-03-04 15:30:26+00:00
https://www.youtube.com/watch?v=AmqqxndjbUY,VCent,Maypul,Rayne,Kragg,Chef&#39;s Choice #20,Losers Quarters,2026-03-04 15:45:03+00:00
https://www.youtube.com/watch?v=ibSq90XdafE,VCent,Maypul,Iggy Ontario,Loxodont,Chef&#39;s Choice #20,Losers Semis,2026-03-04 16:01:05+00:00
https://www.youtube.com/watch?v=vFu7kb-egkw,Jollyroger7114,Clairen,VCent,Maypul,Chef&#39;s Choice #20,Losers Final,2026-03-04 16:15:12+00:00
https://www.youtube.com/watch?v=dXHZSld9q5I,Gusta,Maypul,Jollyroger7114,Clairen,Chef&#39;s Choice #20,Grand Final,2026-03-04 16:30:22+00:00
https://www.youtube.com/watch?v=gxXPpjG5Zis,Dapoce,Orcane,Z0nyX,Kragg,ChandeLan 3 2026,Winners Semi,2026-03-05 12:06:08+00:00
https://www.youtube.com/watch?v=27eJWTvPHOw,Sheush,Zetterburn,Blacksushi,Maypul,ChandeLan 3 2026,Winners Semi,2026-03-05 12:07:00+00:00
https://www.youtube.com/watch?v=b_S_VBD0tKU,Evolt,Loxodont,Blacksushi,Maypul,ChandeLan 3 2026,LQ,2026-03-05 12:07:32+00:00
https://www.youtube.com/watch?v=oBicI2p5JVI,Z0nyX,Kragg,Sheush,Zetterburn,ChandeLan 3 2026,Winners Final,2026-03-05 12:09:32+00:00
https://www.youtube.com/watch?v=QE2bdVDPHI8,Dapoce,Orcane,Blacksushi,Maypul,ChandeLan 3 2026,Losers Semi,2026-03-05 12:10:29+00:00
https://www.youtube.com/watch?v=1CnOMOUALMA,Sheush,Zetterburn,Blacksushi,Maypul,ChandeLan 3 2026,Losers Final,2026-03-05 12:11:10+00:00
https://www.youtube.com/watch?v=Oc9qcTystxs,Sheush,Zetterburn,Z0nyX,Clairen,ChandeLan 3 2026,Grand Final,2026-03-05 12:12:00+00:00
https://www.youtube.com/watch?v=xeh3gp04d7Y,Vastfollower,Ranno,OneHandFrank,Zetterburn,Straight Into The Abyss #39,Wnrs Rd 1,2026-03-05 14:49:54+00:00
https://www.youtube.com/watch?v=UqbJgGBXcmM,Waddlespch,Zetterburn,yasuo421,Galvan,Straight Into The Abyss #39,Wnrs Rd 2,2026-03-05 14:51:05+00:00
https://www.youtube.com/watch?v=-wlsgSHAPIY,Waddlespch,Zetterburn,Suture,Ranno,Straight Into The Abyss #39,Wnrs Qrts,2026-03-05 15:04:07+00:00
https://www.youtube.com/watch?v=weda6f7_rWU,Viviana,La Reina,Drewsephix,Orcane,Straight Into The Abyss #39,Wnrs Semi,2026-03-05 15:04:49+00:00
https://www.youtube.com/watch?v=YY7PujGmSr8,SapphireGD,Zetterburn,Waddlespch,Zetterburn,Straight Into The Abyss #39,Wnrs Semi,2026-03-05 15:05:31+00:00
https://www.youtube.com/watch?v=qqLe-1L2U3M,Viviana,La Reina,SapphireGD,Zetterburn,Straight Into The Abyss #39,Wnrs Final,2026-03-05 15:06:05+00:00
https://www.youtube.com/watch?v=8gqI_j9BmPg,Drewsephix,Orcane,Faxmachine,Forsburn,Straight Into The Abyss #39,Lsrs Qrts,2026-03-05 15:06:31+00:00
https://www.youtube.com/watch?v=nBG2OWL0ptM,Waddlespch,Zetterburn,Drewsephix,Orcane,Straight Into The Abyss #39,Lsrs Semi,2026-03-05 15:06:56+00:00
https://www.youtube.com/watch?v=it9fYkmbPQg,Viviana,La Reina,Waddlespch,Zetterburn,Straight Into The Abyss #39,Lsrs Final,2026-03-05 15:07:22+00:00
https://www.youtube.com/watch?v=cTtfrIVuQMg,SapphireGD,Zetterburn,Viviana,Galvan,Straight Into The Abyss #39,Grand Finals,2026-03-05 15:08:09+00:00
https://www.youtube.com/watch?v=e0t3H43YLwE,Ani,Fleet,Samasicus,Wrastor,The Hangout #1,Winners Round 2,2026-03-09 18:57:01+00:00
https://www.youtube.com/watch?v=I9sewnRJtKU,jugeeya,Fleet,loom,Maypul,The Hangout #1,Winners Round 2,2026-03-09 18:57:32+00:00
https://www.youtube.com/watch?v=xaSElQOUMkI,Kimchi,Zetterburn,Brujita,Clairen,The Hangout #1,Winners Round 2,2026-03-09 18:57:50+00:00
https://www.youtube.com/watch?v=j59sNjdqEYk,Samasicus,Wrastor,FizzyBrax | Potatoes,Loxodont,The Hangout #1,Winners Quarter-Final,2026-03-09 18:58:25+00:00
https://www.youtube.com/watch?v=wY_tlH9asqk,Captain,Absa,Dalek Ditto,Fleet,The Hangout #1,Losers Round 2,2026-03-09 18:59:01+00:00
https://www.youtube.com/watch?v=QciDlgx6cIc,Joule Thief,Fleet,FizzyBrax | Potatoes,Loxodont,The Hangout #1,Winners Semi-Final,2026-03-09 19:01:43+00:00
https://www.youtube.com/watch?v=IEpDyZJ6jic,1mfg | threeleggeddog,Kragg,Shadowwiz,Maypul,The Hangout #1,Winners Quarter-Final,2026-03-09 19:02:32+00:00
https://www.youtube.com/watch?v=_huG34zCsw8,Captain,Absa,Joule Thief,Fleet,The Hangout #1,Winners Round 2,2026-03-09 19:03:02+00:00
https://www.youtube.com/watch?v=YlDh5xIKAfI,Ikigai,Forsburn,Shadowwiz,Maypul,The Hangout #1,Losers Round 3,2026-03-09 19:03:38+00:00
https://www.youtube.com/watch?v=Z7M_drwtb0s,CCuppy,Orcane,Shadowwiz,Maypul,The Hangout #1,Winners Round 2,2026-03-09 19:04:29+00:00
https://www.youtube.com/watch?v=gGTRbVTjUZk,Emerald_87,Zetterburn,CCuppy,Orcane,The Hangout #1,Losers Round 4,2026-03-09 19:05:12+00:00
https://www.youtube.com/watch?v=sDQ6kE7O-Qw,Ikigai,Forsburn,Ani,Fleet,The Hangout #1,Losers Round 2,2026-03-09 19:05:44+00:00
https://www.youtube.com/watch?v=-zSLwfODlDg,Joule Thief,Fleet,Emerald_87,Zetterburn,The Hangout #1,Winners Quarter-Final,2026-03-10 06:30:14+00:00
https://www.youtube.com/watch?v=AkIKDtUnG0I,BIYJ | TheRealMenace,La Reina,loom,Maypul,The Hangout #1,Winners Round 1,2026-03-10 06:31:09+00:00
https://www.youtube.com/watch?v=Res3XYCSnAs,Emerald_87,Zetterburn,Dalek Ditto,Fleet,The Hangout #1,Winners Round 2,2026-03-10 06:34:35+00:00
https://www.youtube.com/watch?v=O-AlMkLMwM8,FizzyBrax | Potatoes,Loxodont,PTM | Ikigai,Forsburn,The Hangout #1,Winners Round 2,2026-03-10 06:34:54+00:00
https://www.youtube.com/watch?v=lXkLb9oGp2A,1mfg | threeleggeddog,Kragg,Kirkland Fightstick,Kragg,The Hangout #1,Winners Round 2,2026-03-10 17:54:13+00:00
https://www.youtube.com/watch?v=9MhI3bvI8co,jugeeya,Fleet,FizzyBrax | Potatoes,Loxodont,The Hangout #1,Winners Final,2026-03-10 17:56:40+00:00
https://www.youtube.com/watch?v=-6Mi0OlhhPE,jugeeya,Fleet,1mfg | threeleggeddog,Kragg,The Hangout #1,Losers Final,2026-03-10 17:59:00+00:00
https://www.youtube.com/watch?v=FUwB1IqxEKg,FizzyBrax | Potatoes,Loxodont,1mfg | threeleggeddog,Kragg,The Hangout #1,Grand Final,2026-03-10 18:21:10+00:00
https://www.youtube.com/watch?v=4jwcleXBkjQ,Grunk,Zetterburn,ybm,Wrastor,Immortal Fight Night #266,Wnrs Rd 1,2026-03-10 22:44:59+00:00
https://www.youtube.com/watch?v=6pjt5DeXrtc,Reaper,Etalus,Watherum,Ranno,Immortal Fight Night #266,Wnrs Semi,2026-03-10 23:24:44+00:00
https://www.youtube.com/watch?v=GjmH5i1V7YY,Average Alex,Maypul,Grunk,Zetterburn,Immortal Fight Night #266,Wnrs Semi,2026-03-10 23:25:36+00:00
https://www.youtube.com/watch?v=Ashi-5sIg08,Average Alex,Maypul,Reaper,Etalus,Immortal Fight Night #266,Wnrs Final,2026-03-10 23:26:17+00:00
https://www.youtube.com/watch?v=zKpDBLUsSkI,Grunk,Zetterburn,Joshua,Fleet,Immortal Fight Night #266,Lsrs Qrts,2026-03-10 23:26:43+00:00
https://www.youtube.com/watch?v=yms-IdzBQPM,ybm,Wrastor,Grunk,Zetterburn,Immortal Fight Night #266,Lsrs Semi,2026-03-10 23:27:08+00:00
https://www.youtube.com/watch?v=18DzjTCgEP8,ybm,Wrastor,Reaper,Etalus,Immortal Fight Night #266,Lsrs Final,2026-03-10 23:27:43+00:00
https://www.youtube.com/watch?v=_CyYwIQME0I,Average Alex,Maypul,ybm,Wrastor,Immortal Fight Night #266,Grand Finals,2026-03-10 23:28:03+00:00
https://www.youtube.com/watch?v=sMbz4CHW3ew,sans.,Loxodont,Sean Sorey,Clairen,Run The Rivals #48,Winners R1,2026-03-11 02:31:28+00:00
https://www.youtube.com/watch?v=yrOAtehx98I,Phug,Kragg,The Football,Kragg,Run The Rivals #48,Winners R1,2026-03-11 02:31:28+00:00
https://www.youtube.com/watch?v=txB-SD-15EM,Phug,Kragg,Hunter,Maypul,Run The Rivals #48,Winners Semis,2026-03-11 02:31:28+00:00
https://www.youtube.com/watch?v=C0u4qYY-onw,Phug,Kragg,sans.,Loxodont,Run The Rivals #48,Losers Quarters,2026-03-11 02:31:28+00:00
https://www.youtube.com/watch?v=hp9azI_Q6r0,Landon,Clairen,Hunter,Olympia,Run The Rivals #48,Winners Finals,2026-03-11 02:31:28+00:00
https://www.youtube.com/watch?v=aFVKTH9dMzc,Phug,Kragg,Sean Sorey,Clairen,Run The Rivals #48,Losers Semis,2026-03-11 02:31:28+00:00
https://www.youtube.com/watch?v=l0-E-HVpEcs,Hunter,Olympia,Sean Sorey,Clairen,Run The Rivals #48,Losers Finals,2026-03-11 02:31:28+00:00
https://www.youtube.com/watch?v=PLOlT1cK_q0,Landon,Clairen,Hunter,Olympia,Run The Rivals #48,Grand Finals,2026-03-11 02:31:28+00:00
https://www.youtube.com/watch?v=_cIVPZPoMOk,Cerulean,La Reina,Toddly Enough,Galvan,Split Neutral #45,Swiss Round 3,2026-03-11 06:36:28+00:00
https://www.youtube.com/watch?v=nDCP8-L__W4,Corncycle,La Reina,Blank Mauser,Fleet,Split Neutral #45,Swiss Round 1,2026-03-11 06:57:25+00:00
https://www.youtube.com/watch?v=wypYaSdq4Gc,Matthewnoid8,Orcane,Cou,La Reina,Straight Into The Abyss #40,Wnrs Rd 1,2026-03-12 05:29:33+00:00
https://www.youtube.com/watch?v=PeYUTCsUr2g,Throwout,Forsburn,Drewsephix,Orcane,Straight Into The Abyss #40,Wnrs Rd 2,2026-03-12 05:30:53+00:00
https://www.youtube.com/watch?v=MevoAN8Mhvg,Rx,Clairen,Turnap,Ranno,Straight Into The Abyss #40,Wnrs Qrts,2026-03-12 05:32:28+00:00
https://www.youtube.com/watch?v=f3RUykZxbgE,Suture,Ranno,SapphireGD,Zetterburn,Straight Into The Abyss #40,Wnrs Qrts,2026-03-12 05:33:06+00:00
https://www.youtube.com/watch?v=I0h6hKd_w9Q,Suture,Ranno,NatySolo,Orcane,Straight Into The Abyss #40,Wnrs Semi,2026-03-12 05:33:53+00:00
https://www.youtube.com/watch?v=bgs1w0rGPI8,Rx,Clairen,Viviana,La Reina,Straight Into The Abyss #40,Wnrs Semi,2026-03-12 05:35:06+00:00
https://www.youtube.com/watch?v=8XXJkStyWz0,Viviana,Galvan,NatySolo,Orcane,Straight Into The Abyss #40,Wnrs Final,2026-03-12 05:35:30+00:00
https://www.youtube.com/watch?v=ykWT76DfJNE,Turnap,Ranno,SapphireGD,Zetterburn,Straight Into The Abyss #40,Lsrs Semi,2026-03-12 05:36:01+00:00
https://www.youtube.com/watch?v=lu0XZsuGvhM,SapphireGD,Zetterburn,NatySolo,Orcane,Straight Into The Abyss #40,Lsrs Final,2026-03-12 05:36:22+00:00
https://www.youtube.com/watch?v=9BLzrzPpU7U,Viviana,Galvan,SapphireGD,Zetterburn,Straight Into The Abyss #40,Grand Finals,2026-03-12 05:36:45+00:00
https://www.youtube.com/watch?v=N0nUDSlWmtk,Viviana,Zetterburn,Watherum,Ranno,Straight Into The Abyss #40,Wathug Finals,2026-03-12 05:38:26+00:00
https://www.youtube.com/watch?v=PDbEQn_P8bQ,Corncycle,La Reina,Cerulean,La Reina,Split Neutral #45,Grand Finals,2026-03-12 06:49:11+00:00
https://www.youtube.com/watch?v=HYsJoFaGU4k,Corncycle,La Reina,Cerulean,La Reina,Split Neutral #45,Swiss Round 4,2026-03-12 06:56:16+00:00
https://www.youtube.com/watch?v=xR0-cfOYcdk,Corncycle,La Reina,Cerulean,La Reina,Split Neutral #45,Winners Finals,2026-03-12 06:58:05+00:00
https://www.youtube.com/watch?v=fBMXmp5tZ6g,Corncycle,La Reina,Xena,Fleet,Split Neutral #45,Winners Semifinals,2026-03-12 06:59:27+00:00
https://www.youtube.com/watch?v=_nHvWhXxM1Y,FN@TU,Kragg,Roarak,Orcane,Split Neutral #45,Swiss Round 1,2026-03-12 07:02:37+00:00
https://www.youtube.com/watch?v=-S7H7FRZtoI,Merely,Etalus,Lyra,Fleet,Split Neutral #45,Swiss Round 4,2026-03-12 07:12:51+00:00
https://www.youtube.com/watch?v=_ZRu5dhTzjo,SteveReen,Orcane,Cerulean,La Reina,Split Neutral #45,Winners Semifinals,2026-03-12 07:18:21+00:00
https://www.youtube.com/watch?v=8KM5106rC-E,SteveReen,Orcane,Corncycle,La Reina,Split Neutral #45,Swiss Round 3,2026-03-12 07:20:59+00:00
https://www.youtube.com/watch?v=ELGg9RrfTOM,SteveReen,Orcane,FN@TU,Kragg,Split Neutral #45,Swiss Round 2,2026-03-12 07:22:37+00:00
https://www.youtube.com/watch?v=nmnIoxXyeRs,Tak,Olympia,Cerulean,La Reina,Split Neutral #45,Losers Finals,2026-03-12 07:25:19+00:00
https://www.youtube.com/watch?v=tPWBPSv5Bh4,Tak,Olympia,JoJoDaHoBo,Zetterburn,Split Neutral #45,Swiss Round 3,2026-03-12 07:31:51+00:00
https://www.youtube.com/watch?v=VB3RqDM0uKg,Xena,Fleet,Merely,Etalus,Split Neutral #45,Losers Quarterfinals,2026-03-12 07:37:33+00:00
https://www.youtube.com/watch?v=30k9kmoWfdA,BGunn,Olympia,ybm,Wrastor,Immortal Fight Night #267,Wnrs Rd 1,2026-03-17 11:55:24+00:00
https://www.youtube.com/watch?v=4BGbg35vIdA,Average Alex,Maypul,BGunn,Olympia,Immortal Fight Night #267,Wnrs Semi,2026-03-17 11:56:35+00:00
https://www.youtube.com/watch?v=9vAyu_1rTvM,Bowler,Clairen,Watherum,Ranno,Immortal Fight Night #267,Wnrs Semi,2026-03-17 11:57:03+00:00
https://www.youtube.com/watch?v=W73CeLdPUUI,Average Alex,Wrastor,Bowler,Clairen,Immortal Fight Night #267,Wnrs Final,2026-03-17 11:57:37+00:00
https://www.youtube.com/watch?v=CTNNi0NRUQ0,ybm,Wrastor,Grunk,Zetterburn,Immortal Fight Night #267,Lsrs Semi,2026-03-17 11:58:47+00:00
https://www.youtube.com/watch?v=GJMeS_JTAiE,ybm,Wrastor,Average Alex,Clairen,Immortal Fight Night #267,Lsrs Final,2026-03-17 11:59:17+00:00
https://www.youtube.com/watch?v=Vp1dU7m1vwM,Bowler,Clairen,ybm,Wrastor,Immortal Fight Night #267,Grand Finals,2026-03-17 11:59:49+00:00
https://www.youtube.com/watch?v=KqTS7fbYUrk,Mr.Watch&amp;Learn,Etalus,Ev,Kragg,Fusion #288,Bracket,2026-03-17 18:07:48+00:00
https://www.youtube.com/watch?v=M77EZy0PLFE,Gekkingga,Loxodont,nard,Clairen,Fusion #288,Bracket,2026-03-17 18:09:06+00:00
https://www.youtube.com/watch?v=BLCO4c3MWcs,HamPolo,Galvan,edith,Clairen,Fusion #288,Bracket,2026-03-17 18:10:06+00:00
https://www.youtube.com/watch?v=Bqm23hyYRU0,HamPolo,Zetterburn,CheesyPotato,La Reina,Fusion #288,,2026-03-17 18:12:52+00:00
https://www.youtube.com/watch?v=b2334BGLETc,HamPolo,Galvan,elkiies,La Reina,Fusion #288,Bracket,2026-03-17 18:14:03+00:00
https://www.youtube.com/watch?v=cWjjgOEF448,HamPolo,Zetterburn,Gekkingga,Loxodont,Fusion #288,,2026-03-17 18:16:02+00:00
https://www.youtube.com/watch?v=61PsL3wOuNw,elkiies,La Reina,HamPolo,Zetterburn,Fusion #288,,2026-03-17 18:17:16+00:00
https://www.youtube.com/watch?v=sJKDTsYganM,sans.,Loxodont,Superdog,Clairen,Run The Rivals #49,Winners Quarters,2026-03-18 03:19:34+00:00
https://www.youtube.com/watch?v=Xuqa-NgjV2w,Landon,Clairen,sans.,Loxodont,Run The Rivals #49,Winners Semis,2026-03-18 03:20:38+00:00
https://www.youtube.com/watch?v=zuSTIvlGym0,Failbot,Clairen,Sean Sorey,Clairen,Run The Rivals #49,Winners Semis,2026-03-18 03:21:10+00:00
https://www.youtube.com/watch?v=ZILDQq6muBw,Sean Sorey,Clairen,People's Champ,Kragg,Run The Rivals #49,Winners Quarters,2026-03-18 03:21:32+00:00
https://www.youtube.com/watch?v=PB03j2Hts94,Failbot,Clairen,Landon,Clairen,Run The Rivals #49,Losers Quarters,2026-03-18 03:22:09+00:00
https://www.youtube.com/watch?v=tg7lu31uJWY,sans.,Kragg,Phug,Wrastor,Run The Rivals #49,Losers Quarters,2026-03-18 03:22:41+00:00
https://www.youtube.com/watch?v=KeHn1grZVkY,Sean F. Art,Clairen,Phug,Kragg,Run The Rivals #49,Losers Semis,2026-03-18 03:23:07+00:00
https://www.youtube.com/watch?v=pPlhczPP4Dw,Sean F. Art,Clairen,Landon,Clairen,Run The Rivals #49,Losers Finals,2026-03-18 03:23:26+00:00
https://www.youtube.com/watch?v=BJ7qOA9VVLI,Landon,Clairen,Failbot,Clairen,Run The Rivals #49,Grand Finals,2026-03-18 03:24:01+00:00
https://www.youtube.com/watch?v=NYdkNUe9e5E,Mask,Forsburn,Spypie,Fleet,Straight Into The Abyss #41,Wnrs Rd 1,2026-03-19 14:50:34+00:00
https://www.youtube.com/watch?v=usA2EO_m1A0,Viviana,La Reina,Rayne,Kragg,Straight Into The Abyss #41,Wnrs Rd 2,2026-03-19 14:51:47+00:00
https://www.youtube.com/watch?v=J7c3wYLpv9M,Bowler,Clairen,Gab,La Reina,Straight Into The Abyss #41,Wnrs Rd 2,2026-03-19 14:52:11+00:00
https://www.youtube.com/watch?v=XkYaDCAb2Ec,Bowler,Clairen,Nothigh,La Reina,Straight Into The Abyss #41,Wnrs Qrts,2026-03-19 14:52:59+00:00
https://www.youtube.com/watch?v=iESlhWBaCOg,SapphireGD,Zetterburn,Turnap,Ranno,Straight Into The Abyss #41,Wnrs Qrts,2026-03-19 14:55:06+00:00
https://www.youtube.com/watch?v=eWdCcnWzo88,Sophilo,Zetterburn,Bowler,Clairen,Straight Into The Abyss #41,Wnrs Semi,2026-03-19 14:55:41+00:00
https://www.youtube.com/watch?v=0RkmL4p9JF8,Viviana,Galvan,SapphireGD,Zetterburn,Straight Into The Abyss #41,Wnrs Semi,2026-03-19 14:56:07+00:00
https://www.youtube.com/watch?v=2VbrKmqasj0,SapphireGD,Zetterburn,Sophilo,Zetterburn,Straight Into The Abyss #41,Wnrs Final,2026-03-19 14:56:45+00:00
https://www.youtube.com/watch?v=4-vEppUf5V4,BlazingPasta,Galvan,Viviana,La Reina,Straight Into The Abyss #41,Lsrs Qrts,2026-03-19 14:58:10+00:00
https://www.youtube.com/watch?v=kQFPC4SbnY8,Bowler,Clairen,Turnap,Ranno,Straight Into The Abyss #41,Lsrs Qrts,2026-03-19 14:59:23+00:00
https://www.youtube.com/watch?v=AEuB8RZVdjU,Bowler,Clairen,Viviana,La Reina,Straight Into The Abyss #41,Lsrs Semi,2026-03-19 14:59:45+00:00
https://www.youtube.com/watch?v=mrRRtQAp4t4,SapphireGD,Zetterburn,Bowler,Clairen,Straight Into The Abyss #41,Lsrs Final,2026-03-19 15:00:05+00:00
https://www.youtube.com/watch?v=uKT6vU6xMLc,Sophilo,Zetterburn,SapphireGD,Zetterburn,Straight Into The Abyss #41,Grand Finals,2026-03-19 15:00:40+00:00
https://www.youtube.com/watch?v=C_2dMR-IQKU,Abraman,Clairen,maya,Orcane,ROC's Nest #5,Winners Quarterfinals,2026-03-22 18:10:59+00:00
https://www.youtube.com/watch?v=OOazvsKLSqM,Corncycle,La Reina,maya,Orcane,ROC's Nest #5,Winners Semifinals,2026-03-22 18:12:34+00:00
https://www.youtube.com/watch?v=i0fkuOQfTLM,Corncycle,La Reina,Mystery Sol,Galvan,ROC's Nest #5,Grand Finals,2026-03-22 18:13:17+00:00
https://www.youtube.com/watch?v=RBxLR4L4imA,Kasai,Maypul,Abraman,Clairen,ROC's Nest #5,Losers Quarterfinals,2026-03-22 18:18:32+00:00
https://www.youtube.com/watch?v=C6mGtXY4E8s,Kasai,Maypul,Mystery Sol,Galvan,ROC's Nest #5,Winners Semifinals,2026-03-22 18:30:15+00:00
https://www.youtube.com/watch?v=hl7OXLQiVKI,maya,Orcane,Kasai,Maypul,ROC's Nest #5,Losers Semifinals,2026-03-22 18:31:00+00:00
https://www.youtube.com/watch?v=5nF7Slf_ivM,maya,Orcane,Mystery Sol,Galvan,ROC's Nest #5,Losers Finals,2026-03-22 18:55:32+00:00
https://www.youtube.com/watch?v=CJll_SjIvgE,Mystery Sol,Galvan,Corncycle,La Reina,ROC's Nest #5,Winners Finals,2026-03-22 18:56:51+00:00
https://www.youtube.com/watch?v=v3NbDbrXt3c,SteveReen,Orcane,Corncycle,La Reina,ROC's Nest #5,Winners Quarterfinals,2026-03-22 18:57:37+00:00
https://www.youtube.com/watch?v=8j7nKhmyImU,Ziggy,Ranno,maya,Orcane,ROC's Nest #5,Losers Quarterfinals,2026-03-22 18:58:36+00:00
https://www.youtube.com/watch?v=wOjTFkyQ5Vc,MobileGearEnjoyer,La Reina,T. Richard,Maypul,Hitfall 4.5,Winners Round 1,2026-03-24 02:10:23+00:00
https://www.youtube.com/watch?v=RL-rcGF2FK8,nard,Clairen,TAILSEP,Wrastor,Hitfall 4.5,Winners Round 2,2026-03-24 02:15:35+00:00
https://www.youtube.com/watch?v=fzRz6bp4aA4,T. Richard,Maypul,Searing Arrow,Clairen,Hitfall 4.5,Winners Round 2,2026-03-24 02:17:53+00:00
https://www.youtube.com/watch?v=iDWETXPjZ2g,Thulium,Clairen,Goose,Ranno,Hitfall 4.5,Winners Round 3,2026-03-24 02:19:58+00:00
https://www.youtube.com/watch?v=UuGoT1dO0c0,nard,Clairen,Searing Arrow,Clairen,Hitfall 4.5,Winners Round 3,2026-03-24 02:21:52+00:00
https://www.youtube.com/watch?v=kRNRLgb2S0g,approximately 7 moths,Loxodont,Lucius,Ranno,Hitfall 4.5,Losers Round 4,2026-03-24 02:23:40+00:00
https://www.youtube.com/watch?v=HI0gxtDO8p8,Jackie Peanuts,Kragg,Iota,Absa,Hitfall 4.5,Winners Round 2,2026-03-24 02:25:17+00:00
https://www.youtube.com/watch?v=CfCCe_CyBlg,precisely 8 horses,Wrastor,Maybe,La Reina,Hitfall 4.5,Winners Round 2,2026-03-24 02:26:37+00:00
https://www.youtube.com/watch?v=97OUVpMhits,Cora,Ranno,LittleBoi,Kragg,Hitfall 4.5,Winners Round 3,2026-03-24 02:27:34+00:00
https://www.youtube.com/watch?v=YSOGuZZAQYI,HyperFlame,Zetterburn,Maybe,La Reina,Hitfall 4.5,Winners Round 3,2026-03-24 02:31:46+00:00
https://www.youtube.com/watch?v=xTVC4NuSKMs,Malk,Kragg,Jackie Peanuts,Kragg,Hitfall 4.5,Losers Round 4,2026-03-24 02:33:39+00:00
https://www.youtube.com/watch?v=zpVTFHmy_ZU,elkiies,La Reina,Humanlime,Wrastor,Hitfall 4.5,Winners Quarters,2026-03-24 02:35:49+00:00
https://www.youtube.com/watch?v=kNbaI1gF0bs,HyperFlame,Zetterburn,Cora,Ranno,Hitfall 4.5,Winners Quarters,2026-03-24 02:44:49+00:00
https://www.youtube.com/watch?v=NhpIDVqEp1o,Thulium,Clairen,nard,Clairen,Hitfall 4.5,Winners Quarters,2026-03-24 02:46:01+00:00
https://www.youtube.com/watch?v=qq1l3FulsOw,HamPolo,Zetterburn,Yoda Cage,Absa,Hitfall 4.5,Winners Quarters,2026-03-24 02:46:46+00:00
https://www.youtube.com/watch?v=AeAK7LMU63Q,Humanlime,Wrastor,HyperFlame,Zetterburn,Hitfall 4.5,Winners Semis,2026-03-24 02:48:27+00:00
https://www.youtube.com/watch?v=CUQqMUwfOGM,nard,Clairen,Yoda Cage,Absa,Hitfall 4.5,Winners Semis,2026-03-24 02:51:15+00:00
https://www.youtube.com/watch?v=w3nUPOt1XhE,nard,Clairen,Cora,Ranno,Hitfall 4.5,Losers Quarters,2026-03-24 02:52:39+00:00
https://www.youtube.com/watch?v=Tt6JLFg6lwg,Humanlime,Wrastor,Yoda Cage,Absa,Hitfall 4.5,Winners Finals,2026-03-24 02:54:28+00:00
https://www.youtube.com/watch?v=RREBQYQyk3k,HyperFlame,Zetterburn,nard,Clairen,Hitfall 4.5,Losers Semis,2026-03-24 02:56:11+00:00
https://www.youtube.com/watch?v=C_khuaz9lKA,HyperFlame,Zetterburn,Yoda Cage,Absa,Hitfall 4.5,Losers Finals,2026-03-24 02:57:38+00:00
https://www.youtube.com/watch?v=7dbE9p4Jdew,Humanlime,Wrastor,Yoda Cage,Absa,Hitfall 4.5,GRAND FINALS,2026-03-24 02:58:29+00:00
https://www.youtube.com/watch?v=1_ogAalp_os,Average Alex,Galvan,Bowler,Clairen,Immortal Fight Night #268,Grand Finals,2026-03-24 04:42:45+00:00
https://www.youtube.com/watch?v=5LjlNUz8rOI,Average Alex,Etalus,Grunk,Zetterburn,Immortal Fight Night #268,Lsrs Final,2026-03-24 04:43:20+00:00
https://www.youtube.com/watch?v=-anWQPP7-A0,Watherum,Ranno,Grunk,Zetterburn,Immortal Fight Night #268,Wnrs Qrts,2026-03-24 04:44:36+00:00
https://www.youtube.com/watch?v=rmWjXW7dWHQ,Bowler,Clairen,ybm,Wrastor,Immortal Fight Night #268,Wnrs Semi,2026-03-24 04:45:23+00:00
https://www.youtube.com/watch?v=IMHSRAfb2kA,Average Alex,Galvan,Grunk,Zetterburn,Immortal Fight Night #268,Wnrs Semi,2026-03-24 04:47:28+00:00
https://www.youtube.com/watch?v=d0YTZ7Rng-s,Bowler,Clairen,Average Alex,Ranno,Immortal Fight Night #268,Wnrs Final,2026-03-24 04:49:12+00:00
https://www.youtube.com/watch?v=MDD5D-5k1MA,ybm,Wrastor,Grunk,Zetterburn,Immortal Fight Night #268,Lsrs Semi,2026-03-24 04:49:42+00:00
https://www.youtube.com/watch?v=IpNB-Qo-gu0,elkiies,La Reina,Cora,Ranno,Hitfall 4.5,Losers Top 8,2026-03-24 20:15:31+00:00
https://www.youtube.com/watch?v=GOIwfjKroUM,Lucius,Ranno,Iota,Orcane,Hitfall 4.5,Losers Top 16,2026-03-24 20:15:31+00:00
https://www.youtube.com/watch?v=iqtgiOpxl5U,Searing Arrow,Clairen,elkiies,La Reina,Hitfall 4.5,Losers Top 12,2026-03-24 20:15:31+00:00
https://www.youtube.com/watch?v=mnzckJObpA4,GeekyDave,Forsburn,Searing Arrow,Clairen,Hitfall 4.5,Losers Top 16,2026-03-24 20:15:31+00:00
https://www.youtube.com/watch?v=k5jJ57gVNPU,Lucius,Ranno,HamPolo,Galvan,Hitfall 4.5,Losers Top 8,2026-03-24 20:15:31+00:00
https://www.youtube.com/watch?v=zL5eRKRNUYA,Sal,Galvan,OreoCookies,Maypul,Hitfall 4.5,Losers Round 4,2026-03-24 20:15:31+00:00
https://www.youtube.com/watch?v=GafvF7c0-gI,malk,Kragg,Yoda Cage,Absa,Hitfall 4.5,Winners Round 3,2026-03-24 20:15:31+00:00
https://www.youtube.com/watch?v=GeoSyT9KaqI,LittleBoi,Kragg,HamPolo,Zetterburn,Hitfall 4.5,Losers Top 12,2026-03-24 20:15:31+00:00
https://www.youtube.com/watch?v=P2teH3iD4HM,Iota,Orcane,HitTheGriddyForUkraine,Orcane,Hitfall 4.5,Losers Round 4,2026-03-24 20:15:31+00:00
https://www.youtube.com/watch?v=PgASj2uLJEk,malk,Kragg,OreoCookie,Maypul,Hitfall 4.5,Losers Top 16,2026-03-24 20:15:31+00:00
https://www.youtube.com/watch?v=WuYft5B3KDM,Bucketfullabiscuits,Absa,Nemmy,Olympia,Hitfall 4.5,Winners Round 1,2026-03-24 20:15:31+00:00
https://www.youtube.com/watch?v=SYDlTX96Urk,elkiies,La Reina,OreoCookie,Maypul,Hitfall 4.5,Winners Round 3,2026-03-24 20:15:31+00:00
https://www.youtube.com/watch?v=YKZD2-kcaNU,HitTheGriddyForUkraine,Orcane,SmokedSam,Kragg,Hitfall 4.5,Losers Round 3,2026-03-24 20:15:31+00:00
https://www.youtube.com/watch?v=ezUOQXT62Mk,Lucius,Ranno,Thulium,Clairen,Hitfall 4.5,Losers Top 12,2026-03-24 20:15:31+00:00
https://www.youtube.com/watch?v=giE5NhT8ExE,OreoCookie,Maypul,Cora,Ranno,Hitfall 4.5,Losers Top 12,2026-03-24 20:15:31+00:00
https://www.youtube.com/watch?v=-82WpwBEOes,humanlime,Wrastor,Lucius,Ranno,Hitfall 4.5,Winners Round 3,2026-03-24 20:15:31+00:00
https://www.youtube.com/watch?v=3kM9ucFXO7k,Searing Arrow,Clairen,MobileGearEnjoyer,La Reina,Hitfall 4.5,Losers Round 4,2026-03-24 20:15:31+00:00
https://www.youtube.com/watch?v=8oNriDwE49g,Iota,Galvan,HamPolo,Galvan,Hitfall 4.5,Winners Round 3,2026-03-24 20:15:31+00:00
https://www.youtube.com/watch?v=D3XAz_J3pfs,Maybe,La Reina,GeekyDave,Forsburn,Hitfall 4.5,Losers Round 4,2026-03-24 20:15:31+00:00
https://www.youtube.com/watch?v=2qDTWQkjZsw,LittleBoi,Kragg,abruh,Maypul,Hitfall 4.5,Losers Round 4,2026-03-24 20:15:31+00:00
https://www.youtube.com/watch?v=6gC_8kf4hYU,HyperFlame,Zetterburn,Lucius,Ranno,Hitfall 4.5,Losers Quarters,2026-03-24 20:15:31+00:00
https://www.youtube.com/watch?v=BZhOWg_pmjk,Goose,Ranno,LetItRain,Ranno,Hitfall 4.5,Losers Round 4,2026-03-24 20:15:31+00:00
https://www.youtube.com/watch?v=CBFVYdcYpiw,Oreocookie,Maypul,Approximatly 7 moths,La Reina,Hitfall 4.5,Winners Round 2,2026-03-24 20:15:31+00:00
https://www.youtube.com/watch?v=EtW2KjEGYwQ,LittleBoi,Kragg,Goose,Ranno,Hitfall 4.5,Losers Top 16,2026-03-24 20:15:31+00:00
https://www.youtube.com/watch?v=wqPjVN2Br_E,Mr.Watch&amp;Learn,Etalus,Needels,Ranno,Super Fusion #1,,2026-03-26 05:44:46+00:00
https://www.youtube.com/watch?v=Eks4vBqOMwc,CakeAssault,Forsburn,SapphireGD,Zetterburn,Super Fusion #1,,2026-03-26 05:44:51+00:00
https://www.youtube.com/watch?v=C2Uzc9Axb_Q,Animal,Etalus,NatySolo,Orcane,Super Fusion #1,Top Cut,2026-03-26 05:44:56+00:00
https://www.youtube.com/watch?v=79FBm04tQgw,HamPolo,Zetterburn,Switch,Galvan,Super Fusion #1,Top Cut,2026-03-26 05:45:00+00:00
https://www.youtube.com/watch?v=ALopSSd6wQU,Beastly,Zetterburn,toothbrush,Ranno,Super Fusion #1,,2026-03-26 05:45:07+00:00
https://www.youtube.com/watch?v=tZp7JUwg3eo,CakeAssault,Forsburn,Jupiter,Orcane,Super Fusion #1,,2026-03-26 05:45:11+00:00
https://www.youtube.com/watch?v=JUvyEkt_lWU,Bbatts,Fleet,Animal,Etalus,Super Fusion #1,Top Cut,2026-03-26 05:45:13+00:00
https://www.youtube.com/watch?v=I-n7mH5KXCk,Beastly,Zetterburn,CheesyPotato,La Reina,Super Fusion #1,,2026-03-26 05:45:16+00:00
https://www.youtube.com/watch?v=NdabugZWMqE,Yoda Cage,Absa,HamPolo,Zetterburn,Super Fusion #1,Top Cut,2026-03-26 05:45:18+00:00
https://www.youtube.com/watch?v=YXXsx7RDvXY,Animal,Etalus,Sandstorm,Galvan,Super Fusion #1,Top Cut,2026-03-26 05:45:22+00:00
https://www.youtube.com/watch?v=cdheKhvmA7o,CakeAssault,Forsburn,toothbrush,Ranno,Super Fusion #1,,2026-03-26 05:45:26+00:00
https://www.youtube.com/watch?v=yeIQfeaaf9A,Yoda Cage,Absa,NatySolo,Orcane,Super Fusion #1,Top Cut,2026-03-26 05:45:28+00:00
https://www.youtube.com/watch?v=vGFey3FK_Yg,CheesyPotato,La Reina,HyperFlame,Zetterburn,Super Fusion #1,,2026-03-26 05:45:34+00:00
https://www.youtube.com/watch?v=I_hz6VRIlEE,CakeAssault,Fleet,Animal,Etalus,Super Fusion #1,Top 8,2026-03-26 05:45:44+00:00
https://www.youtube.com/watch?v=BVV3OCCsAHs,CheesyPotato,La Reina,Yoda Cage,Absa,Super Fusion #1,Top 8,2026-03-26 05:45:47+00:00
https://www.youtube.com/watch?v=A4wa2Ay4jhI,Beastly,Zetterburn,HamPolo,Galvan,Super Fusion #1,Top 8,2026-03-26 05:45:53+00:00
https://www.youtube.com/watch?v=g5UdRzVZuZw,Jupiter,Orcane,Yoda Cage,Absa,Super Fusion #1,Top 8,2026-03-26 05:45:56+00:00
https://www.youtube.com/watch?v=bpPJkW1SP-Q,HamPolo,Galvan,CakeAssault,Forsburn,Super Fusion #1,Top 8,2026-03-26 05:45:58+00:00
https://www.youtube.com/watch?v=u4UWpg9d8Sg,CakeAssault,Fleet,Jupiter,Orcane,Super Fusion #1,Top 8,2026-03-26 05:46:01+00:00
https://www.youtube.com/watch?v=qglusyW2sYg,Bbatts,Fleet,CakeAssault,Forsburn,Super Fusion #1,Top 8,2026-03-26 05:46:06+00:00
https://www.youtube.com/watch?v=LTLo3jYYzCE,Markrealth,Etalus,AliceisAdjective,Maypul,Straight Into The Abyss #42,Wnrs Rd 1,2026-03-26 15:04:58+00:00
https://www.youtube.com/watch?v=Zqhi2FRS1Ao,Turnap,Ranno,Drewsephix,Orcane,Straight Into The Abyss #42,Wnrs Rd 2,2026-03-26 15:05:22+00:00
https://www.youtube.com/watch?v=12el2_RxX08,Viviana,Galvan,Nori,Absa,Straight Into The Abyss #42,Wnrs Qrts,2026-03-26 15:05:50+00:00
https://www.youtube.com/watch?v=mvI1mJwX_dc,Viviana,Galvan,SapphireGD,Zetterburn,Straight Into The Abyss #42,Wnrs Semi,2026-03-26 15:06:16+00:00
https://www.youtube.com/watch?v=cqXUveCjMPk,Sophilo,Zetterburn,Turnap,Ranno,Straight Into The Abyss #42,Wnrs Semi,2026-03-26 15:06:50+00:00
https://www.youtube.com/watch?v=S9ljdrA5En8,SapphireGD,Zetterburn,Sophilo,Zetterburn,Straight Into The Abyss #42,Wnrs Final,2026-03-26 15:07:14+00:00
https://www.youtube.com/watch?v=2Bc6ToQH8AE,Viviana,Kragg,Gab,La Reina,Straight Into The Abyss #42,Lsrs Qrts,2026-03-26 15:07:35+00:00
https://www.youtube.com/watch?v=bzBmbxGO6qk,Nori,Absa,Viviana,Loxodont,Straight Into The Abyss #42,Lsrs Semi,2026-03-26 15:08:01+00:00
https://www.youtube.com/watch?v=vghPgrCkjHc,Sophilo,Zetterburn,Viviana,Loxodont,Straight Into The Abyss #42,Lsrs Final,2026-03-26 15:08:56+00:00
https://www.youtube.com/watch?v=57osYMdKeI0,Sophilo,Zetterburn,SapphireGD,Zetterburn,Straight Into The Abyss #42,Grand Finals,2026-03-26 15:09:36+00:00
https://www.youtube.com/watch?v=0hS3x52qTr8,Oljace,Forsburn,Landon,Clairen,Go For Gold,Winners Quarters,2026-03-28 21:15:28+00:00
https://www.youtube.com/watch?v=JhVHIF2yJf8,Oljace,Forsburn,Love Tub,Etalus,Go For Gold,Losers Round 4,2026-03-28 21:23:29+00:00
https://www.youtube.com/watch?v=heIdTx_vU2g,Sean Sorey,Clairen,Landon,Clairen,Go For Gold,Winners Semis,2026-03-28 21:24:21+00:00
https://www.youtube.com/watch?v=2kBnnGqtSek,Hunter,Maypul,Franzwa,Galvan,Go For Gold,Winners Semis,2026-03-28 21:25:49+00:00
https://www.youtube.com/watch?v=x_T2pQzkHdc,Landon,Clairen,Hunter,Maypul,Go For Gold,Winners Finals,2026-03-28 21:26:18+00:00
https://www.youtube.com/watch?v=YvKFdzavtsc,DDon,Loxodont,Franzwa,Galvan,Go For Gold,Losers Quarters,2026-03-28 21:27:06+00:00
https://www.youtube.com/watch?v=3eYNZhS5Pig,Sean Sorey,Clairen,Franzwa,Galvan,Go For Gold,Losers Semis,2026-03-28 21:27:22+00:00
https://www.youtube.com/watch?v=RX8jWvX5UB0,Hunter,Maypul,Franzwa,Galvan,Go For Gold,Losers Finals,2026-03-28 21:27:47+00:00
https://www.youtube.com/watch?v=2u0MnzrPEpk,Landon,Clairen,Hunter,Maypul,Go For Gold,Grand Finals,2026-03-28 21:30:03+00:00
https://www.youtube.com/watch?v=sDUpD3PZfWg,JohnWick3,Clairen,Oljace,Forsburn,Go For Gold,Winners Round 2,2026-03-28 21:31:14+00:00
https://www.youtube.com/watch?v=c3Ro4TyTHB0,Franzwa,Galvan,Delectron,Zetterburn,Go For Gold,Winners Quarters,2026-03-28 21:31:39+00:00
https://www.youtube.com/watch?v=DdXcMi6FFnE,Trotical,Galvan,JohnWick3,Clairen,Go For Gold,Losers Round 2,2026-03-28 21:31:59+00:00
https://www.youtube.com/watch?v=q-SS9H-BwF4,Sean Sorey,La Reina,Supper,La Reina,Go For Gold,Winners Round 1,2026-03-28 21:34:49+00:00
https://www.youtube.com/watch?v=m3YZ3JYkWMA,ybm,Wrastor,Watherum,Ranno,Immortal Fight Night #269,Rnd Rbn,2026-03-31 14:37:36+00:00
https://www.youtube.com/watch?v=jOWOqWZ_sj4,Average Alex,Random,ybm,Wrastor,Immortal Fight Night #269,Rnd Rbn,2026-03-31 14:38:16+00:00
https://www.youtube.com/watch?v=RJjoOgwsyyI,Watherum,Ranno,Average Alex,Random,Immortal Fight Night #269,Rnd Rbn,2026-03-31 14:38:49+00:00
https://www.youtube.com/watch?v=gnbJljNjqsU,Love Tub,Random,The Football,Random,Run The Rivals #50,Winners Round 1,2026-03-31 23:00:11+00:00
https://www.youtube.com/watch?v=p_B281h_bd8,Hunter,Maypul,Oljace,Forsburn,Run The Rivals #50,Winners Quarters,2026-03-31 23:00:11+00:00
https://www.youtube.com/watch?v=zJWGIGwT24o,Failbot,Clairen,Phug,Kragg,Run The Rivals #50,Winners Quarters,2026-03-31 23:00:11+00:00
https://www.youtube.com/watch?v=j2aIYuMzBao,Landon,Clairen,Sean Sorey,Clairen,Run The Rivals #50,Winners Semis,2026-03-31 23:00:11+00:00
https://www.youtube.com/watch?v=lb6ZtLTQNas,Hunter,Maypul,Failbot,Clairen,Run The Rivals #50,Winners Semis,2026-03-31 23:00:11+00:00
https://www.youtube.com/watch?v=1ZyDcORN0ns,Phug,Kragg,Oljace,Forsburn,Run The Rivals #50,Losers Top 8,2026-03-31 23:00:11+00:00
https://www.youtube.com/watch?v=GGwkH1yHRxQ,Hunter,Maypul,Franzwa,Loxodont,Run The Rivals #50,Losers Quarters,2026-03-31 23:00:11+00:00
https://www.youtube.com/watch?v=SK3pnfhZZZQ,Landon,Clairen,Failbot,Clairen,Run The Rivals #50,Winners Finals,2026-03-31 23:00:11+00:00
https://www.youtube.com/watch?v=yZIc-4RDVdk,Hunter,Maypul,Sean Sorey,Clairen,Run The Rivals #50,Losers Semis,2026-03-31 23:00:11+00:00
https://www.youtube.com/watch?v=qgGty2_glEc,Sean Sorey,Clairen,Failbot,Clairen,Run The Rivals #50,Losers Finals,2026-03-31 23:00:11+00:00
https://www.youtube.com/watch?v=v3pyGVZ3arI,Landon,Clairen,Failbot,Clairen,Run The Rivals #50,Grand Finals,2026-03-31 23:00:11+00:00
https://www.youtube.com/watch?v=WRz6nAkDUxs,Phug,Wrastor,sans.,Loxodont,Run The Rivals #51,Winners R1,2026-04-01 02:05:25+00:00
https://www.youtube.com/watch?v=KgXQh8hfnko,Sean Sorey,Clairen,Phug,Wrastor,Run The Rivals #51,Losers Quarters,2026-04-01 02:05:25+00:00
https://www.youtube.com/watch?v=y-IdVXh8SGM,Hunter,Maypul,Sean Sorey,Clairen,Run The Rivals #51,Winners Semis,2026-04-01 02:05:25+00:00
https://www.youtube.com/watch?v=DNY1nuGv4Cw,Landon,Clairen,sans.,Loxodont,Run The Rivals #51,Winners Semis,2026-04-01 02:05:25+00:00
https://www.youtube.com/watch?v=vWRqrSMwSeo,Hunter,Maypul,Lake,Forsburn,Run The Rivals #51,Winners R1,2026-04-01 02:05:25+00:00
https://www.youtube.com/watch?v=FTM2WwWe9OE,Sean Sorey,Clairen,Landon,Clairen,Run The Rivals #51,Losers Finals,2026-04-01 02:05:25+00:00
https://www.youtube.com/watch?v=e-US-aAwv74,Landon,Clairen,Hunter,Maypul,Run The Rivals #51,Winners Finals,2026-04-01 02:05:25+00:00
https://www.youtube.com/watch?v=FhGDWGiO01Y,Hunter,Maypul,Landon,Clairen,Run The Rivals #51,Grand Finals,2026-04-01 02:05:25+00:00
https://www.youtube.com/watch?v=kd3uRWqm2yU,Sean Sorey,Clairen,sans.,Loxodont,Run The Rivals #51,Losers Semis,2026-04-01 02:05:25+00:00
https://www.youtube.com/watch?v=q5heoLK5qi0,jees,Orcane,Entropy,Absa,Straight Into The Abyss #43,Wnrs Rd 1,2026-04-02 03:30:01+00:00
https://www.youtube.com/watch?v=JNh66KECejE,Grunk,Zetterburn,Markrealth,Etalus,Straight Into The Abyss #43,Wnrs Rd 2,2026-04-02 03:30:44+00:00
https://www.youtube.com/watch?v=u_07d5WvDF4,F4keNotR3al,Loxodont,Z_hime,Absa,Straight Into The Abyss #43,Wnrs Qrts,2026-04-02 03:31:14+00:00
https://www.youtube.com/watch?v=5UsfT-a3dRQ,Viviana,La Reina,Turnap,Ranno,Straight Into The Abyss #43,Wnrs Semi,2026-04-02 03:32:15+00:00
https://www.youtube.com/watch?v=ilwk5JdnvG4,Z_hime,Absa,Landkon2,Galvan,Straight Into The Abyss #43,Wnrs Semi,2026-04-02 03:32:43+00:00
https://www.youtube.com/watch?v=ZjbWlS1HFgk,Viviana,Galvan,Landkon2,Galvan,Straight Into The Abyss #43,Wnrs Final,2026-04-02 03:33:11+00:00
https://www.youtube.com/watch?v=ZLsrnOHYMAU,Z_hime,Absa,Gab,La Reina,Straight Into The Abyss #43,Lsrs Qrts,2026-04-02 03:33:41+00:00
https://www.youtube.com/watch?v=YwP3jQiUMts,Shard,Fleet,Z_hime,Absa,Straight Into The Abyss #43,Lsrs Semi,2026-04-02 03:34:05+00:00
https://www.youtube.com/watch?v=yTcWaO47Ce4,Landkon2,Galvan,Z_hime,Absa,Straight Into The Abyss #43,Lsrs Final,2026-04-02 03:34:24+00:00
https://www.youtube.com/watch?v=CjBRTWcKTL4,Viviana,Loxodont,Landkon2,Galvan,Straight Into The Abyss #43,Grand Finals,2026-04-02 03:34:41+00:00
https://www.youtube.com/watch?v=LVIT2oqqCDQ,Abraman,Clairen,Xena,Fleet,Split Neutral #47,Winners Semifinals,2026-04-02 05:01:15+00:00
https://www.youtube.com/watch?v=y7Rt4NJD9rY,Cerulean,La Reina,Tak,Olympia,Split Neutral #47,Grand Finals,2026-04-02 05:02:10+00:00
https://www.youtube.com/watch?v=rRDecizTAPw,Cerulean,La Reina,Tak,Olympia,Split Neutral #47,Winners Semifinals,2026-04-02 05:02:53+00:00
https://www.youtube.com/watch?v=wcugW2HuA0g,Tak,Olympia,Isaiah,Etalus,Split Neutral #47,Winners Round 1,2026-04-02 05:03:52+00:00
https://www.youtube.com/watch?v=NYVhV-DiDW0,Tak,Olympia,Xena,Fleet,Split Neutral #47,Winners Finals,2026-04-02 05:04:31+00:00
https://www.youtube.com/watch?v=BoPFLSDL2ps,SolarBeam,Loxodont,vooni,Fleet,Fusion #289,Winners Quarter-Final,2026-04-02 17:57:39+00:00
https://www.youtube.com/watch?v=SYLeNu_3O0E,Yoda Cage,Absa,edith,Clairen,Fusion #289,Winners Semi-Final,2026-04-02 18:02:33+00:00
https://www.youtube.com/watch?v=pM4JfO8s-q8,Bbatts,Fleet,vooni,Fleet,Fusion #289,Winners Semi-Final,2026-04-02 18:03:21+00:00
https://www.youtube.com/watch?v=561tOQEi8WA,Bbatts,Fleet,edith,Clairen,Fusion #289,Winners Final,2026-04-02 18:04:30+00:00
https://www.youtube.com/watch?v=GSgxGcZTClU,Bbatts,Fleet,edith,Clairen,Fusion #289,Grand Finals,2026-04-02 18:11:04+00:00
https://www.youtube.com/watch?v=27ob5wJNeaY,Air Gordon,Zetterburn,MarkyFresh,Loxodont,Rushdown,Winners Round 2,2026-04-07 00:31:46+00:00
https://www.youtube.com/watch?v=H6nQGMIZpjg,Stuffy,Wrastor,toothbrush,Galvan,Rushdown,Winners Round 2,2026-04-07 00:31:46+00:00
https://www.youtube.com/watch?v=B8Wkir0xtPQ,CheesyPotato,Kragg,Sky,Kragg,Rushdown,Winners Round 3,2026-04-07 00:31:46+00:00
https://www.youtube.com/watch?v=GZj1yWqmNlc,Aurora,Absa,HamPolo,Zetterburn,Rushdown,Winners Round 3,2026-04-07 00:31:46+00:00
https://www.youtube.com/watch?v=tJYYAuui7p0,clementine,Clairen,Okzz,Loxodont,Rushdown,Winners Round 3,2026-04-07 00:31:46+00:00
https://www.youtube.com/watch?v=fKvarngfDJ8,HamPolo,Zetterburn,toothbrush,Ranno,Rushdown,Winners Quarters,2026-04-07 00:31:46+00:00
https://www.youtube.com/watch?v=3cHPq_NUv8Q,CheesyPotato,Kragg,Mr. Y?,Olympia,Rushdown,Winners Quarters,2026-04-07 00:31:46+00:00
https://www.youtube.com/watch?v=l09JOVk_Wl4,Gekkingga,Loxodont,Okzz,Loxodont,Rushdown,Winners Quarters,2026-04-07 00:31:46+00:00
https://www.youtube.com/watch?v=rVcea8n2AbU,Sparky,Maypul,Okzz,Loxodont,Rushdown,Losers Top 8,2026-04-07 00:31:46+00:00
https://www.youtube.com/watch?v=JJmc2-f5ztU,HamPolo,Zetterburn,vooni,Fleet,Rushdown,Losers Top 8,2026-04-07 00:31:46+00:00
https://www.youtube.com/watch?v=bReT_0sewJI,CakeAssault,Fleet,toothbrush,Ranno,Rushdown,Winners Semis,2026-04-07 00:31:46+00:00
https://www.youtube.com/watch?v=PdKHOIz9eJM,CheesyPotato,Kragg,Gekkingga,Loxodont,Rushdown,Winners Semis,2026-04-07 00:31:46+00:00
https://www.youtube.com/watch?v=48CLOdlHC5k,Okzz,Loxodont,toothbrush,Ranno,Rushdown,Losers Quarters,2026-04-07 00:31:46+00:00
https://www.youtube.com/watch?v=1LkOs9uSDeo,Gekkingga,Loxodont,HamPolo,Zetterburn,Rushdown,Losers Quarters,2026-04-07 00:31:46+00:00
https://www.youtube.com/watch?v=1k1wSHA8Uco,CheesyPotato,Kragg,CakeAssault,Kragg,Rushdown,Winners Finals,2026-04-07 00:31:46+00:00
https://www.youtube.com/watch?v=KWcIwqanoUw,Okzz,Loxodont,HamPolo,Zetterburn,Rushdown,Losers Semis,2026-04-07 00:31:46+00:00
https://www.youtube.com/watch?v=dbszhwT3j4g,HamPolo,Zetterburn,CheesyPotato,Kragg,Rushdown,Losers Finals,2026-04-07 00:31:46+00:00
https://www.youtube.com/watch?v=eMlxkbkd9fw,CakeAssault,Kragg,CheesyPotato,Kragg,Rushdown,Grand Finals,2026-04-07 00:31:46+00:00
https://www.youtube.com/watch?v=RnI4hXBZ898,Love Tub,Slade,PenguinPro,Orcane,Run The Rivals #52,Winners R1,2026-04-08 03:12:07+00:00
https://www.youtube.com/watch?v=ZOiznRRkvgo,Landon,Clairen,PenguinPro,Orcane,Run The Rivals #52,Winners Quarters,2026-04-08 03:12:07+00:00
https://www.youtube.com/watch?v=7SXMdINpqts,Sean Sorey,Clairen,Phug,Wrastor,Run The Rivals #52,Winners Quarters,2026-04-08 03:12:07+00:00
https://www.youtube.com/watch?v=6zN6YSCe0Vg,Love Tub,Slade,Franzwa,Etalus,Run The Rivals #52,Losers Round 2,2026-04-08 03:12:07+00:00
https://www.youtube.com/watch?v=_ZEl75hP1p8,Sean Sorey,Slade,Landon,Clairen,Run The Rivals #52,Winners Semis,2026-04-08 03:12:07+00:00
https://www.youtube.com/watch?v=RkWWdcsuZmE,Hunter,Maypul,sans.,Loxodont,Run The Rivals #52,Winners Semis,2026-04-08 03:12:07+00:00
https://www.youtube.com/watch?v=vCMmiz7lk3I,Sean Sorey,Clairen,Franzwa,Etalus,Run The Rivals #52,Losers Quarters,2026-04-08 03:12:07+00:00
https://www.youtube.com/watch?v=Kn1sX9u6OKQ,sans.,Loxodont,Phug,Wrastor,Run The Rivals #52,Losers Quarters,2026-04-08 03:12:07+00:00
https://www.youtube.com/watch?v=rBdbHzyBO_A,Hunter,Maypul,Landon,Clairen,Run The Rivals #52,Winners Finals,2026-04-08 03:12:07+00:00
https://www.youtube.com/watch?v=VxsmqbMfroo,Franzwa,Etalus,sans.,Loxodont,Run The Rivals #52,Losers Semis,2026-04-08 03:12:07+00:00
https://www.youtube.com/watch?v=2skra8VKJpk,Landon,Clairen,Franzwa,Galvan,Run The Rivals #52,Losers Finals,2026-04-08 03:12:07+00:00
https://www.youtube.com/watch?v=nIiRPStY9I4,Hunter,Maypul,Landon,Clairen,Run The Rivals #52,Grand Finals,2026-04-08 03:12:07+00:00
https://www.youtube.com/watch?v=7r9-tWhBIHk,Sh-Awe,Galvan,Watherum,Ranno,Immortal Fight Night #270,Wnrs Qrts,2026-04-08 04:51:20+00:00
https://www.youtube.com/watch?v=EIA35jemYvg,Watherum,Ranno,ybm,Wrastor,Immortal Fight Night #270,Wnrs Semi,2026-04-08 04:57:03+00:00
https://www.youtube.com/watch?v=1eeiSn3hk_k,Grunk,Zetterburn,Average Alex,Ranno,Immortal Fight Night #270,Wnrs Semi,2026-04-08 04:57:54+00:00
https://www.youtube.com/watch?v=kpli4dQiAdw,ybm,Wrastor,Average Alex,Ranno,Immortal Fight Night #270,Wnrs Final,2026-04-08 04:58:20+00:00
https://www.youtube.com/watch?v=s03OVnaA01o,Grunk,Zetterburn,Watherum,Ranno,Immortal Fight Night #270,Lsrs Semi,2026-04-08 05:02:15+00:00
https://www.youtube.com/watch?v=UcCzVdRgh2Q,Grunk,Zetterburn,ybm,Wrastor,Immortal Fight Night #270,Lsrs Final,2026-04-08 05:02:45+00:00
https://www.youtube.com/watch?v=B4IXoKY-I9Q,Average Alex,Random,Grunk,Zetterburn,Immortal Fight Night #270,Grand Finals,2026-04-08 05:03:10+00:00
https://www.youtube.com/watch?v=YSSD0m93Y-w,Suture,Ranno,Mask,Forsburn,Straight Into The Abyss #44,Wnrs Rd 2,2026-04-09 15:05:47+00:00
https://www.youtube.com/watch?v=QRwny5oK9H8,SapphireGD,Zetterburn,Monocle GS,Maypul,Straight Into The Abyss #44,Wnrs Rd 2,2026-04-09 15:06:48+00:00
https://www.youtube.com/watch?v=IRDLTtDl2KU,Drewsephix,Slade,SapphireGD,Zetterburn,Straight Into The Abyss #44,Wnrs Qrts,2026-04-09 15:07:24+00:00
https://www.youtube.com/watch?v=xulgU-3HzPM,Suture,Ranno,Viviana,Galvan,Straight Into The Abyss #44,Wnrs Qrts,2026-04-09 15:07:45+00:00
https://www.youtube.com/watch?v=9jo0uF-Me_Y,Viviana,Galvan,Ana Hajarajanaan,Clairen,Straight Into The Abyss #44,Wnrs Semi,2026-04-09 15:08:18+00:00
https://www.youtube.com/watch?v=HgOrlb2Ka4M,SapphireGD,Zetterburn,Shard,Fleet,Straight Into The Abyss #44,Wnrs Semi,2026-04-09 15:08:40+00:00
https://www.youtube.com/watch?v=uLpyRALmGak,SapphireGD,Zetterburn,Viviana,Galvan,Straight Into The Abyss #44,Wnrs Final,2026-04-09 15:09:01+00:00
https://www.youtube.com/watch?v=s7KgJQRgGdA,Ana Hajarajanaan,Clairen,Shard,Fleet,Straight Into The Abyss #44,Lsrs Semi,2026-04-09 15:09:23+00:00
https://www.youtube.com/watch?v=S3xOHJx3nEM,Viviana,Loxodont,Ana Hajarajanaan,Clairen,Straight Into The Abyss #44,Lsrs Final,2026-04-09 15:09:45+00:00
https://www.youtube.com/watch?v=tafuO3JbCy4,Viviana,Galvan,SapphireGD,Zetterburn,Straight Into The Abyss #44,Grand Finals,2026-04-09 15:10:08+00:00
https://www.youtube.com/watch?v=FRFwfhVwbkg,CoinFish,Kragg,Kravdrat,Forsburn,RAM RAMPAGE PRIME,Winners Quarter-Final,2026-04-10 17:43:03+00:00
https://www.youtube.com/watch?v=T1p1yQzPmmE,CakeAssault,Fleet,Kayso789,Loxodont,RAM RAMPAGE PRIME,Winners Quarter-Final,2026-04-10 17:43:36+00:00
https://www.youtube.com/watch?v=lA_cRUrG8aI,CakeAssault,Fleet,OreoCookie,Maypul,RAM RAMPAGE PRIME,Winners Semi-Final,2026-04-10 17:51:38+00:00
https://www.youtube.com/watch?v=jz-PX-4aDck,CakeAssault,Fleet,CoinFish,Clairen,RAM RAMPAGE PRIME,Winners Final,2026-04-10 17:53:07+00:00
https://www.youtube.com/watch?v=4CL6bllQB5E,OreoCookie,Maypul,RR,Etalus,RAM RAMPAGE PRIME,Losers Semi-Final,2026-04-10 17:54:02+00:00
https://www.youtube.com/watch?v=ojqCCDiDKIg,CoinFish,Kragg,OreoCookie,Maypul,RAM RAMPAGE PRIME,Losers Final,2026-04-10 17:55:15+00:00
https://www.youtube.com/watch?v=tKfoc7L_cP8,CakeAssault,Fleet,OreoCookie,Maypul,RAM RAMPAGE PRIME,GRAND FINAL,2026-04-10 17:55:49+00:00
https://www.youtube.com/watch?v=B554UfeIT4s,aubreyclo,Maypul,Ev,Kragg,Fusion #290,Winners Quarter-Final,2026-04-13 02:33:25+00:00
https://www.youtube.com/watch?v=W57h5b61bWU,vooni,Fleet,edith,Clairen,Fusion #290,Winners Quarter-Final,2026-04-13 02:33:39+00:00
https://www.youtube.com/watch?v=R2LnHUhpmq0,aubreyclo,Maypul,nard,Clairen,Fusion #290,Winners Semi-Final,2026-04-13 02:34:13+00:00
https://www.youtube.com/watch?v=3uzhPlfRrpw,HamPolo,Ranno,edith,Clairen,Fusion #290,Winners Semi-Final,2026-04-13 02:34:31+00:00
https://www.youtube.com/watch?v=iKUINYGYM54,HamPolo,Ranno,nard,Clairen,Fusion #290,Winners Final,2026-04-13 02:34:45+00:00
https://www.youtube.com/watch?v=KY0CKiOViaM,edith,Clairen,aubreyclo,Maypul,Fusion #290,Losers Semi-Final,2026-04-13 02:35:04+00:00
https://www.youtube.com/watch?v=UnhuN3yxFKI,nard,Clairen,edith,Clairen,Fusion #290,Losers Final,2026-04-13 02:35:17+00:00
https://www.youtube.com/watch?v=rAxCCFZS6ns,HamPolo,Ranno,edith,Clairen,Fusion #290,Grand Finals,2026-04-13 02:35:30+00:00
https://www.youtube.com/watch?v=jDaHl2-PsFU,Sourkroutt,Clairen,Bowler,Clairen,Immortal Fight Night #271,Wnrs Qrts,2026-04-14 03:08:48+00:00
https://www.youtube.com/watch?v=SvclyeMHsSA,Watherum,Ranno,Grunk,Zetterburn,Immortal Fight Night #271,Wnrs Qrts,2026-04-14 03:10:26+00:00
https://www.youtube.com/watch?v=AvIMVDLaiko,Bowler,Clairen,ybm,Wrastor,Immortal Fight Night #271,Wnrs Semi,2026-04-14 03:10:49+00:00
https://www.youtube.com/watch?v=FyNAWp5_daw,Grunk,Zetterburn,Average Alex,Slade,Immortal Fight Night #271,Wnrs Semi,2026-04-14 03:11:28+00:00
https://www.youtube.com/watch?v=qqTZnvw40II,Grunk,Zetterburn,Bowler,Clairen,Immortal Fight Night #271,Wnrs Final,2026-04-14 03:21:26+00:00
https://www.youtube.com/watch?v=yo2El1uNPvs,Average Alex,Slade,ybm,Wrastor,Immortal Fight Night #271,Lsrs Semi,2026-04-14 03:21:46+00:00
https://www.youtube.com/watch?v=0T2TUi4vV9I,Average Alex,Slade,Grunk,Zetterburn,Immortal Fight Night #271,Lsrs Final,2026-04-14 03:22:06+00:00
https://www.youtube.com/watch?v=8A4pbCTMlBo,Bowler,Clairen,Average Alex,Slade,Immortal Fight Night #271,Grand Finals,2026-04-14 03:23:56+00:00
https://www.youtube.com/watch?v=zfNIbtDscrI,The Football,Etalus,Lake,Forsburn,Run The Rivals #53,Winners R1,2026-04-15 02:10:01+00:00
https://www.youtube.com/watch?v=SzRgVFi5ffs,Landon,Clairen,Franzwa,Slade,Run The Rivals #53,Winners Semis,2026-04-15 02:10:01+00:00
https://www.youtube.com/watch?v=tq1SHiXhIto,Hunter,Ranno,The Football,Slade,Run The Rivals #53,Winners Semis,2026-04-15 02:10:01+00:00
https://www.youtube.com/watch?v=7nvOH3z86y0,Franzwa,Slade,Lake,Forsburn,Run The Rivals #53,Losers Quarters,2026-04-15 02:10:01+00:00
https://www.youtube.com/watch?v=mQCrJwxdQso,Hunter,Maypul,Landon,Clairen,Run The Rivals #53,Winners Finals,2026-04-15 02:10:01+00:00
https://www.youtube.com/watch?v=8ClxgQRiTB8,Franzwa,Slade,The Football,Etalus,Run The Rivals #53,Losers Semis,2026-04-15 02:10:01+00:00
https://www.youtube.com/watch?v=eY5P4zioqXk,Franzwa,Slade,Hunter,Maypul,Run The Rivals #53,Losers Finals,2026-04-15 02:10:01+00:00
https://www.youtube.com/watch?v=KY92oYGLX1A,Hunter,Maypul,Landon,Clairen,Run The Rivals #53,Grand Finals,2026-04-15 02:10:01+00:00
https://www.youtube.com/watch?v=pzzDO1ycQ8w,Air Gordon,Fleet,Mrperson,Fleet,Fusion #291,Winners Round 1,2026-04-15 03:14:59+00:00
https://www.youtube.com/watch?v=ocIAw4vX99c,CheesyPotato,La Reina,MuttNut,Forsburn,Fusion #291,Winners Quarter-Final,2026-04-15 03:15:01+00:00
https://www.youtube.com/watch?v=rXwX0lg25Kw,HamPolo,Clairen,Vooni,Slade,Fusion #291,Winners Semi-Final,2026-04-15 03:15:03+00:00
https://www.youtube.com/watch?v=fWnoYy3A1TI,aubreyclo,Maypul,CheesyPotato,La Reina,Fusion #291,Winners Semi-Final,2026-04-15 03:15:05+00:00
https://www.youtube.com/watch?v=AiaznVA7q7k,HamPolo,Slade,aubreyclo,Maypul,Fusion #291,Winners Final,2026-04-15 03:15:07+00:00
https://www.youtube.com/watch?v=ymo11tGZD9g,Gekkingga,La Reina,CheesyPotato,Loxodont,Fusion #291,Losers Semi-Final,2026-04-15 03:15:11+00:00
https://www.youtube.com/watch?v=Zjhe_vyOHTc,aubreyclo,Maypul,Gekkingga,Loxodont,Fusion #291,Losers Final,2026-04-15 03:15:13+00:00
https://www.youtube.com/watch?v=AlVqWYNZg08,HamPolo,Slade,Gekkingga,Loxodont,Fusion #291,Grand Final,2026-04-15 03:15:15+00:00
https://www.youtube.com/watch?v=oPpnQVUsJ84,Sh-Awe,Galvan,Landkon2,Galvan,Straight Into The Abyss #45,Wnrs Rd 2,2026-04-16 07:07:24+00:00
https://www.youtube.com/watch?v=MzRk8yWmCY8,Rx,Clairen,Nimbus,Slade,Straight Into The Abyss #45,Wnrs Rd 2,2026-04-16 07:08:31+00:00
https://www.youtube.com/watch?v=CKb8Mugu35M,Sophilo,Zetterburn,Lucent,Orcane,Straight Into The Abyss #45,Wnrs Qrts,2026-04-16 07:08:54+00:00
https://www.youtube.com/watch?v=SVX4FPwmQwY,SapphireGD,Zetterburn,Shard,Fleet,Straight Into The Abyss #45,Wnrs Semi,2026-04-16 07:09:20+00:00
https://www.youtube.com/watch?v=XgNr_abz8fY,Turnap,Ranno,Sophilo,Zetterburn,Straight Into The Abyss #45,Wnrs Semi,2026-04-16 07:09:52+00:00
https://www.youtube.com/watch?v=cI06yfYqQDY,SapphireGD,Zetterburn,Sophilo,Zetterburn,Straight Into The Abyss #45,Wnrs Final,2026-04-16 07:12:11+00:00
https://www.youtube.com/watch?v=2sYKiMq3GXw,Turnap,Ranno,Shard,Fleet,Straight Into The Abyss #45,Lsrs Semi,2026-04-16 07:13:00+00:00
https://www.youtube.com/watch?v=2mC_v5m-gdw,Shard,Fleet,SapphireGD,Zetterburn,Straight Into The Abyss #45,Lsrs Final,2026-04-16 07:13:32+00:00
https://www.youtube.com/watch?v=f_KDOOqH7eY,Sophilo,Zetterburn,SapphireGD,Zetterburn,Straight Into The Abyss #45,Grand Finals,2026-04-16 07:14:00+00:00
https://www.youtube.com/watch?v=0AaazblFCnU,NS | Viviana,La Reina,POA | Kala :3,Ranno,RAVN Rumble #1,Winners Round 2,2026-04-17 02:18:40+00:00
https://www.youtube.com/watch?v=IBt6WgyhAdA,GTH | Skunkle,Loxodont,WHET | Junee BONEPLATING,Galvan,RAVN Rumble #1,Winners QF,2026-04-17 02:19:21+00:00
https://www.youtube.com/watch?v=KvoGpiKln3w,Landkon2,Slade,AoC | SapphireGD,Zetterburn,RAVN Rumble #1,Winners Semi-Final,2026-04-17 02:28:03+00:00
https://www.youtube.com/watch?v=aWK5gPcycFM,NS | Viviana,La Reina,Landkon2,Slade,RAVN Rumble #1,Losers Finals,2026-04-17 02:34:51+00:00
https://www.youtube.com/watch?v=ymqE2dlts0I,AOC | SapphireGD,Zetterburn,NS | Viviana,La Reina,RAVN Rumble #1,Winners Finals,2026-04-17 02:35:19+00:00
https://www.youtube.com/watch?v=CIsoa0ygeT8,Nofin,Absa,ÑFC | Juansolo,Loxodont,RAVN Rumble #1,Losers Round 4,2026-04-17 02:35:34+00:00
https://www.youtube.com/watch?v=h7Eez6AoPT8,GTH | Skunkle,Loxodont,ÑFC | Juansolo,Loxodont,RAVN Rumble #1,Losers QF,2026-04-17 02:35:46+00:00
https://www.youtube.com/watch?v=_IC6HtrUW3k,Landkon2,Slade,ÑFC | Juansolo,Loxodont,RAVN Rumble #1,Losers Semi-Final,2026-04-17 02:35:46+00:00
https://www.youtube.com/watch?v=evhzIb7VsII,AoC | SapphireGD,Zetterburn,NS | Viviana,Galvan,RAVN Rumble #1,Grand Finals,2026-04-17 02:35:46+00:00
https://www.youtube.com/watch?v=01A2VbGTm6s,Aurora,Absa,Yuroobu,Orcane,LOTG: Rivals Online #1,Winners Round 1,2026-04-17 06:16:04+00:00
https://www.youtube.com/watch?v=Gnuf5gYTtsU,Sixth_Star,Ranno,Yuroobu,Orcane,LOTG: Rivals Online #1,Winners Round 2,2026-04-17 06:16:04+00:00
https://www.youtube.com/watch?v=8FI5zp4yB90,ZAP,Absa,Network50,Kragg,LOTG: Rivals Online #1,Losers Round 1,2026-04-17 06:16:30+00:00
https://www.youtube.com/watch?v=GZkQ8qyu55k,Z_Hime,Absa,DaTrueCommander,Kragg,LOTG: Rivals Online #1,Winners Round 2,2026-04-17 06:16:30+00:00
https://www.youtube.com/watch?v=Em74CrJCE5c,Oneoutkast,Kragg,Vai,Maypul,LOTG: Rivals Online #1,Losers Semi-Final,2026-04-17 06:16:31+00:00
https://www.youtube.com/watch?v=INW4dyDGNW8,ReaverKing,Ranno,Fred Durst,Zetterburn,LOTG: Rivals Online #1,Winners Round 1,2026-04-17 06:16:31+00:00
https://www.youtube.com/watch?v=Crg1xW3HmJk,SparklingMiloticXD,Ranno,Fred Durst,Zetterburn,LOTG: Rivals Online #1,Losers Round 2,2026-04-17 06:16:31+00:00
https://www.youtube.com/watch?v=6iNmd9ggvSw,Network50,Kragg,DaTrueCommander,Kragg,LOTG: Rivals Online #1,Winners Round 1,2026-04-17 06:16:31+00:00
https://www.youtube.com/watch?v=7DeseHRjadg,Oneoutkast,Kragg,Z_Hime,Absa,LOTG: Rivals Online #1,Losers Final,2026-04-17 06:16:31+00:00
https://www.youtube.com/watch?v=B9hwmdkQpoc,Z_Hime,Absa,Windforce,Ranno,LOTG: Rivals Online #1,Winners Semi-Final,2026-04-17 06:16:31+00:00
https://www.youtube.com/watch?v=9tKL9nENLkA,Vai,Maypul,SapphireGD,Zetterburn,LOTG: Rivals Online #1,Winners Round 3,2026-04-17 06:16:31+00:00
https://www.youtube.com/watch?v=JGc9MlNHIyM,Windforce,Ranno,Nocturne,Clairen,LOTG: Rivals Online #1,Winners Quarter-Final,2026-04-17 06:16:31+00:00
https://www.youtube.com/watch?v=_e-AJJ-itAo,RivalsRatGod,Olympia,Thirstywench,Zetterburn,LOTG: Rivals Online #1,Winners Round 1,2026-04-17 06:16:33+00:00
https://www.youtube.com/watch?v=MwrHhRM2W6c,Vai,Maypul,Sixth_Star,Ranno,LOTG: Rivals Online #1,Losers Round 5,2026-04-17 06:16:33+00:00
https://www.youtube.com/watch?v=M-8lU48zp-8,Yuroobu,Orcane,Network50,Kragg,LOTG: Rivals Online #1,Losers Round 2,2026-04-17 06:16:33+00:00
https://www.youtube.com/watch?v=duVSt5KRrto,SapphireGD,Zetterburn,Z_Hime,Absa,LOTG: Rivals Online #1,Grand Final,2026-04-17 06:16:33+00:00
https://www.youtube.com/watch?v=M_wDIg6XG4A,DaTrueCommander,Kragg,Aurora,Absa,LOTG: Rivals Online #1,Losers Round 2,2026-04-17 06:16:33+00:00
https://www.youtube.com/watch?v=WK4IWUKkfBI,Z_Hime,Absa,SapphireGD,Zetterburn,LOTG: Rivals Online #1,Winners Final,2026-04-17 06:16:33+00:00
https://www.youtube.com/watch?v=QvKjuEvcy_Q,SapphireGD,Zetterburn,Oneoutkast,Kragg,LOTG: Rivals Online #1,Winners Semi-Final,2026-04-17 06:16:33+00:00
https://www.youtube.com/watch?v=XH6jhZnMrEE,Cicero,Maypul,ThirstyWench,Zetterburn,LOTG: Rivals Online #1,Losers Round 4,2026-04-17 06:16:33+00:00
https://www.youtube.com/watch?v=dF_mJtd5eR0,ZAP,Absa,Z_Hime,Absa,LOTG: Rivals Online #1,Winners Round 1,2026-04-17 06:16:33+00:00
https://www.youtube.com/watch?v=h38ZA18Jp6k,Oneoutkast,Kragg,Cicero,Maypul,LOTG: Rivals Online #1,Losers Quarter-Final,2026-04-17 06:16:34+00:00
https://www.youtube.com/watch?v=mELaGRPlZUw,SparklingMIloticXD,Ranno,Vai,Maypul,LOTG: Rivals Online #1,Losers Round 4,2026-04-17 06:16:34+00:00
https://www.youtube.com/watch?v=jlwzOwfX1bg,SparklingMiloticXD,Ranno,DaTrueCommander,Kragg,LOTG: Rivals Online #1,Losers Round 3,2026-04-17 06:16:34+00:00
https://www.youtube.com/watch?v=qdakcAZAnMo,Oneoutkast,Kragg,Sixth_Star,Ranno,LOTG: Rivals Online #1,Winners Quarter-Final,2026-04-17 06:16:34+00:00
https://www.youtube.com/watch?v=ujsim7nRd4A,Cicero,Maypul,Yuroobu,Orcane,LOTG: Rivals Online #1,Losers Round 5,2026-04-17 06:16:34+00:00
https://www.youtube.com/watch?v=eS-zcDFaf8U,SparklingMiloticXD,Ranno,Cicero,Maypul,LOTG: Rivals Online #1,Winners Round 2,2026-04-17 06:16:34+00:00
https://www.youtube.com/watch?v=mBcMHv-Li4I,ReaverKing,Ranno,Yuroobu,Orcane,LOTG: Rivals Online #1,Losers Round 3,2026-04-17 06:16:34+00:00
https://www.youtube.com/watch?v=fzO30d5xm_k,ReaverKing,Ranno,Oneoutkast,Kragg,LOTG: Rivals Online #1,Winners Round 2,2026-04-17 06:16:34+00:00
https://www.youtube.com/watch?v=g-y5UKO70ME,Cicero,Maypul,Z_Hime,Absa,LOTG: Rivals Online #1,Winners Quarter-Final,2026-04-17 06:16:34+00:00
https://www.youtube.com/watch?v=glu2c7PRfkk,Yuroobu,Orcane,Nocturne,Clairen,LOTG: Rivals Online #1,Losers Round 4,2026-04-17 06:16:35+00:00
https://www.youtube.com/watch?v=q98j6pCw3TY,Mynttie,Fleet,SBG | Cerulean,La Reina,Blazing Battlefield #8,Round 2,2026-04-18 06:25:49+00:00
https://www.youtube.com/watch?v=I97-LbS6I_g,Xena,Fleet,kapl,Clairen,Blazing Battlefield #8,Winners Quarterfinals,2026-04-18 06:27:30+00:00
https://www.youtube.com/watch?v=If_XBPAHavQ,IsiahJH,Etalus,TS | JoJoDaHoBo,Zetterburn,Blazing Battlefield #8,L Top 8 Qual.,2026-04-18 06:27:55+00:00
https://www.youtube.com/watch?v=S70jqfR6NzU,kapl,Clairen,Corncycle,La Reina,Blazing Battlefield #8,Winners Semifinals,2026-04-18 06:28:34+00:00
https://www.youtube.com/watch?v=WvMibzDDG-w,Mystery Sol,Galvan,Gengur,Forsburn,Blazing Battlefield #8,Winners Semifinals,2026-04-18 06:28:57+00:00
https://www.youtube.com/watch?v=hIHKn42jjCY,Gengur,Forsburn,Xena,Fleet,Blazing Battlefield #8,Losers Quarterfinals,2026-04-18 06:29:22+00:00
https://www.youtube.com/watch?v=CV4PLnfh1k4,Mystery Sol,Galvan,Corncycle,La Reina,Blazing Battlefield #8,Winners Finals,2026-04-18 06:29:43+00:00
https://www.youtube.com/watch?v=gUz7DrpIguU,kapl,Clairen,SteveReen,Orcane,Blazing Battlefield #8,Losers Quarterfinals,2026-04-18 06:30:03+00:00
https://www.youtube.com/watch?v=NvVZfegzH_Y,kapl,Clairen,Gengur,Forsburn,Blazing Battlefield #8,Losers Semifinals,2026-04-18 06:30:24+00:00
https://www.youtube.com/watch?v=zSctu_iFsag,kapl,Clairen,Mystery Sol,Galvan,Blazing Battlefield #8,Losers Finals,2026-04-18 06:30:46+00:00
https://www.youtube.com/watch?v=8GMcsLqV1q4,Corncycle,La Reina,Mystery Sol,Galvan,Blazing Battlefield #8,Grand Finals,2026-04-18 06:31:07+00:00
https://www.youtube.com/watch?v=cdS1Bww7GZ8,Cake Assault,Forsburn,Stango,Loxodont,RIVALS: ROAD TO VEGAS,,2026-04-19 02:21:43+00:00
https://www.youtube.com/watch?v=HPcv1zjhiPw,Sophilo,Zetterburn,Cake Assault,Forsburn,RIVALS: ROAD TO VEGAS,,2026-04-19 02:42:44+00:00
https://www.youtube.com/watch?v=yrtkRCPcjdw,Ant,Absa,Cake Assault,Forsburn,RIVALS: ROAD TO VEGAS,,2026-04-19 03:15:37+00:00
https://www.youtube.com/watch?v=5gq9NEUOJ8Q,Sophilo,Zetterburn,Rongunshu,Clairen,RIVALS: ROAD TO VEGAS,,2026-04-19 03:15:55+00:00
https://www.youtube.com/watch?v=A1LKQHLJcHY,Rongunshu,Clairen,Stango,Loxodont,RIVALS: ROAD TO VEGAS,,2026-04-19 09:38:28+00:00
https://www.youtube.com/watch?v=mU158UDE5_c,Rongunshu,Clairen,Sophilo,Zetterburn,RIVALS: ROAD TO VEGAS,,2026-04-19 10:01:37+00:00
https://www.youtube.com/watch?v=O0lnjQ00o-o,Stango,Loxodont,Rongunshu,Clairen,RIVALS: ROAD TO VEGAS,,2026-04-19 10:21:49+00:00
https://www.youtube.com/watch?v=ygDcjLxxmkY,edith,Ranno,Angle,Clairen,Fusion #292,Winners Round 1,2026-04-21 02:41:22+00:00
https://www.youtube.com/watch?v=GiOcAqnU0Bk,MuttNut,Forsburn,Air Gordon,Fleet,Fusion #292,Winners Quarter-Final,2026-04-21 02:49:13+00:00
https://www.youtube.com/watch?v=cmiqGa9JyxI,edith,Clairen,FLuX Magnetique,Zetterburn,Fusion #292,Bracket,2026-04-21 02:50:06+00:00
https://www.youtube.com/watch?v=1FBGgVZ3pyc,MuttNut,Forsburn,edith,Clairen,Fusion #292,Winners Final,2026-04-21 02:58:42+00:00
https://www.youtube.com/watch?v=wzj64rYpsJ0,vooni,Fleet,Unknown,Ranno,Fusion #292,Losers Semi-Final,2026-04-21 02:59:45+00:00
https://www.youtube.com/watch?v=uuM0kfh6tKM,MuttNut,Forsburn,vooni,Fleet,Fusion #292,Losers Final,2026-04-21 03:00:54+00:00
https://www.youtube.com/watch?v=WhZ0LS_ZbUw,Watherum,Ranno,Grunk,Zetterburn,Immortal Fight Night #272,Wnrs Qrts,2026-04-21 03:24:29+00:00
https://www.youtube.com/watch?v=xLv5AfaKiYw,Reaper,Etalus,ybm,Wrastor,Immortal Fight Night #272,Wnrs Semi,2026-04-21 03:25:08+00:00
https://www.youtube.com/watch?v=d_LRdecQuHw,Grunk,Zetterburn,Average Alex,Slade,Immortal Fight Night #272,Wnrs Semi,2026-04-21 03:25:35+00:00
https://www.youtube.com/watch?v=00D_sCFyefI,Average Alex,Slade,ybm,Wrastor,Immortal Fight Night #272,Wnrs Final,2026-04-21 03:26:01+00:00
https://www.youtube.com/watch?v=IDNolPTUtis,Grunk,Zetterburn,Watherum,Ranno,Immortal Fight Night #272,Lsrs Semi,2026-04-21 03:38:27+00:00
https://www.youtube.com/watch?v=11mJM9fmY10,Average Alex,Slade,Grunk,Zetterburn,Immortal Fight Night #272,Lsrs Final,2026-04-21 03:38:47+00:00
https://www.youtube.com/watch?v=A9r5Cka6EDs,ybm,Wrastor,Average Alex,Slade,Immortal Fight Night #272,Grand Finals,2026-04-21 03:39:19+00:00
https://www.youtube.com/watch?v=EeW-bGKJf7Q,Sean Sorey,Slade,Phug,Kragg,Run the Rivals #54,Winners R1,2026-04-22 01:59:31+00:00
https://www.youtube.com/watch?v=lsueZfpj7Es,Hunter,Maypul,Phug,Kragg,Run the Rivals #54,Winners Semis,2026-04-22 01:59:31+00:00
https://www.youtube.com/watch?v=KHmEu_MlX24,Franzwa,Slade,sans.,Loxodont,Run the Rivals #54,Winners Semis,2026-04-22 01:59:31+00:00
https://www.youtube.com/watch?v=Qv9xOFLyDIs,Slade,Slade,Slade,Slade,Run the Rivals #54,Losers Quarters,2026-04-22 01:59:31+00:00
https://www.youtube.com/watch?v=j2E-FUPtLmc,Hunter,Maypul,Franzwa,Slade,Run the Rivals #54,Winners Finals,2026-04-22 01:59:31+00:00
https://www.youtube.com/watch?v=21bIhjoExNI,sans.,Loxodont,Phug,Kragg,Run the Rivals #54,Losers Semis,2026-04-22 01:59:31+00:00
https://www.youtube.com/watch?v=FFwbhG6nu-4,sans.,Loxodont,Franzwa,Slade,Run the Rivals #54,Losers Finals,2026-04-22 01:59:31+00:00
https://www.youtube.com/watch?v=R5id1N5gvkw,Franzwa,Slade,Hunter,Maypul,Run the Rivals #54,Grand Finals,2026-04-22 01:59:31+00:00
https://www.youtube.com/watch?v=o7_hXX9MWZM,Suture,Ranno,Arbs,Kragg,Straight Into The Abyss #46,Wnrs Rd 2,2026-04-23 18:59:18+00:00
https://www.youtube.com/watch?v=jGWy7hoNgiI,Suture,Ranno,Arbs,Kragg,Straight Into The Abyss #46,Wnrs Rd 2,2026-04-23 19:00:23+00:00
https://www.youtube.com/watch?v=kEtE_jHbQrk,Shard,Fleet,Alkali,Orcane,Straight Into The Abyss #46,Wnrs Qrts,2026-04-23 19:00:54+00:00
https://www.youtube.com/watch?v=mRrkfkqgQ5M,SapphireGD,Zetterburn,Shard,Fleet,Straight Into The Abyss #46,Wnrs Semi,2026-04-23 19:01:30+00:00
https://www.youtube.com/watch?v=rG_b1jbn8lQ,Viviana,La Reina,Nothigh,Loxodont,Straight Into The Abyss #46,Wnrs Semi,2026-04-23 19:02:00+00:00
https://www.youtube.com/watch?v=XKO0xJmnK3I,SapphireGD,Zetterburn,Viviana,Loxodont,Straight Into The Abyss #46,Wnrs Final,2026-04-23 19:02:24+00:00
https://www.youtube.com/watch?v=Hvyvf0gguJk,Alkali,Orcane,Nothigh,Loxodont,Straight Into The Abyss #46,Lsrs Qrts,2026-04-23 19:02:42+00:00
https://www.youtube.com/watch?v=A18RszUcMds,Turnap,Ranno,Shard,Fleet,Straight Into The Abyss #46,Lsrs Qrts,2026-04-23 19:03:09+00:00
https://www.youtube.com/watch?v=cR8bjRVkEiw,Alkali,Orcane,Shard,Fleet,Straight Into The Abyss #46,Lsrs Semi,2026-04-23 19:03:29+00:00
https://www.youtube.com/watch?v=DB4_03s_JnE,Shard,Fleet,SapphireGD,Zetterburn,Straight Into The Abyss #46,Lsrs Final,2026-04-23 19:03:48+00:00
https://www.youtube.com/watch?v=_70CjaG7a5g,Viviana,La Reina,Shard,Fleet,Straight Into The Abyss #46,Grand Finals,2026-04-23 19:04:16+00:00
https://www.youtube.com/watch?v=ij3A3JOnkbo,Derek Squirreltail,Absa,Rayne,Kragg,Chef&#39;s Choice #21,Winners Round 1,2026-04-27 15:15:05+00:00
https://www.youtube.com/watch?v=YU8IbY4_pmo,stellice,Fleet,Jollyroger7114,Clairen,Chef&#39;s Choice #21,Winners Semis,2026-04-27 15:45:04+00:00
https://www.youtube.com/watch?v=QLCR3X9XLEU,Gusta,Maypul,Doug Sauce,Loxodont,Chef&#39;s Choice #21,Winners Semis,2026-04-27 16:00:42+00:00
https://www.youtube.com/watch?v=x0vTlTYbd_g,Doug Sauce,Loxodont,Jollyroger7114,Clairen,Chef&#39;s Choice #21,Winners Final,2026-04-27 16:15:08+00:00
https://www.youtube.com/watch?v=u4eHP9PXJXA,stellice,Fleet,Derek Squirreltail,Absa,Chef&#39;s Choice #21,Losers Quarters,2026-04-27 16:30:25+00:00
https://www.youtube.com/watch?v=ElA1fl8FwfE,Gusta,Maypul,stellice,Fleet,Chef&#39;s Choice #21,Losers Semis,2026-04-27 16:45:03+00:00
https://www.youtube.com/watch?v=3MTVPPaNl7E,Doug Sauce,La Reina,Gusta,Maypul,Chef&#39;s Choice #21,Losers Finals,2026-04-27 17:00:04+00:00
https://www.youtube.com/watch?v=Rnok6joK4T0,Gusta,Maypul,Jollyrioger7114,Clairen,Chef&#39;s Choice #21,Grand Final,2026-04-27 17:15:02+00:00
https://www.youtube.com/watch?v=y7QhloD33ZA,Kraite,Wrastor,evets,Fleet,Fusion #293,Winners Round 1,2026-04-28 03:24:08+00:00
https://www.youtube.com/watch?v=w-rlv8Vn1WQ,nard,Clairen,Ev,Kragg,Fusion #293,Winners Round 2,2026-04-28 03:26:11+00:00
https://www.youtube.com/watch?v=hJvOWnODdVE,Gekkingga,Loxodont,edith,Clairen,Fusion #293,Winners Quarter-Final,2026-04-28 03:39:55+00:00
https://www.youtube.com/watch?v=r4idfpHUJXw,Yoda Cage,Absa,vooni,Fleet,Fusion #293,Winners Quarter-Final,2026-04-28 03:41:02+00:00
https://www.youtube.com/watch?v=hqnT_S6cc1I,HamPolo,Zetterburn,edith,Clairen,Fusion #293,Winners Semi-Final,2026-04-28 03:42:00+00:00
https://www.youtube.com/watch?v=lQbtWwQNYAk,CheesyPotato,La Reina,Yoda Cage,Absa,Fusion #293,Winners Semi-Final,2026-04-28 03:50:11+00:00
https://www.youtube.com/watch?v=dawEl2fjVLs,HamPolo,Zetterburn,Yoda Cage,Absa,Fusion #293,Winners Final,2026-04-28 03:55:13+00:00
https://www.youtube.com/watch?v=OBEPM_M5G3I,MuttNut,Forsburn,edith,Clairen,Fusion #293,Losers Semi-Final,2026-04-28 03:56:57+00:00
https://www.youtube.com/watch?v=bXodPbptLIw,HamPolo,Zetterburn,edith,Clairen,Fusion #293,Losers Final,2026-04-28 03:57:01+00:00
https://www.youtube.com/watch?v=amJi_nmmhiA,Yoda Cage,Absa,HamPolo,Zetterburn,Fusion #293,Grand Finals,2026-04-28 03:57:59+00:00
https://www.youtube.com/watch?v=8Yt21KF6yJc,ybm,Wrastor,Watherum,Ranno,Immortal Fight Night #273,Wnrs Qrts,2026-04-29 00:10:12+00:00
https://www.youtube.com/watch?v=OkIJXr231iU,Bowler,Clairen,Grunk,Zetterburn,Immortal Fight Night #273,Wnrs Semi,2026-04-29 00:11:05+00:00
https://www.youtube.com/watch?v=NUshjCAAQp4,ybm,Wrastor,Average Alex,Slade,Immortal Fight Night #273,Wnrs Semi,2026-04-29 00:11:47+00:00
https://www.youtube.com/watch?v=9aW_Zenj-Wk,Average Alex,Slade,Bowler,Clairen,Immortal Fight Night #273,Wnrs Final,2026-04-29 00:12:20+00:00
https://www.youtube.com/watch?v=byE_HiOzfys,Watherum,Ranno,ybm,Wrastor,Immortal Fight Night #273,Lsrs Semi,2026-04-29 00:22:52+00:00
https://www.youtube.com/watch?v=tzoLFOsLsWE,Bowler,Clairen,Watherum,Ranno,Immortal Fight Night #273,Lsrs Final,2026-04-29 00:23:22+00:00
https://www.youtube.com/watch?v=r3IZT1gnO-U,Average Alex,Slade,Bowler,Clairen,Immortal Fight Night #273,Grand Final,2026-04-29 00:23:48+00:00
https://www.youtube.com/watch?v=q0cj1t_nh_8,Phug,Kragg,The Football,Kragg,Run the Rivals #55,Winners R1,2026-04-29 02:44:03+00:00
https://www.youtube.com/watch?v=kp0gsJoo7rw,Phug,Kragg,Hunter,Maypul,Run the Rivals #55,Winners Semis,2026-04-29 02:44:03+00:00
https://www.youtube.com/watch?v=qvcVB0N-fEs,Franzwa,Etalus,Sean Sorey,Clairen,Run the Rivals #55,Winners Semis,2026-04-29 02:44:03+00:00
https://www.youtube.com/watch?v=WIBOFbiMxPE,Phug,Kragg,SongOfChaos,Clairen,Run the Rivals #55,Losers Quarters,2026-04-29 02:44:03+00:00
https://www.youtube.com/watch?v=PBKlZ54pZZQ,Hunter,Maypul,Sean Sorey,Clairen,Run the Rivals #55,Winners Finals,2026-04-29 02:44:03+00:00
https://www.youtube.com/watch?v=opbTmprftdo,Phug,Kragg,Franzwa,La Reina,Run the Rivals #55,Losers Semis,2026-04-29 02:44:03+00:00
https://www.youtube.com/watch?v=2ai_kNOx-4I,Sean Sorey,Clairen,Franzwa,La Reina,Run the Rivals #55,Losers Finals,2026-04-29 02:44:03+00:00
https://www.youtube.com/watch?v=d-uQ0iVmdJo,Sean Sorey,Clairen,Hunter,Maypul,Run the Rivals #55,Grand Finals,2026-04-29 02:44:03+00:00
https://www.youtube.com/watch?v=M0Ud4p4l1PU,Phug,Kragg,BIG WILL,Ranno,Run the Rivals #55,Phug Finals,2026-04-29 02:44:03+00:00
https://www.youtube.com/watch?v=pmMTh1s4Wsg,Ferrari77,Clairen,Ziggy,Ranno,Split Neutral #52,Losers Finals,2026-04-30 00:00:42+00:00
https://www.youtube.com/watch?v=YnCSWOCm3cg,Lychee,Fleet,Ferrari77,Clairen,Split Neutral #52,Winners Semifinals,2026-04-30 00:06:24+00:00
https://www.youtube.com/watch?v=u0FHdTDNP0g,Lychee,Fleet,Toddly Enough,Galvan,Split Neutral #52,Losers Quarterfinals,2026-04-30 00:11:40+00:00
https://www.youtube.com/watch?v=zRDig3S_v40,Lychee,Fleet,Xena,Fleet,Split Neutral #52,Winners Round 1,2026-04-30 00:14:20+00:00
https://www.youtube.com/watch?v=UGF_Rpwy90Y,Lychee,Fleet,Ziggy,Ranno,Split Neutral #52,Losers Semifinals,2026-04-30 00:15:50+00:00
https://www.youtube.com/watch?v=g68dfOWpHwg,Xena,Olympia,Lyra,Fleet,Split Neutral #52,Losers Round 1,2026-04-30 00:17:56+00:00
https://www.youtube.com/watch?v=uSGnblgjc64,Corncycle,La Reina,Ferrari77,Clairen,Split Neutral #52,Grand Finals,2026-04-30 00:22:04+00:00
https://www.youtube.com/watch?v=xDu2a7b526o,Corncycle,La Reina,Ferrari77,Clairen,Split Neutral #52,Winners Finals,2026-04-30 00:22:24+00:00
https://www.youtube.com/watch?v=F5AF-9tRuJ4,Corncycle,La Reina,Ziggy,Ranno,Split Neutral #52,Winners Semifinals,2026-04-30 00:23:53+00:00
https://www.youtube.com/watch?v=PoLfHoHUDOs,Monocle Gentlesir,Maypul,Goose,Ranno,Straight Into The Abyss #47,Wnrs Rd 1,2026-04-30 02:47:37+00:00
https://www.youtube.com/watch?v=BFx-3p0oMOk,LittleBoi,Kragg,Drewsephix,Orcane,Straight Into The Abyss #47,Wnrs Rd 2,2026-04-30 02:54:10+00:00
https://www.youtube.com/watch?v=hJa1gbG25ls,Shard,Fleet,Landkon2,Galvan,Straight Into The Abyss #47,Wnrs Qrts,2026-04-30 02:54:55+00:00
https://www.youtube.com/watch?v=52x_hGeR414,Sophilo,Zetterburn,Gab,La Reina,Straight Into The Abyss #47,Wnrs Qrts,2026-04-30 02:55:26+00:00
https://www.youtube.com/watch?v=dSZBpQCrx18,Viviana,Galvan,SapphireGD,Zetterburn,Straight Into The Abyss #47,Wnrs Semi,2026-04-30 02:56:04+00:00
https://www.youtube.com/watch?v=1bf2DmYfX00,Sophilo,Zetterburn,Shard,Fleet,Straight Into The Abyss #47,Wnrs Semi,2026-04-30 02:56:29+00:00
https://www.youtube.com/watch?v=1Q0fkDvPJNE,Sophilo,Zetterburn,SapphireGD,Zetterburn,Straight Into The Abyss #47,Wnrs Final,2026-04-30 02:57:00+00:00
https://www.youtube.com/watch?v=33KwLZvdemo,Viviana,Loxodont,Shard,Fleet,Straight Into The Abyss #47,Lsrs Semi,2026-04-30 02:59:45+00:00
https://www.youtube.com/watch?v=SPtzoMmpEIk,SapphireGD,Zetterburn,Viviana,Loxodont,Straight Into The Abyss #47,Lsrs Final,2026-04-30 03:00:59+00:00
https://www.youtube.com/watch?v=ZeQdVq9zSuo,Sophilo,Zetterburn,Viviana,Loxodont,Straight Into The Abyss #47,Grand Final,2026-04-30 03:01:22+00:00
https://www.youtube.com/watch?v=O29apR4bQ-k,WhatIsAHitbox,Maypul,Leafysnivy,Kragg,Monthly of Aether #14 EU,Pools,2026-05-01 19:39:13+00:00
https://www.youtube.com/watch?v=odPaqGUcqtw,Sesto,Forsburn,Saols,La Reina,Monthly of Aether #14 EU,Winners Quarterfinals,2026-05-01 19:40:00+00:00
https://www.youtube.com/watch?v=KveTKmLZtSw,ren,Zetterburn,NEP | Neylax,La Reina,Monthly of Aether #14 EU,Winners Quarterfinals,2026-05-01 19:40:39+00:00
https://www.youtube.com/watch?v=rM9CVcvnFpQ,Vulkan,Kragg,El Fnaan,Olympia,Monthly of Aether #14 EU,Winners Quarterfinals,2026-05-01 19:41:03+00:00
https://www.youtube.com/watch?v=mwOS9BoUtC0,NEP | Neylax,La Reina,Saols,La Reina,Monthly of Aether #14 EU,Winners Semifinals,2026-05-01 19:41:42+00:00
https://www.youtube.com/watch?v=68ZQLLpegWM,El Fnaan,Olympia,WhatIsAHitbox,Maypul,Monthly of Aether #14 EU,Winners Semifinals,2026-05-01 19:42:02+00:00
https://www.youtube.com/watch?v=edEs-iWqSBY,NEP | Neylax,La Reina,WhatIsAHitbox,Maypul,Monthly of Aether #14 EU,Winners Finals,2026-05-01 19:42:24+00:00
https://www.youtube.com/watch?v=gWkovZjkaFo,treehugger,Absa,El Fnaan,Olympia,Monthly of Aether #14 EU,Losers Semifinals,2026-05-01 19:42:50+00:00
https://www.youtube.com/watch?v=dZIS1OmubPA,El Fnaan,Olympia,WhatIsAHitbox,Maypul,Monthly of Aether #14 EU,Losers Finals,2026-05-01 19:43:16+00:00
https://www.youtube.com/watch?v=sOsMwh_RDaA,NEP | Neylax,La Reina,El Fnaan,Olympia,Monthly of Aether #14 EU,Grand Finals,2026-05-01 19:43:52+00:00
https://www.youtube.com/watch?v=FbY0Cg1vBts,Searing Arrow,Clairen,Sky,Kragg,Monthly of Aether #14 NA,Pools,2026-05-01 19:45:02+00:00
https://www.youtube.com/watch?v=eoWCRMESLG0,Gary.A.M.,Maypul,elkiies,La Reina,Monthly of Aether #14 NA,Pools,2026-05-01 19:45:27+00:00
https://www.youtube.com/watch?v=fCrCUzFWtqA,dosboxfalco,Zetterburn,Env3lop,Wrastor,Monthly of Aether #14 NA,Pools,2026-05-01 19:45:50+00:00
https://www.youtube.com/watch?v=Db-BYRZ3JmM,Hyperflame,Zetterburn,Rx,Clairen,Monthly of Aether #14 NA,Pools,2026-05-01 19:46:15+00:00
https://www.youtube.com/watch?v=kwG2KWwpK_8,Viviana,Galvan,AoC | SapphireGD,Zetterburn,Monthly of Aether #14 NA,Pools,2026-05-01 19:46:36+00:00
https://www.youtube.com/watch?v=j8L64eaX0sg,darai,Ranno,Seelder,Fleet,Monthly of Aether #14 NA,Winners Quarterfinals,2026-05-01 19:47:02+00:00
https://www.youtube.com/watch?v=0hgtIY9xYfE,AoC | SapphireGD,Zetterburn,Torna,Wrastor,Monthly of Aether #14 NA,Winners Quarterfinals,2026-05-01 19:47:26+00:00
https://www.youtube.com/watch?v=YIMr1t_G5_Q,darai,Ranno,Sophilo,Zetterburn,Monthly of Aether #14 NA,Winners Semifinals,2026-05-01 19:47:53+00:00
https://www.youtube.com/watch?v=4nqEScko2VY,Torna,Wrastor,Landon,Clairen,Monthly of Aether #14 NA,Winners Semifinals,2026-05-01 19:48:17+00:00
https://www.youtube.com/watch?v=isRiKgco5Xo,Torna,Wrastor,Sophilo,Zetterburn,Monthly of Aether #14 NA,Winners Finals,2026-05-01 19:48:38+00:00
https://www.youtube.com/watch?v=q_whJWVxFt4,Landon,Clairen,HyperFlame,Zetterburn,Monthly of Aether #14 NA,Losers Semifinals,2026-05-01 19:49:27+00:00
https://www.youtube.com/watch?v=IhERGAgyTVM,Landon,Clairen,Torna,Wrastor,Monthly of Aether #14 NA,Losers Finals,2026-05-01 19:49:52+00:00
https://www.youtube.com/watch?v=uAsMhxjpcrw,Landon,Clairen,Sophilo,Zetterburn,Monthly of Aether #14 NA,Grand Finals,2026-05-01 19:50:09+00:00
https://www.youtube.com/watch?v=CTTesIYWtWc,Envoy,Clairen,Ferrari77,Clairen,Split Neutral #53,Losers Round 1,2026-05-01 20:51:38+00:00
https://www.youtube.com/watch?v=QF1oGKWtJT8,Envoy,Clairen,Toddly Enough,Galvan,Split Neutral #53,Winners Round 1,2026-05-01 20:57:12+00:00
https://www.youtube.com/watch?v=fulgR9fVhM4,FN@TU,La Reina,Frigomaniac,Ranno,Split Neutral #53,Losers Semifinals,2026-05-01 21:02:56+00:00
https://www.youtube.com/watch?v=Snz1YNLH18g,FN@TU,La Reina,maya,Orcane,Split Neutral #53,Winners Semifinals,2026-05-01 21:06:27+00:00
https://www.youtube.com/watch?v=5mTHegdS3XA,Frigomaniac,Ranno,maya,Orcane,Split Neutral #53,Winners Quarterfinals,2026-05-01 21:10:50+00:00
https://www.youtube.com/watch?v=PTRXHGgBUe0,JoJoDaHoBo,Zetterburn,Corncycle,La Reina,Split Neutral #53,Winners Semifinals,2026-05-01 21:14:06+00:00
https://www.youtube.com/watch?v=M5DHXrK5Fmo,Lychee,Fleet,FN@TU,La Reina,Split Neutral #53,Losers Quarterfinals,2026-05-01 21:17:52+00:00
https://www.youtube.com/watch?v=bm9qgNsfPpE,maya,Orcane,Corncycle,La Reina,Split Neutral #53,Grand Finals,2026-05-01 21:22:27+00:00
https://www.youtube.com/watch?v=HKeZ30w9gv4,maya,Orcane,Corncycle,La Reina,Split Neutral #53,Winners Finals,2026-05-01 21:24:03+00:00
https://www.youtube.com/watch?v=HhM-7k41dyo,maya,Orcane,FN@TU,La Reina,Split Neutral #53,Losers Finals,2026-05-01 21:27:55+00:00
https://www.youtube.com/watch?v=zv72lom-EG0,CCuppy,Orcane,Brilliant,Galvan,Ladera Fights 4,Winners' Quarters,2026-05-03 17:37:10+00:00
https://www.youtube.com/watch?v=ch1kDvKdFNg,JrDan,Kragg,Skyguy,Olympia,Ladera Fights 4,Winners' Quarters,2026-05-03 17:38:42+00:00
https://www.youtube.com/watch?v=rLipi98BuOY,Jeebz,Zetterburn,CCuppy,Orcane,Ladera Heights 4,Winners' Semis,2026-05-03 17:40:20+00:00
https://www.youtube.com/watch?v=gim1iRLHHlk,CCuppy,Orcane,SkyGuy,Olympia,Ladera Fights 4,Losers' Quarters,2026-05-03 17:41:27+00:00
https://www.youtube.com/watch?v=dudn6OzJSXg,CCuppy,Orcane,Brilliant,Galvan,Ladera Fights 4,Losers' Semis,2026-05-03 17:42:33+00:00
https://www.youtube.com/watch?v=0FcQhqcJL4M,JrDan,Kragg,Jeebz,Zetterburn,Ladera Fights 4,Winners' Finals,2026-05-03 17:43:31+00:00
https://www.youtube.com/watch?v=HGwFM_SSFOQ,Jeebz,Zetterburn,CCuppy,Orcane,Ladera Fights 4,Losers' Finals,2026-05-03 17:44:27+00:00
https://www.youtube.com/watch?v=_MJEYiVfe1Q,Jeez,Zetterburn,JrDan,Kragg,Ladera Fights 4,Grand Finals,2026-05-03 17:45:44+00:00
https://www.youtube.com/watch?v=Zri512d4cwM,SteveReen,Orcane,X. Raven,Absa,For The Community #1,Winners Semis,2026-05-04 01:39:00+00:00
https://www.youtube.com/watch?v=Oh5KrvRBW1E,Envoy,Clairen,Theta Juice,Galvan,For The Community #1,Round Robin,2026-05-04 01:44:26+00:00
https://www.youtube.com/watch?v=F3-c4_El2OY,SteveReen,Orcane,Neutrino,Loxodont,For The Community #1,Winners Finals,2026-05-04 01:50:23+00:00
https://www.youtube.com/watch?v=sDKsiI3_-F8,Lentini,Absa,Ziggy,Zetterburn,For The Community #1,Winners Quarters,2026-05-04 01:57:01+00:00
https://www.youtube.com/watch?v=d03K3DIRVxE,FN @ TU,La Reina,JojoDaHobo,Zetterburn,For The Community #1,Round Robin,2026-05-04 02:03:35+00:00
https://www.youtube.com/watch?v=uZTQu-zEcXk,Baguette Boy,Wrastor,Theta Juice,Galvan,For The Community #1,Round Robin,2026-05-04 02:39:40+00:00
https://www.youtube.com/watch?v=mJuIxeql1dE,Neutrino,Loxodont,SteveReen,Orcane,For The Community #1,Grand Finals,2026-05-04 02:44:00+00:00
https://www.youtube.com/watch?v=RkEINfAb04M,Neutrino,Loxodont,JojoDaHobo,Zetterburn,For The Community #1,Winners Quarters,2026-05-04 02:46:04+00:00
https://www.youtube.com/watch?v=9kOlM5pcHh8,JChou,Kragg,SteveReen,Orcane,For The Community #1,Winners Round 1,2026-05-04 02:48:51+00:00
https://www.youtube.com/watch?v=4ByebLfDm30,JerdTheNerd,Loxodont,Lyra,Fleet,For The Community #1,Round Robin,2026-05-04 02:53:44+00:00
https://www.youtube.com/watch?v=mSuz20jJmA8,Lentini,Absa,JerdTheNerd,Loxodont,For The Community #1,Winners Round 1,2026-05-04 02:57:38+00:00
https://www.youtube.com/watch?v=E3m53usC8uc,JojoDaHobo,Zetterburn,X. Raven,Absa,For The Community #1,Losers Quarters,2026-05-04 03:01:40+00:00
https://www.youtube.com/watch?v=dCj-xeY-zw8,LGDMurp,Fleet,X. Raven,Absa,For The Community #1,Round Robin,2026-05-04 03:09:55+00:00
https://www.youtube.com/watch?v=Xk6_se6FC5c,Ziggy,Zetterburn,JojoDaHobo,Zetterburn,For The Community #1,Losers Semis,2026-05-04 03:14:59+00:00
https://www.youtube.com/watch?v=8b2U28jDF7Q,Theta Juice,Galvan,Frigomaniac,Ranno,For The Community #1,Round Robin,2026-05-04 03:19:40+00:00
https://www.youtube.com/watch?v=Y_WTQjWvHmE,AwesomeNick,Kragg,Neutrino,Loxodont,For The Community #1,Winners Round 1,2026-05-04 03:24:11+00:00
https://www.youtube.com/watch?v=r7jv5NRXg4k,Ziggy,Ranno,Neutrino,Loxodont,For The Community #1,Losers Finals,2026-05-04 03:28:57+00:00
https://www.youtube.com/watch?v=d-48Bbe47CA,Ziggy,Zetterburn,Neutrino,Loxodont,For The Community #1,Winners Semis,2026-05-04 03:31:14+00:00
https://www.youtube.com/watch?v=CnwvPibNAws,Frigomaniac,Ranno,AwesomeNick,Kragg,For The Community #1,Round Robin,2026-05-04 03:35:40+00:00
https://www.youtube.com/watch?v=U1lc0k0f2fc, Ziggy,Ranno,X. Raven,Absa,For The Community #1,Round Robin,2026-05-04 03:38:01+00:00
https://www.youtube.com/watch?v=f-Q2buGHGdU,Jchou,Kragg,Lyra,Fleet,For The Community #1,Round Robin Pools,2026-05-04 06:17:38+00:00
https://www.youtube.com/watch?v=YIY05KI2PgI,SteveReen,Orcane,JoJoDaHoBo,Zetterburn,For The Community #1,Round Robin Pools,2026-05-04 06:27:51+00:00
https://www.youtube.com/watch?v=EZUXhPhTqvU,SteveReen,Orcane,Lentini,Orcane,For The Community #1,Round Robin Pools,2026-05-04 06:29:52+00:00
https://www.youtube.com/watch?v=gCOee4KENnk,SteveReen,Orcane,LGDmurp,Fleet,For The Community #1,Winners Quarterfinals,2026-05-04 06:31:01+00:00
https://www.youtube.com/watch?v=JKMgVxDgicM,Theta Juice,Galvan,FN@TU,La Reina,For The Community #1,Winners Round 1,2026-05-04 06:32:05+00:00
https://www.youtube.com/watch?v=qrpdfO0c-S4,X. Raven,Absa,Envoy,Clairen,For The Community #1,Winners Round 1,2026-05-04 06:32:47+00:00
https://www.youtube.com/watch?v=t_a3b-gj0PE,AwesomeNick,Kragg,Envoy,Clairen,For The Community #1,Round Robin Pools,2026-05-04 06:34:18+00:00
https://www.youtube.com/watch?v=1XbqdMui7vs,Baguette Boy,Wrastor,LGDmurp,Fleet,For The Community #1,Losers Round 2,2026-05-04 07:12:13+00:00
https://www.youtube.com/watch?v=kKcGEUjlKFo,Envoy,Clairen,Theta Juice,Galvan,For The Community #1,Losers Round 1,2026-05-04 07:16:43+00:00
https://www.youtube.com/watch?v=db7SRfobsDI,FN@TU,La Reina,Ziggy,Zetterburn,For The Community #1,Losers Quarterfinals,2026-05-04 07:17:40+00:00
https://www.youtube.com/watch?v=OxpZBbDusBo,Frigomaniac,Ranno,Envoy,Clairen,For The Community #1,Round Robin Pools,2026-05-04 07:22:55+00:00
https://www.youtube.com/watch?v=p4x7yXLdLrE,Frigomaniac,Ranno,JoJoDaHoBo,Zetterburn,For The Community #1,Losers Round 3,2026-05-04 07:29:00+00:00
https://www.youtube.com/watch?v=2UUGpJf1484,Frigomaniac,Ranno,LGDmurp,Fleet,For The Community #1,Winners Round 1,2026-05-04 07:33:27+00:00
https://www.youtube.com/watch?v=tmrUaptDIEM,Neutrino,Loxodont,LGDMurp,Fleet,For The Community #1,Round Robin Pools,2026-05-04 16:12:48+00:00
https://www.youtube.com/watch?v=ORA3v-74bEc,Neutrino,Loxodont,X. Raven,Absa,For The Community #1,Round Robin Pools,2026-05-04 16:13:28+00:00
https://www.youtube.com/watch?v=dP0fyh3ovWs,Jollyroger7114,Clairen,Iggy Ontario,Loxodont,Chef's Choice #22,Grand Final,2026-05-04 19:54:06+00:00
https://www.youtube.com/watch?v=oGvpM-QgYFo,Iggy Ontario,Loxodont,Derek Squirreltail,Absa,Chef's Choice #22,Losers Final,2026-05-04 19:54:06+00:00
https://www.youtube.com/watch?v=Gz543hHQfFA,Rayne,Kragg,Derek Squirreltail,Absa,Chef's Choice #22,Losers Semis,2026-05-04 19:54:06+00:00
https://www.youtube.com/watch?v=nmCNPYbbXOI,Derek Squirreltail,Absa,quack,Kragg,Chef's Choice #22,Losers Quarters,2026-05-04 19:54:06+00:00
https://www.youtube.com/watch?v=8mzuDJWjzso,Jollyroger7114,Clairen,Iggy Ontario,Loxodont,Chef's Choice #22,Winners Final,2026-05-04 19:54:06+00:00
https://www.youtube.com/watch?v=DafJcbTjFTg,Jollyroger7114,Clairen,Rayne,Kragg,Chef's Choice #22,Winners Semis,2026-05-04 19:54:06+00:00
https://www.youtube.com/watch?v=xo8IPrNymhE,Jollyroger7114,Clairen,quack,Kragg,Chef's Choice #22,Winners Quarters,2026-05-04 19:54:06+00:00
https://www.youtube.com/watch?v=Szlk8Jz92Oo,Iggy Ontario,Loxodont,Derek Squirreltail,Absa,Chef's Choice #22,Winners Semis,2026-05-04 19:54:06+00:00
https://www.youtube.com/watch?v=2BWNgKeQbl0,Rayne,Kragg,WHG | BoboTheChimp,Fleet,Chef's Choice #22,Winners Quarters,2026-05-04 19:54:06+00:00
https://www.youtube.com/watch?v=UUORujyks64,ybm,Wrastor,Sh-Awe,Galvan,Immortal Fight Night #274,Rnd Rbn,2026-05-05 03:23:36+00:00
https://www.youtube.com/watch?v=PpF-L4qYgNE,Watherum,Ranno,Average Alex,Slade,Immortal Fight Night #274,Rnd Rbn,2026-05-05 03:24:56+00:00
https://www.youtube.com/watch?v=f1UKP2TUTvk,ybm,Wrastor,Average Alex,Slade,Immortal Fight Night #274,Rnd Rbn,2026-05-05 03:25:20+00:00
https://www.youtube.com/watch?v=rJI0u_MD9Os,Watherum,Ranno,Sh-Awe,Galvan,Immortal Fight Night #274,Rnd Rbn,2026-05-05 03:25:42+00:00
https://www.youtube.com/watch?v=1RQ1CaaEzt4,Average Alex,Slade,Sh-Awe,Galvan,Immortal Fight Night #274,Rnd Rbn,2026-05-05 03:26:13+00:00
https://www.youtube.com/watch?v=K-SNc0hEIh0,Watherum,Ranno,ybm,Wrastor,Immortal Fight Night #274,Rnd Rbn,2026-05-05 03:26:34+00:00
https://www.youtube.com/watch?v=vvvFZfwX1nQ,personkisser,La Reina,clara,Absa,Run The Rivals #56,WR1,2026-05-06 02:40:56+00:00
https://www.youtube.com/watch?v=8BI80hjdoc8,Oljace,Forsburn,sans.,Loxodont,Run The Rivals #56,Winners Quarters,2026-05-06 02:46:46+00:00
https://www.youtube.com/watch?v=Ga8Kz8ac2tA,Hunter,Maypul,Sean Sorey,Clairen,Run The Rivals #56,Winners Semis,2026-05-06 02:48:47+00:00
https://www.youtube.com/watch?v=oISpPAmrqsc,Landon,Clairen,sans.,Wrastor,Run The Rivals #56,Winners Semis,2026-05-06 02:48:51+00:00
https://www.youtube.com/watch?v=FK14VRXrX2g,Phug,Kragg,Hunter,Galvan,Run The Rivals #56,Phug Final,2026-05-06 02:52:44+00:00
https://www.youtube.com/watch?v=E5eF8bYkLs4,Phug,Kragg,Landon,Clairen,Run The Rivals #56,Losers Quarters,2026-05-06 02:54:17+00:00
https://www.youtube.com/watch?v=yMXRcPyZkEQ,Hunter,Maypul,sans.,Wrastor,Run The Rivals #56,Winners Finals,2026-05-06 02:56:25+00:00
https://www.youtube.com/watch?v=O5wbw9xFrFw,Hunter,Maypul,sans.,Wrastor,Run The Rivals #56,Grand Finals,2026-05-06 02:58:04+00:00
https://www.youtube.com/watch?v=evoqYYpYSk0,Landon,Clairen,Sean Sorey,Clairen,Run The Rivals #56,Losers Semi Final,2026-05-06 03:00:00+00:00
https://www.youtube.com/watch?v=fd6z31KoodE,Landon,Clairen,sans.,Wrastor,Run The Rivals #56,Losers Final,2026-05-06 03:00:59+00:00
https://www.youtube.com/watch?v=P1mO0mpggpU,Toiler,Loxodont,Vastfollower,Ranno,Straight Into The Abyss #48,Wnrs Rd 1,2026-05-07 03:44:15+00:00
https://www.youtube.com/watch?v=f4bMTOaaB1g,Viviana,Loxodont,Geo,La Reina,Straight Into The Abyss #48,Wnrs Rd 2,2026-05-07 04:04:47+00:00
https://www.youtube.com/watch?v=WaQph8dxwwk,Sophilo,Zetterburn,Cy,Ranno,Straight Into The Abyss #48,Wnrs Qrts,2026-05-07 04:05:11+00:00
https://www.youtube.com/watch?v=71n6I8C26lw,Viviana,Galvan,ProZ,Maypul,Straight Into The Abyss #48,Wnrs Semi,2026-05-07 04:05:34+00:00
https://www.youtube.com/watch?v=_XEJcymlxiU,Sophilo,Zetterburn,Shard,Fleet,Straight Into The Abyss #48,Wnrs Semi,2026-05-07 04:05:55+00:00
https://www.youtube.com/watch?v=IdKfBEibEQQ,Sophilo,Zetterburn,Viviana,Galvan,Straight Into The Abyss #48,Wnrs Final,2026-05-07 04:06:16+00:00
https://www.youtube.com/watch?v=rpRvC0vpsXc,Shard,Fleet,SapphireGD,Zetterburn,Straight Into The Abyss #48,Lsrs Qrts,2026-05-07 04:06:40+00:00
https://www.youtube.com/watch?v=7T2I99WJ5Aw,SapphireGD,Zetterburn,humanlime,Orcane,Straight Into The Abyss #48,Lsrs Semi,2026-05-07 04:06:59+00:00
https://www.youtube.com/watch?v=Nn3qmzA-Udk,Viviana,Loxodont,SapphireGD,Zetterburn,Straight Into The Abyss #48,Lsrs Final,2026-05-07 04:07:20+00:00
https://www.youtube.com/watch?v=tYM7PkniYf0,Sophilo,Zetterburn,SapphireGD,Zetterburn,Straight Into The Abyss #48,Grand Final,2026-05-07 04:07:43+00:00
https://www.youtube.com/watch?v=bP7DSiRvWbM,Bbatts,Fleet,vooni,Fleet,King 2026,Winners Quarter-Final,2026-05-10 23:47:35+00:00
https://www.youtube.com/watch?v=b-s5HFE3nZY,HamPolo,Zetterburn,Yoda Cage,Absa,King 2026,Winners Quarter-Final,2026-05-10 23:47:38+00:00
https://www.youtube.com/watch?v=UeYd8p4f_Gk,aubreyclo,Maypul,toothbrush,Ranno,King 2026,Winners Quarter-Final,2026-05-10 23:47:40+00:00
https://www.youtube.com/watch?v=ezqn2ENRu3U,Gekkingga,Loxodont,Archangel,Clairen,King 2026,Winners Quarter-Final,2026-05-10 23:47:44+00:00
https://www.youtube.com/watch?v=_t_XJfHdJoQ,SolarBeam,Loxodont,aubreyclo,Maypul,King 2026,Losers Round 1,2026-05-10 23:47:49+00:00
https://www.youtube.com/watch?v=0WdlbNrIgT4,HamPolo,Zetterburn,Gekkingga,Loxodont,King 2026,Losers Round 1,2026-05-10 23:47:51+00:00
https://www.youtube.com/watch?v=j4PK5JsUvVw,Bbatts,Fleet,toothbrush,Ranno,King 2026,Winners Semi-Final,2026-05-10 23:47:56+00:00
https://www.youtube.com/watch?v=VtluJzb7mSg,Yoda Cage,Absa,Archangel,Clairen,King 2026,Winners Semi-Final,2026-05-10 23:47:59+00:00
https://www.youtube.com/watch?v=T-xvMJNMK0g,toothbrush,Ranno,HamPolo,Zetterburn,King 2026,Losers Quarter-Final,2026-05-10 23:48:03+00:00
https://www.youtube.com/watch?v=1VdTM_UCTwc,Yoda Cage,Absa,SolarBeam,Loxodont,King 2026,Losers Quarter-Final,2026-05-10 23:48:05+00:00
https://www.youtube.com/watch?v=PU3bI02THXg,Bbatts,Fleet,Archangel,Clairen,King 2026,Winners Final,2026-05-10 23:48:08+00:00
https://www.youtube.com/watch?v=IF_STeU4Yq8,Yoda Cage,Absa,HamPolo,Zetterburn,King 2026,Losers Semi-Final,2026-05-10 23:48:12+00:00
https://www.youtube.com/watch?v=GyK7aoP3Jbc,Archangel,Clairen,HamPolo,Zetterburn,King 2026,Losers Final,2026-05-10 23:48:14+00:00
https://www.youtube.com/watch?v=KHw7_fj68w8,Bbatts,Fleet,HamPolo,Zetterburn,King 2026,Grand Finals,2026-05-10 23:48:16+00:00
https://www.youtube.com/watch?v=asoAtpLg0UM,Personkisser,La Reina,Geyser,Fleet,Run The Rivals #57,WR1,2026-05-12 00:00:00+00:00
https://www.youtube.com/watch?v=K3j3oXY06-0,SongOfChaos,Clairen,Phug,Kragg,Run The Rivals #57,Winners Semis,2026-05-12 00:00:00+00:01
https://www.youtube.com/watch?v=oePRJv7qz-I,Geyser,Fleet,Lake,Forsburn,Run The Rivals #57,Losers Quarters,2026-05-12 00:00:00+00:02
https://www.youtube.com/watch?v=WYfLkt6gp9E&pp=0gcJCQQLAYcqIYzv,Phug,Kragg,Hunter,Ranno,Run The Rivals #57,Winners Finals,2026-05-12 00:00:00+00:03
https://www.youtube.com/watch?v=PlzcCJp1V5o,SongOfChaos,Clairen,Geyser,Fleet,Run The Rivals #57,Losers Semis,2026-05-12 00:00:00+00:04
https://www.youtube.com/watch?v=3KZJS2eDzwc,Geyser,Fleet,Hunter,Clairen,Run The Rivals #57,Losers Finals,2026-05-12 00:00:00+00:05
https://www.youtube.com/watch?v=3jC5BqpHAEs,Phug,Kragg,Hunter,Zetterburn,Run The Rivals #57,Grand Finals,2026-05-12 00:00:00+00:06
https://www.youtube.com/watch?v=EoF3q8HPFAA,Phug,Kragg,Football,Kragg,Run The Rivals #57,Phug Finals,2026-05-12 00:00:00+00:07
https://www.youtube.com/watch?v=mu-b29hU7eA,Sh-Awe,Galvan,Watherum,Ranno,Immortal Fight Night #275,Rnd Rbn,2026-05-12 03:48:37+00:00
https://www.youtube.com/watch?v=Dcd-g8VwoBI,Watherum,Ranno,Grunk,Zetterburn,Immortal Fight Night #275,Rnd Rbn,2026-05-12 03:49:23+00:00
https://www.youtube.com/watch?v=Wl1zK4NH2Fk,Grunk,Zetterburn,Average Alex,Slade,Immortal Fight Night #275,Rnd Rbn,2026-05-12 03:49:53+00:00
https://www.youtube.com/watch?v=nyT8vc3kFxA,Sh-Awe,Galvan,Grunk,Zetterburn,Immortal Fight Night #275,Rnd Rbn,2026-05-12 03:50:16+00:00
https://www.youtube.com/watch?v=pbxf9Ydkq8Y,ybm,Wrastor,Average Alex,Slade,Immortal Fight Night #275,Rnd Rbn,2026-05-12 03:50:44+00:00
https://www.youtube.com/watch?v=gPx_ZE3MMw0,Watherum,Ranno,Average Alex,Slade,Immortal Fight Night #275,Rnd Rbn,2026-05-12 03:51:05+00:00
https://www.youtube.com/watch?v=XSo4Hw6Ha6o,Abraman,Clairen,JoJoDaHoBo,Zetterburn,Blazing Battlefield #10,Losers Quarterfinals,2026-05-12 04:34:05+00:00
https://www.youtube.com/watch?v=MIuJ7DZpDj0,Ferrari77,Clairen,Lentini,Absa,Blazing Battlefield #10,Winners Quarterfinals,2026-05-12 04:34:05+00:00
https://www.youtube.com/watch?v=QGLR4mmOyko,Ferrari77,Clairen,Puppywife,Clairen,Blazing Battlefield #10,Winners Round 2,2026-05-12 04:34:47+00:00
https://www.youtube.com/watch?v=OSssHuT-E6A,Riveriver,Fleet,SteveReen,Orcane,Blazing Battlefield #10,Winners Semifinals,2026-05-12 23:31:25+00:00
https://www.youtube.com/watch?v=F1foEqFioGo,waddlespch,Zetterburn,JGamer,Etalus,Straight Into The Abyss #49,Wnrs Rd 1,2026-05-14 13:03:41+00:00
https://www.youtube.com/watch?v=jnOH8gkS3m4,RachnerasBoyToy,La Reina,ProZ,Maypul,Straight Into The Abyss #49,Wnrs Rd 2,2026-05-14 13:04:49+00:00
https://www.youtube.com/watch?v=oap3L0k5kbI,the problem causer,Orcane,Gab,La Reina,Straight Into The Abyss #49,Wnrs Rd 2,2026-05-14 13:05:17+00:00
https://www.youtube.com/watch?v=MCvtNVDJuhg,Viviana,Galvan,waddlespch,Zetterburn,Straight Into The Abyss #49,Wnrs Qrts,2026-05-14 13:05:44+00:00
https://www.youtube.com/watch?v=v_p-IpKoOzU,Sophilo,Zetterburn,Shard,Fleet,Straight Into The Abyss #49,Wnrs Semi,2026-05-14 13:06:16+00:00
https://www.youtube.com/watch?v=dQ_qAen_gEw,waddlespch,Zetterburn,SapphireGD,Zetterburn,Straight Into The Abyss #49,Wnrs Semi,2026-05-14 13:06:50+00:00
https://www.youtube.com/watch?v=y18r3rc9uc0,Sophilo,Zetterburn,SapphireGD,Zetterburn,Straight Into The Abyss #49,Wnrs Final,2026-05-14 13:07:20+00:00
https://www.youtube.com/watch?v=cIoIVVRxfls,Shard,Fleet,Turnap,Ranno,Straight Into The Abyss #49,Lsrs Qrts,2026-05-14 13:07:43+00:00
https://www.youtube.com/watch?v=dOYv2r-a7qs,Shard,Fleet,ProZ,Maypul,Straight Into The Abyss #49,Lsrs Semi,2026-05-14 13:08:13+00:00
https://www.youtube.com/watch?v=BRB5xVeIPcY,SapphireGD,Zetterburn,Shard,Fleet,Straight Into The Abyss #49,Lsrs Final,2026-05-14 13:08:37+00:00
https://www.youtube.com/watch?v=02OAOdE-lYU,Sophilo,Zetterburn,SapphireGD,Zetterburn,Straight Into The Abyss #49,Grand Final,2026-05-14 13:09:02+00:00
https://www.youtube.com/watch?v=Q0QJdp8FYHo,Ahntye,Ranno,Brilliant,Fleet,The Hangout #2,Winners Round 1,2026-05-09 16:00:00+00:00
https://www.youtube.com/watch?v=dx3eX_NIARE,Jekrix_Lokan,Olympia,GTFOmysteak,Clairen,The Hangout #2,Winners Round 1,2026-05-09 16:01:00+00:00
https://www.youtube.com/watch?v=jm-cMpVNPUQ,PTM | Ikigai,Forsburn,Hoxton,Olympia,The Hangout #2,Winners Round 1,2026-05-09 16:02:00+00:00
https://www.youtube.com/watch?v=m6sEcvSQgOU,SkyGuy,Olympia,Uxer,Clairen,The Hangout #2,Winners Round 1,2026-05-09 16:03:00+00:00
https://www.youtube.com/watch?v=oJxTCtJC-MA,Thel,Fleet,Ani,Fleet,The Hangout #2,Winners Round 1,2026-05-09 16:04:00+00:00
https://www.youtube.com/watch?v=sBFBNoA1F2k,Shadowwiz,Maypul,Brujita,Clairen,The Hangout #2,Winners Round 1,2026-05-09 16:05:00+00:00
https://www.youtube.com/watch?v=Dwh8ioc1afo,Brujita,Clairen,Jekrix_Lokan,Olympia,The Hangout #2,Losers Round 1,2026-05-09 16:06:00+00:00
https://www.youtube.com/watch?v=VniO_PkNMLA,SkyGuy,Zetterburn,Brilliant,Fleet,The Hangout #2,Losers Round 1,2026-05-09 16:07:00+00:00
https://www.youtube.com/watch?v=yW9snch4qmM,Shadowwiz,Maypul,GTFOmysteak,Clairen,The Hangout #2,Losers Round 1,2026-05-09 16:08:00+00:00
https://www.youtube.com/watch?v=4e6DTU5HIPc,Joule Thief,Fleet,Shadowwiz,Maypul,The Hangout #2,Winners Round 2,2026-05-09 16:09:00+00:00
https://www.youtube.com/watch?v=GHLKoCw1I7o,FizzyBrax | Potatoes,La Reina,PTM | Ikigai,Forsburn,The Hangout #2,Winners Round 2,2026-05-09 16:10:00+00:00
https://www.youtube.com/watch?v=dN81K4gyiK4,ravel | Nothigh,Loxodont,SkyGuy,Olympia,The Hangout #2,Winners Round 2,2026-05-09 16:11:00+00:00
https://www.youtube.com/watch?v=ddt3QkcS0Eo,threeleggeddog,Krag,Ani,Fleet,The Hangout #2,Winners Round 2,2026-05-09 16:12:00+00:00
https://www.youtube.com/watch?v=ebhSt7z1AXY,AQUA | SaintPat,Kragg,Jekrix_Lokan,Olympia,The Hangout #2,Winners Round 2,2026-05-09 16:13:00+00:00
https://www.youtube.com/watch?v=hTRuPmrn9Xw,jugeeya,Fleet,Ahntye,Ranno,The Hangout #2,Winners Round 2,2026-05-09 16:14:00+00:00
https://www.youtube.com/watch?v=jnZn-lOrnJY,Kimchi,Zetterburn,WIT | C.Robin,Loxodont,The Hangout #2,Winners Round 2,2026-05-09 16:15:00+00:00
https://www.youtube.com/watch?v=x52Et05IvJA,CCuppy,Orcane,ChefQ,Galvan,The Hangout #2,Winners Round 2,2026-05-09 16:16:00+00:00
https://www.youtube.com/watch?v=DnF8apqqP88,CCuppy,Orcane,SkyGuy,Olympia,The Hangout #2,Losers Round 2,2026-05-09 16:17:00+00:00
https://www.youtube.com/watch?v=GgVmrPoGx4s,PTM | Ikigai,Forsburn,Shadowwiz,Maypul,The Hangout #2,Losers Round 2,2026-05-09 16:18:00+00:00
https://www.youtube.com/watch?v=RQRIDvKfn1w,Ani,Fleet,Ahntye,Ranno,The Hangout #2,Losers Round 2,2026-05-09 16:19:00+00:00
https://www.youtube.com/watch?v=lpOg4lllWOk,Rex,Loxodont,Jekrix_Lokan,Olympia,The Hangout #2,Losers Round 2,2026-05-09 16:20:00+00:00
https://www.youtube.com/watch?v=EQe0IF0uV-k,ravel | Nothigh,Loxodont,ChefQ,Galvan,The Hangout #2,Winners Quarter-Final,2026-05-09 16:21:00+00:00
https://www.youtube.com/watch?v=z4MqO9S_yUw,FizzyBrax | Potatoes,Loxodont,Joule Thief,Fleet,The Hangout #2,Winners Quarter-Final,2026-05-09 16:22:00+00:00
https://www.youtube.com/watch?v=7UrK19MQA_o,Joule Thief,Fleet,Ahntye,Ranno,The Hangout #2,Losers Round 3,2026-05-09 16:23:00+00:00
https://www.youtube.com/watch?v=FBOASjr_8w4,jugeeya,Fleet,Shadowwiz,Maypul,The Hangout #2,Losers Round 3,2026-05-09 16:24:00+00:00
https://www.youtube.com/watch?v=GdfjC0OTtuw,ravel | Nothigh,Loxodont,Rex,Loxodont,The Hangout #2,Losers Round 3,2026-05-09 16:25:00+00:00
https://www.youtube.com/watch?v=fgoNpOlntl0,CCuppy,Orcane,C.Robin,Loxodont,The Hangout #2,Losers Round 3,2026-05-09 16:26:00+00:00
https://www.youtube.com/watch?v=6P9CduKfA8s,Joule Thief,Fleet,ravel | Nothigh,Loxodont,The Hangout #2,Losers Round 4,2026-05-09 16:27:00+00:00
https://www.youtube.com/watch?v=LDHxEhrxWVw,jugeeya,Fleet,WIT | C.Robin,Loxodont,The Hangout #2,Losers Round 4,2026-05-09 16:28:00+00:00
https://www.youtube.com/watch?v=dUcwgnH8Bjs,FizzyBrax | Potatoes,Loxodont,ChefQ,Galvan,The Hangout #2,Winners Semi-Final,2026-05-09 16:29:00+00:00
https://www.youtube.com/watch?v=jD8ioRZ8l5s,AQUA | SaintPat,Kragg,1mfg | threeleggeddog,Kragg,The Hangout #2,Winners Semi-Final,2026-05-09 16:30:00+00:00
https://www.youtube.com/watch?v=C0myVM-VcBY,jugeeya,Fleet,FizzyBrax | Potatoes,Loxodont,The Hangout #2,Losers Quarter-Final,2026-05-09 16:31:00+00:00
https://www.youtube.com/watch?v=KE3k2Rvs3ZU,ravel | Nothigh,Loxodont,1mfg | threeleggeddog,Kragg,The Hangout #2,Losers Quarter-Final,2026-05-09 16:32:00+00:00
https://www.youtube.com/watch?v=mlTd6O4LCyQ,FizzyBrax | Potatoes,Loxodont,ravel | Nothigh,Loxodont,The Hangout #2,Losers Semi-Final,2026-05-09 16:33:00+00:00
https://www.youtube.com/watch?v=GL5sh1EicWs,AQUA | SaintPat,Kragg,ChefQ,Galvan,The Hangout #2,Winners Final,2026-05-09 16:34:00+00:00
https://www.youtube.com/watch?v=ElsC0tKolqU,FizzyBrax | Potatoes,Loxodont,ChefQ,Galvan,The Hangout #2,Losers Final,2026-05-09 16:35:00+00:00
https://www.youtube.com/watch?v=V1fslMNlJrg,FizzyBrax | Potatoes,Loxodont,AQUA | SaintPat,Kragg,The Hangout #2,Grand Final,2026-05-09 16:36:00+00:00
